Transaction.ID,Customer.ID,Category,Item,Price.Per.Unit,Quantity,Total.Spent,Payment.Method,Location,Transaction.Date,Discount.Applied
TXN_6867343,CUST_09,Patisserie,Item_10_PAT,18.5,10,185,Digital Wallet,Online,8/4/2024,TRUE
TXN_3731986,CUST_22,Milk Products,Item_17_MILK,29,9,261,Digital Wallet,Online,23/07/2023,TRUE
TXN_9303719,CUST_02,Butchers,Item_12_BUT,21.5,2,43,Credit Card,Online,5/10/2022,FALSE
TXN_4575373,CUST_05,Food,Item_6_FOOD,12.5,7,87.5,Digital Wallet,Online,2/10/2022,FALSE
TXN_3652209,CUST_07,Food,Item_1_FOOD,5,8,40,Credit Card,In-Store,10/6/2023,TRUE
TXN_9728486,CUST_23,Furniture,Item_16_FUR,27.5,1,27.5,Credit Card,In-Store,26/04/2023,FALSE
TXN_2722661,CUST_25,Butchers,Item_22_BUT,36.5,3,109.5,Cash,Online,14/03/2024,FALSE
TXN_8776416,CUST_22,Butchers,Item_3_BUT,8,9,72,Cash,In-Store,14/12/2024,TRUE
TXN_5874772,CUST_23,Food,Item_2_FOOD,6.5,7,45.5,Cash,Online,9/9/2023,TRUE
TXN_4413070,CUST_14,Patisserie,Item_24_PAT,39.5,6,237,Digital Wallet,In-Store,20/05/2022,FALSE
TXN_7563311,CUST_23,Patisserie,Item_17_PAT,29,8,232,Cash,Online,16/11/2024,TRUE
TXN_4396807,CUST_17,Electric Household Essentials,Item_13_EHE,23,1,23,Digital Wallet,In-Store,7/2/2022,FALSE
TXN_3314099,CUST_04,Food,Item_10_FOOD,18.5,1,18.5,Cash,Online,30/09/2023,FALSE
TXN_9980736,CUST_13,Furniture,Item_14_FUR,24.5,2,49,Cash,Online,29/08/2023,FALSE
TXN_9057609,CUST_18,Butchers,Item_20_BUT,33.5,4,134,Credit Card,In-Store,16/03/2022,TRUE
TXN_1599706,CUST_14,Furniture,Item_25_FUR,41,10,410,Credit Card,In-Store,24/03/2024,TRUE
TXN_1598860,CUST_08,Food,Item_14_FOOD,24.5,10,245,Cash,In-Store,23/10/2022,TRUE
TXN_7138501,CUST_18,Patisserie,Item_22_PAT,36.5,5,182.5,Credit Card,In-Store,10/3/2022,FALSE
TXN_5444504,CUST_05,Food,Item_11_FOOD,20,10,200,Digital Wallet,Online,26/04/2022,FALSE
TXN_4353295,CUST_22,Patisserie,Item_6_PAT,12.5,8,100,Credit Card,Online,5/4/2022,TRUE
TXN_6398436,CUST_15,Beverages,Item_25_BEV,41,7,287,Credit Card,In-Store,3/6/2024,TRUE
TXN_9065245,CUST_02,Food,Item_23_FOOD,38,2,76,Digital Wallet,In-Store,10/3/2024,FALSE
TXN_6963438,CUST_11,Furniture,Item_10_FUR,18.5,5,92.5,Credit Card,Online,23/04/2024,TRUE
TXN_5836005,CUST_19,Butchers,Item_23_BUT,38,5,190,Credit Card,In-Store,19/10/2024,FALSE
TXN_4223250,CUST_16,Beverages,Item_22_BEV,36.5,7,255.5,Cash,Online,31/05/2023,TRUE
TXN_9587232,CUST_20,Food,Item_12_FOOD,21.5,5,107.5,Digital Wallet,Online,28/02/2023,TRUE
TXN_6404316,CUST_04,Computers And Electric Accessories,Item_16_CEA,27.5,6,165,Credit Card,Online,6/4/2022,FALSE
TXN_9331642,CUST_12,Patisserie,Item_11_PAT,20,4,80,Credit Card,Online,6/7/2022,TRUE
TXN_9729422,CUST_13,Butchers,Item_16_BUT,27.5,6,165,Credit Card,Online,31/12/2024,TRUE
TXN_5379241,CUST_05,Butchers,Item_20_BUT,33.5,10,335,Credit Card,In-Store,12/4/2023,FALSE
TXN_8413369,CUST_23,Computers And Electric Accessories,Item_5_CEA,11,6,66,Credit Card,Online,9/3/2024,TRUE
TXN_4836321,CUST_21,Food,Item_12_FOOD,21.5,10,215,Digital Wallet,In-Store,14/01/2023,FALSE
TXN_8218431,CUST_01,Furniture,Item_23_FUR,38,5,190,Digital Wallet,Online,29/04/2023,FALSE
TXN_7909783,CUST_12,Computers And Electric Accessories,Item_5_CEA,11,1,11,Credit Card,Online,17/12/2023,TRUE
TXN_5046007,CUST_07,Computers And Electric Accessories,Item_15_CEA,26,9,234,Cash,Online,22/07/2024,TRUE
TXN_3424571,CUST_09,Milk Products,Item_6_MILK,12.5,7,87.5,Credit Card,Online,13/01/2023,FALSE
TXN_6820452,CUST_10,Computers And Electric Accessories,Item_24_CEA,39.5,8,316,Credit Card,In-Store,18/04/2023,FALSE
TXN_1998771,CUST_25,Milk Products,Item_16_MILK,27.5,3,82.5,Digital Wallet,Online,7/11/2024,TRUE
TXN_1132097,CUST_24,Patisserie,Item_11_PAT,20,9,180,Credit Card,In-Store,18/05/2023,TRUE
TXN_5418871,CUST_04,Computers And Electric Accessories,Item_22_CEA,36.5,7,255.5,Cash,In-Store,16/03/2022,FALSE
TXN_6952276,CUST_01,Food,Item_22_FOOD,36.5,10,365,Credit Card,Online,2/8/2024,TRUE
TXN_5885894,CUST_01,Patisserie,Item_14_PAT,24.5,10,245,Credit Card,In-Store,9/2/2022,FALSE
TXN_3671271,CUST_18,Patisserie,Item_12_PAT,21.5,8,172,Cash,In-Store,27/11/2023,FALSE
TXN_9908330,CUST_19,Food,Item_18_FOOD,30.5,4,122,Credit Card,Online,29/09/2022,TRUE
TXN_2016332,CUST_17,Patisserie,Item_1_PAT,5,6,30,Digital Wallet,Online,17/12/2022,TRUE
TXN_1260450,CUST_25,Furniture,Item_22_FUR,36.5,10,365,Digital Wallet,In-Store,24/12/2023,TRUE
TXN_6315447,CUST_21,Patisserie,Item_7_PAT,14,9,126,Digital Wallet,In-Store,12/1/2025,FALSE
TXN_5973228,CUST_12,Beverages,Item_7_BEV,14,6,84,Digital Wallet,Online,25/12/2023,TRUE
TXN_1142481,CUST_02,Beverages,Item_22_BEV,36.5,6,219,Cash,In-Store,7/2/2023,TRUE
TXN_1061030,CUST_20,Computers And Electric Accessories,Item_22_CEA,36.5,4,146,Digital Wallet,Online,14/07/2024,TRUE
TXN_8114453,CUST_10,Electric Household Essentials,Item_21_EHE,35,2,70,Digital Wallet,In-Store,9/5/2023,FALSE
TXN_8024803,CUST_09,Furniture,Item_11_FUR,20,8,160,Digital Wallet,In-Store,22/08/2024,FALSE
TXN_5062634,CUST_04,Patisserie,Item_25_PAT,41,2,82,Credit Card,Online,6/7/2023,TRUE
TXN_2646301,CUST_18,Furniture,Item_24_FUR,39.5,9,355.5,Credit Card,In-Store,7/12/2022,FALSE
TXN_8322008,CUST_22,Food,Item_4_FOOD,9.5,3,28.5,Cash,In-Store,20/08/2024,FALSE
TXN_3035546,CUST_19,Beverages,Item_14_BEV,24.5,2,49,Credit Card,In-Store,12/7/2023,TRUE
TXN_8414071,CUST_20,Patisserie,Item_12_PAT,21.5,9,193.5,Cash,In-Store,2/5/2023,TRUE
TXN_5705131,CUST_19,Milk Products,Item_4_MILK,9.5,4,38,Digital Wallet,Online,27/03/2024,TRUE
TXN_5938028,CUST_18,Computers And Electric Accessories,Item_7_CEA,14,1,14,Digital Wallet,Online,20/02/2023,TRUE
TXN_9619859,CUST_01,Butchers,Item_21_BUT,35,4,140,Cash,In-Store,5/4/2024,FALSE
TXN_6158929,CUST_21,Food,Item_11_FOOD,20,6,120,Cash,Online,29/01/2022,TRUE
TXN_5328604,CUST_07,Food,Item_20_FOOD,33.5,10,335,Cash,Online,8/7/2024,FALSE
TXN_4324641,CUST_01,Patisserie,Item_16_PAT,27.5,6,165,Cash,In-Store,7/11/2023,FALSE
TXN_2940500,CUST_06,Computers And Electric Accessories,Item_25_CEA,41,1,41,Cash,In-Store,5/11/2024,FALSE
TXN_1945960,CUST_09,Butchers,Item_8_BUT,15.5,10,155,Digital Wallet,In-Store,6/4/2023,FALSE
TXN_8219228,CUST_17,Computers And Electric Accessories,Item_10_CEA,18.5,5,92.5,Cash,Online,27/05/2022,FALSE
TXN_5471094,CUST_14,Butchers,Item_2_BUT,6.5,3,19.5,Digital Wallet,In-Store,24/08/2022,FALSE
TXN_9255329,CUST_01,Furniture,Item_25_FUR,41,7,287,Digital Wallet,In-Store,2/3/2022,FALSE
TXN_9279462,CUST_25,Furniture,Item_5_FUR,11,3,33,Credit Card,In-Store,5/2/2022,FALSE
TXN_4372655,CUST_08,Food,Item_9_FOOD,17,7,119,Cash,In-Store,3/11/2024,FALSE
TXN_7655704,CUST_11,Computers And Electric Accessories,Item_21_CEA,35,8,280,Digital Wallet,Online,8/8/2022,TRUE
TXN_6908058,CUST_25,Computers And Electric Accessories,Item_8_CEA,15.5,10,155,Cash,In-Store,22/07/2023,FALSE
TXN_3208232,CUST_25,Electric Household Essentials,Item_8_EHE,15.5,4,62,Digital Wallet,In-Store,13/01/2024,FALSE
TXN_2212643,CUST_09,Food,Item_3_FOOD,8,4,32,Credit Card,In-Store,29/12/2022,FALSE
TXN_3403695,CUST_25,Beverages,Item_23_BEV,38,8,304,Cash,Online,27/09/2024,TRUE
TXN_9940030,CUST_25,Beverages,Item_19_BEV,32,6,192,Credit Card,In-Store,19/01/2022,TRUE
TXN_6195024,CUST_13,Beverages,Item_20_BEV,33.5,5,167.5,Cash,Online,9/8/2024,FALSE
TXN_5243520,CUST_13,Patisserie,Item_10_PAT,18.5,5,92.5,Cash,In-Store,16/05/2024,FALSE
TXN_6923419,CUST_17,Furniture,Item_5_FUR,11,8,88,Digital Wallet,Online,28/06/2022,FALSE
TXN_6989569,CUST_11,Milk Products,Item_21_MILK,35,2,70,Credit Card,In-Store,17/01/2022,FALSE
TXN_5647023,CUST_12,Furniture,Item_24_FUR,39.5,4,158,Digital Wallet,In-Store,14/04/2022,TRUE
TXN_8049831,CUST_18,Beverages,Item_6_BEV,12.5,2,25,Cash,In-Store,5/1/2023,FALSE
TXN_3831408,CUST_18,Milk Products,Item_1_MILK,5,10,50,Digital Wallet,Online,11/2/2022,TRUE
TXN_3519817,CUST_22,Butchers,Item_18_BUT,30.5,4,122,Digital Wallet,Online,14/06/2022,TRUE
TXN_4801202,CUST_16,Furniture,Item_1_FUR,5,3,15,Digital Wallet,Online,31/05/2024,FALSE
TXN_5111184,CUST_19,Milk Products,Item_11_MILK,20,6,120,Credit Card,Online,18/07/2024,TRUE
TXN_1499774,CUST_07,Butchers,Item_3_BUT,8,5,40,Credit Card,In-Store,15/12/2022,TRUE
TXN_2565828,CUST_21,Food,Item_24_FOOD,39.5,10,395,Credit Card,Online,18/02/2022,FALSE
TXN_6312937,CUST_14,Computers And Electric Accessories,Item_13_CEA,23,2,46,Digital Wallet,In-Store,9/2/2024,FALSE
TXN_8775503,CUST_08,Computers And Electric Accessories,Item_6_CEA,12.5,2,25,Digital Wallet,In-Store,11/10/2024,FALSE
TXN_4947386,CUST_13,Food,Item_18_FOOD,30.5,10,305,Cash,Online,12/11/2024,FALSE
TXN_4276451,CUST_17,Beverages,Item_22_BEV,36.5,1,36.5,Credit Card,Online,27/05/2024,FALSE
TXN_3380295,CUST_08,Beverages,Item_6_BEV,12.5,5,62.5,Cash,Online,8/2/2023,FALSE
TXN_8616546,CUST_09,Beverages,Item_21_BEV,35,8,280,Credit Card,Online,1/4/2023,TRUE
TXN_5046818,CUST_02,Butchers,Item_22_BUT,36.5,6,219,Digital Wallet,In-Store,3/7/2024,FALSE
TXN_4626993,CUST_24,Butchers,Item_13_BUT,23,7,161,Credit Card,Online,23/08/2023,FALSE
TXN_5256349,CUST_25,Beverages,Item_2_BEV,6.5,4,26,Digital Wallet,Online,27/09/2022,FALSE
TXN_9209383,CUST_12,Electric Household Essentials,Item_7_EHE,14,9,126,Credit Card,In-Store,16/09/2024,FALSE
TXN_2196324,CUST_11,Butchers,Item_21_BUT,35,9,315,Cash,In-Store,8/2/2024,TRUE
TXN_7020797,CUST_22,Food,Item_9_FOOD,17,5,85,Digital Wallet,In-Store,20/04/2024,FALSE
TXN_7594834,CUST_22,Furniture,Item_25_FUR,41,1,41,Credit Card,In-Store,16/03/2024,FALSE
TXN_3229559,CUST_02,Beverages,Item_7_BEV,14,9,126,Digital Wallet,Online,2/12/2022,TRUE
TXN_8283332,CUST_16,Beverages,Item_23_BEV,38,6,228,Cash,Online,13/11/2023,FALSE
TXN_5205620,CUST_17,Patisserie,Item_11_PAT,20,7,140,Cash,In-Store,26/06/2023,TRUE
TXN_4448047,CUST_03,Milk Products,Item_8_MILK,15.5,6,93,Credit Card,Online,15/06/2022,FALSE
TXN_2163190,CUST_20,Patisserie,Item_16_PAT,27.5,2,55,Digital Wallet,Online,30/05/2022,TRUE
TXN_3338914,CUST_16,Food,Item_20_FOOD,33.5,10,335,Digital Wallet,Online,29/05/2024,FALSE
TXN_8959624,CUST_09,Milk Products,Item_1_MILK,5,7,35,Digital Wallet,Online,18/12/2024,FALSE
TXN_9760482,CUST_07,Computers And Electric Accessories,Item_11_CEA,20,9,180,Digital Wallet,In-Store,6/1/2023,TRUE
TXN_8136588,CUST_07,Milk Products,Item_16_MILK,27.5,7,192.5,Digital Wallet,In-Store,24/10/2022,FALSE
TXN_4844684,CUST_20,Butchers,Item_20_BUT,33.5,5,167.5,Digital Wallet,Online,23/07/2022,FALSE
TXN_9882772,CUST_09,Furniture,Item_17_FUR,29,9,261,Cash,Online,7/8/2023,TRUE
TXN_9896056,CUST_10,Electric Household Essentials,Item_20_EHE,33.5,3,100.5,Digital Wallet,Online,29/12/2022,TRUE
TXN_3135312,CUST_11,Electric Household Essentials,Item_16_EHE,27.5,10,275,Cash,Online,27/09/2022,TRUE
TXN_4879766,CUST_13,Computers And Electric Accessories,Item_20_CEA,33.5,4,134,Digital Wallet,Online,3/6/2023,FALSE
TXN_5822350,CUST_16,Electric Household Essentials,Item_23_EHE,38,1,38,Cash,In-Store,21/03/2022,TRUE
TXN_2755139,CUST_21,Milk Products,Item_4_MILK,9.5,1,9.5,Digital Wallet,Online,19/12/2023,FALSE
TXN_8960682,CUST_25,Electric Household Essentials,Item_1_EHE,5,2,10,Cash,Online,10/6/2023,FALSE
TXN_8973416,CUST_13,Butchers,Item_13_BUT,23,6,138,Cash,In-Store,10/9/2022,TRUE
TXN_5487046,CUST_22,Computers And Electric Accessories,Item_19_CEA,32,9,288,Cash,Online,6/6/2022,FALSE
TXN_5945222,CUST_04,Butchers,Item_20_BUT,33.5,5,167.5,Digital Wallet,In-Store,11/8/2024,FALSE
TXN_1334483,CUST_17,Computers And Electric Accessories,Item_11_CEA,20,3,60,Cash,Online,17/07/2023,FALSE
TXN_8777313,CUST_20,Food,Item_25_FOOD,41,3,123,Digital Wallet,In-Store,20/04/2023,FALSE
TXN_2690179,CUST_12,Electric Household Essentials,Item_12_EHE,21.5,2,43,Digital Wallet,In-Store,9/9/2023,TRUE
TXN_2795990,CUST_03,Electric Household Essentials,Item_22_EHE,36.5,2,73,Digital Wallet,In-Store,15/07/2024,FALSE
TXN_2438514,CUST_15,Patisserie,Item_13_PAT,23,3,69,Digital Wallet,Online,13/02/2024,TRUE
TXN_6229786,CUST_04,Food,Item_18_FOOD,30.5,2,61,Cash,In-Store,20/01/2022,FALSE
TXN_6490151,CUST_08,Computers And Electric Accessories,Item_21_CEA,35,4,140,Digital Wallet,In-Store,17/10/2024,FALSE
TXN_9331694,CUST_13,Computers And Electric Accessories,Item_2_CEA,6.5,8,52,Credit Card,Online,9/12/2023,FALSE
TXN_8547389,CUST_11,Electric Household Essentials,Item_17_EHE,29,4,116,Cash,Online,26/05/2022,FALSE
TXN_7324151,CUST_16,Computers And Electric Accessories,Item_21_CEA,35,2,70,Credit Card,In-Store,30/08/2024,FALSE
TXN_6590263,CUST_14,Patisserie,Item_1_PAT,5,7,35,Digital Wallet,Online,11/12/2024,FALSE
TXN_2251132,CUST_20,Food,Item_6_FOOD,12.5,4,50,Cash,Online,15/07/2024,FALSE
TXN_1048755,CUST_05,Butchers,Item_25_BUT,41,3,123,Credit Card,Online,6/10/2024,TRUE
TXN_2530704,CUST_25,Butchers,Item_23_BUT,38,2,76,Digital Wallet,In-Store,4/1/2024,FALSE
TXN_1722933,CUST_20,Computers And Electric Accessories,Item_21_CEA,35,7,245,Cash,Online,12/8/2023,FALSE
TXN_5846723,CUST_05,Patisserie,Item_10_PAT,18.5,3,55.5,Cash,In-Store,28/01/2024,FALSE
TXN_8759839,CUST_10,Milk Products,Item_2_MILK,6.5,1,6.5,Digital Wallet,Online,3/6/2024,FALSE
TXN_2202698,CUST_16,Milk Products,Item_8_MILK,15.5,6,93,Digital Wallet,In-Store,18/08/2022,FALSE
TXN_7296074,CUST_23,Computers And Electric Accessories,Item_18_CEA,30.5,5,152.5,Credit Card,Online,9/10/2022,TRUE
TXN_3866783,CUST_12,Food,Item_25_FOOD,41,3,123,Credit Card,In-Store,27/03/2022,FALSE
TXN_9048177,CUST_08,Patisserie,Item_6_PAT,12.5,2,25,Digital Wallet,In-Store,3/11/2023,FALSE
TXN_8842339,CUST_22,Beverages,Item_12_BEV,21.5,8,172,Digital Wallet,In-Store,14/05/2023,FALSE
TXN_6288602,CUST_12,Butchers,Item_21_BUT,35,8,280,Credit Card,In-Store,28/11/2023,TRUE
TXN_5488509,CUST_21,Butchers,Item_16_BUT,27.5,7,192.5,Digital Wallet,Online,12/2/2022,FALSE
TXN_8503614,CUST_12,Electric Household Essentials,Item_21_EHE,35,3,105,Credit Card,Online,14/12/2022,TRUE
TXN_7443511,CUST_08,Milk Products,Item_1_MILK,5,2,10,Digital Wallet,Online,7/5/2023,TRUE
TXN_4394615,CUST_20,Milk Products,Item_4_MILK,9.5,2,19,Credit Card,In-Store,20/10/2024,FALSE
TXN_3557501,CUST_08,Food,Item_3_FOOD,8,6,48,Credit Card,In-Store,10/1/2024,FALSE
TXN_9827245,CUST_02,Electric Household Essentials,Item_21_EHE,35,5,175,Digital Wallet,Online,12/4/2022,FALSE
TXN_4731761,CUST_17,Beverages,Item_6_BEV,12.5,3,37.5,Credit Card,In-Store,19/08/2024,FALSE
TXN_8186195,CUST_20,Beverages,Item_8_BEV,15.5,5,77.5,Digital Wallet,Online,19/02/2023,TRUE
TXN_1536301,CUST_14,Food,Item_10_FOOD,18.5,7,129.5,Cash,In-Store,12/6/2023,FALSE
TXN_4476611,CUST_13,Food,Item_14_FOOD,24.5,6,147,Credit Card,Online,1/3/2023,TRUE
TXN_4547031,CUST_18,Patisserie,Item_6_PAT,12.5,3,37.5,Cash,In-Store,27/03/2024,FALSE
TXN_6923046,CUST_11,Butchers,Item_12_BUT,21.5,1,21.5,Credit Card,Online,22/08/2023,FALSE
TXN_5461118,CUST_03,Butchers,Item_8_BUT,15.5,3,46.5,Credit Card,In-Store,20/08/2024,TRUE
TXN_8574406,CUST_16,Furniture,Item_8_FUR,15.5,5,77.5,Credit Card,In-Store,23/05/2024,TRUE
TXN_4459526,CUST_11,Milk Products,Item_3_MILK,8,9,72,Cash,In-Store,3/1/2022,FALSE
TXN_7160998,CUST_13,Computers And Electric Accessories,Item_1_CEA,5,7,35,Credit Card,Online,8/2/2022,TRUE
TXN_9684703,CUST_15,Computers And Electric Accessories,Item_6_CEA,12.5,1,12.5,Digital Wallet,In-Store,5/2/2024,FALSE
TXN_8878269,CUST_05,Computers And Electric Accessories,Item_19_CEA,32,4,128,Cash,In-Store,8/12/2024,FALSE
TXN_5481124,CUST_03,Furniture,Item_15_FUR,26,9,234,Cash,In-Store,14/01/2022,FALSE
TXN_3191741,CUST_01,Patisserie,Item_15_PAT,26,9,234,Digital Wallet,In-Store,17/11/2024,FALSE
TXN_5072173,CUST_23,Computers And Electric Accessories,Item_10_CEA,18.5,7,129.5,Digital Wallet,Online,21/09/2024,TRUE
TXN_5293933,CUST_20,Computers And Electric Accessories,Item_5_CEA,11,5,55,Cash,In-Store,6/12/2022,FALSE
TXN_7801513,CUST_01,Electric Household Essentials,Item_5_EHE,11,6,66,Digital Wallet,In-Store,21/09/2022,TRUE
TXN_1729525,CUST_08,Beverages,Item_23_BEV,38,7,266,Digital Wallet,In-Store,10/11/2022,FALSE
TXN_2593560,CUST_07,Butchers,Item_13_BUT,23,6,138,Cash,In-Store,7/7/2023,TRUE
TXN_6961502,CUST_13,Butchers,Item_17_BUT,29,1,29,Digital Wallet,In-Store,9/11/2022,FALSE
TXN_8817119,CUST_22,Butchers,Item_20_BUT,33.5,5,167.5,Credit Card,Online,27/04/2024,TRUE
TXN_5438923,CUST_03,Milk Products,Item_24_MILK,39.5,4,158,Credit Card,Online,21/07/2023,FALSE
TXN_8714034,CUST_09,Electric Household Essentials,Item_6_EHE,12.5,4,50,Digital Wallet,In-Store,7/1/2023,TRUE
TXN_5960646,CUST_21,Beverages,Item_3_BEV,8,8,64,Digital Wallet,Online,18/03/2024,TRUE
TXN_1839621,CUST_01,Butchers,Item_8_BUT,15.5,1,15.5,Digital Wallet,Online,7/4/2024,TRUE
TXN_5944361,CUST_01,Milk Products,Item_19_MILK,32,4,128,Credit Card,In-Store,10/10/2022,FALSE
TXN_7159417,CUST_11,Food,Item_13_FOOD,23,5,115,Cash,In-Store,14/03/2024,FALSE
TXN_3759367,CUST_18,Beverages,Item_19_BEV,32,1,32,Digital Wallet,In-Store,7/5/2023,TRUE
TXN_1676564,CUST_12,Furniture,Item_2_FUR,6.5,6,39,Digital Wallet,Online,18/06/2024,TRUE
TXN_7493896,CUST_11,Electric Household Essentials,Item_11_EHE,20,4,80,Cash,In-Store,7/12/2024,TRUE
TXN_2080115,CUST_18,Butchers,Item_24_BUT,39.5,7,276.5,Cash,Online,5/1/2024,TRUE
TXN_2634868,CUST_13,Patisserie,Item_11_PAT,20,4,80,Cash,In-Store,26/06/2024,FALSE
TXN_9937190,CUST_23,Food,Item_13_FOOD,23,3,69,Digital Wallet,In-Store,14/07/2023,FALSE
TXN_9222292,CUST_15,Furniture,Item_24_FUR,39.5,9,355.5,Digital Wallet,In-Store,25/12/2024,FALSE
TXN_5275517,CUST_10,Food,Item_17_FOOD,29,8,232,Cash,Online,29/11/2024,TRUE
TXN_5343433,CUST_20,Computers And Electric Accessories,Item_19_CEA,32,7,224,Credit Card,Online,11/12/2022,TRUE
TXN_7425133,CUST_03,Patisserie,Item_20_PAT,33.5,10,335,Cash,In-Store,21/05/2024,FALSE
TXN_8793391,CUST_16,Beverages,Item_2_BEV,6.5,8,52,Credit Card,Online,14/04/2024,TRUE
TXN_3357122,CUST_05,Butchers,Item_22_BUT,36.5,2,73,Credit Card,Online,19/02/2024,FALSE
TXN_8846811,CUST_21,Butchers,Item_21_BUT,35,1,35,Digital Wallet,Online,6/9/2022,FALSE
TXN_6576457,CUST_19,Patisserie,Item_9_PAT,17,10,170,Credit Card,In-Store,17/03/2022,TRUE
TXN_6582130,CUST_03,Electric Household Essentials,Item_13_EHE,23,9,207,Digital Wallet,Online,25/12/2024,FALSE
TXN_2910621,CUST_02,Beverages,Item_10_BEV,18.5,10,185,Digital Wallet,In-Store,5/3/2023,FALSE
TXN_9627402,CUST_04,Butchers,Item_3_BUT,8,10,80,Cash,Online,23/02/2022,FALSE
TXN_5351535,CUST_23,Patisserie,Item_25_PAT,41,8,328,Cash,In-Store,15/10/2024,TRUE
TXN_4435938,CUST_05,Electric Household Essentials,Item_13_EHE,23,4,92,Credit Card,In-Store,6/8/2023,FALSE
TXN_9755626,CUST_25,Patisserie,Item_11_PAT,20,3,60,Digital Wallet,Online,31/01/2023,FALSE
TXN_1102128,CUST_22,Furniture,Item_5_FUR,11,3,33,Credit Card,In-Store,1/5/2024,FALSE
TXN_5823559,CUST_14,Furniture,Item_24_FUR,39.5,1,39.5,Digital Wallet,In-Store,17/01/2024,FALSE
TXN_6830801,CUST_14,Milk Products,Item_6_MILK,12.5,3,37.5,Credit Card,In-Store,20/05/2022,FALSE
TXN_7480229,CUST_06,Furniture,Item_24_FUR,39.5,6,237,Credit Card,In-Store,22/01/2022,TRUE
TXN_9970141,CUST_10,Electric Household Essentials,Item_1_EHE,5,3,15,Cash,In-Store,3/7/2023,FALSE
TXN_1841098,CUST_11,Food,Item_20_FOOD,33.5,2,67,Cash,In-Store,22/10/2023,FALSE
TXN_3456177,CUST_01,Butchers,Item_13_BUT,23,3,69,Credit Card,Online,23/06/2023,TRUE
TXN_8870473,CUST_17,Milk Products,Item_13_MILK,23,1,23,Credit Card,In-Store,29/05/2023,FALSE
TXN_9933625,CUST_25,Patisserie,Item_20_PAT,33.5,8,268,Cash,Online,2/11/2022,TRUE
TXN_3668440,CUST_21,Butchers,Item_3_BUT,8,2,16,Cash,In-Store,18/01/2022,TRUE
TXN_4255841,CUST_21,Computers And Electric Accessories,Item_22_CEA,36.5,9,328.5,Credit Card,Online,12/8/2023,FALSE
TXN_3717384,CUST_01,Food,Item_14_FOOD,24.5,6,147,Cash,In-Store,11/5/2023,FALSE
TXN_9616213,CUST_23,Furniture,Item_24_FUR,39.5,3,118.5,Credit Card,Online,11/3/2023,TRUE
TXN_6728454,CUST_08,Milk Products,Item_24_MILK,39.5,3,118.5,Credit Card,Online,17/10/2023,TRUE
TXN_4322217,CUST_21,Computers And Electric Accessories,Item_18_CEA,30.5,2,61,Digital Wallet,In-Store,23/11/2024,TRUE
TXN_2151215,CUST_02,Butchers,Item_5_BUT,11,4,44,Cash,In-Store,24/11/2023,FALSE
TXN_9987791,CUST_08,Milk Products,Item_22_MILK,36.5,2,73,Digital Wallet,In-Store,7/10/2022,TRUE
TXN_9659532,CUST_21,Furniture,Item_4_FUR,9.5,8,76,Cash,In-Store,8/1/2023,TRUE
TXN_6596970,CUST_25,Food,Item_12_FOOD,21.5,6,129,Credit Card,In-Store,29/10/2023,TRUE
TXN_1742336,CUST_08,Patisserie,Item_13_PAT,23,4,92,Credit Card,Online,8/3/2022,FALSE
TXN_2232768,CUST_02,Food,Item_20_FOOD,33.5,9,301.5,Digital Wallet,In-Store,29/09/2024,FALSE
TXN_4863238,CUST_13,Food,Item_11_FOOD,20,4,80,Credit Card,In-Store,16/11/2022,TRUE
TXN_7222601,CUST_18,Electric Household Essentials,Item_12_EHE,21.5,2,43,Cash,Online,10/9/2022,FALSE
TXN_7864933,CUST_24,Beverages,Item_17_BEV,29,1,29,Cash,In-Store,29/11/2022,TRUE
TXN_8228155,CUST_17,Butchers,Item_13_BUT,23,5,115,Credit Card,Online,19/08/2022,TRUE
TXN_9440172,CUST_20,Beverages,Item_25_BEV,41,9,369,Credit Card,In-Store,25/10/2023,FALSE
TXN_7436006,CUST_16,Patisserie,Item_8_PAT,15.5,7,108.5,Cash,In-Store,25/07/2023,TRUE
TXN_9978418,CUST_10,Butchers,Item_14_BUT,24.5,5,122.5,Digital Wallet,Online,24/02/2024,FALSE
TXN_6660687,CUST_02,Furniture,Item_17_FUR,29,9,261,Digital Wallet,Online,27/12/2024,FALSE
TXN_7647224,CUST_13,Milk Products,Item_1_MILK,5,7,35,Credit Card,In-Store,19/03/2022,TRUE
TXN_9671345,CUST_21,Furniture,Item_20_FUR,33.5,2,67,Cash,Online,13/09/2022,FALSE
TXN_6893703,CUST_13,Patisserie,Item_13_PAT,23,1,23,Credit Card,In-Store,3/9/2023,TRUE
TXN_5224257,CUST_08,Butchers,Item_6_BUT,12.5,9,112.5,Cash,Online,13/08/2022,FALSE
TXN_7326092,CUST_01,Butchers,Item_23_BUT,38,5,190,Credit Card,Online,19/09/2023,FALSE
TXN_4657560,CUST_06,Patisserie,Item_22_PAT,36.5,5,182.5,Digital Wallet,In-Store,18/10/2022,TRUE
TXN_6810161,CUST_17,Food,Item_11_FOOD,20,3,60,Cash,Online,5/5/2024,FALSE
TXN_3107156,CUST_02,Computers And Electric Accessories,Item_24_CEA,39.5,8,316,Cash,Online,23/12/2024,TRUE
TXN_2540525,CUST_03,Computers And Electric Accessories,Item_22_CEA,36.5,2,73,Cash,In-Store,29/04/2023,FALSE
TXN_7595380,CUST_06,Furniture,Item_9_FUR,17,4,68,Cash,In-Store,13/11/2022,FALSE
TXN_9778912,CUST_14,Electric Household Essentials,Item_21_EHE,35,8,280,Credit Card,Online,27/08/2024,FALSE
TXN_9228328,CUST_05,Furniture,Item_20_FUR,33.5,1,33.5,Digital Wallet,In-Store,29/09/2022,FALSE
TXN_8148435,CUST_24,Electric Household Essentials,Item_23_EHE,38,6,228,Credit Card,Online,20/01/2024,TRUE
TXN_1325795,CUST_10,Computers And Electric Accessories,Item_14_CEA,24.5,6,147,Digital Wallet,In-Store,29/04/2022,FALSE
TXN_9131959,CUST_01,Milk Products,Item_2_MILK,6.5,1,6.5,Credit Card,Online,11/1/2022,FALSE
TXN_2755690,CUST_08,Computers And Electric Accessories,Item_12_CEA,21.5,9,193.5,Cash,Online,4/11/2024,FALSE
TXN_6070296,CUST_19,Electric Household Essentials,Item_5_EHE,11,3,33,Cash,In-Store,31/01/2024,FALSE
TXN_1694461,CUST_17,Butchers,Item_12_BUT,21.5,10,215,Cash,Online,13/07/2022,TRUE
TXN_3331644,CUST_20,Milk Products,Item_16_MILK,27.5,8,220,Digital Wallet,Online,27/04/2024,TRUE
TXN_2605227,CUST_12,Butchers,Item_7_BUT,14,2,28,Cash,In-Store,3/2/2024,FALSE
TXN_2782829,CUST_02,Electric Household Essentials,Item_12_EHE,21.5,7,150.5,Cash,In-Store,14/03/2024,TRUE
TXN_3253186,CUST_04,Milk Products,Item_23_MILK,38,9,342,Cash,Online,14/09/2022,TRUE
TXN_5905211,CUST_18,Computers And Electric Accessories,Item_5_CEA,11,3,33,Digital Wallet,Online,21/03/2024,FALSE
TXN_2937307,CUST_15,Patisserie,Item_14_PAT,24.5,6,147,Cash,In-Store,6/1/2025,TRUE
TXN_2712285,CUST_22,Furniture,Item_2_FUR,6.5,5,32.5,Cash,In-Store,25/06/2022,FALSE
TXN_5809744,CUST_18,Food,Item_9_FOOD,17,4,68,Cash,In-Store,29/01/2023,TRUE
TXN_6567750,CUST_05,Furniture,Item_14_FUR,24.5,4,98,Credit Card,In-Store,26/10/2022,TRUE
TXN_6837444,CUST_19,Computers And Electric Accessories,Item_16_CEA,27.5,9,247.5,Cash,Online,13/01/2023,FALSE
TXN_9307798,CUST_05,Patisserie,Item_4_PAT,9.5,2,19,Digital Wallet,In-Store,5/7/2023,TRUE
TXN_8377166,CUST_06,Butchers,Item_20_BUT,33.5,2,67,Credit Card,In-Store,27/03/2024,FALSE
TXN_9027643,CUST_01,Patisserie,Item_5_PAT,11,10,110,Cash,In-Store,25/10/2024,TRUE
TXN_5547887,CUST_01,Patisserie,Item_17_PAT,29,10,290,Digital Wallet,Online,10/9/2024,TRUE
TXN_7725571,CUST_09,Furniture,Item_25_FUR,41,3,123,Credit Card,Online,24/06/2024,TRUE
TXN_5827116,CUST_03,Computers And Electric Accessories,Item_11_CEA,20,7,140,Cash,In-Store,5/11/2023,FALSE
TXN_5314835,CUST_22,Patisserie,Item_1_PAT,5,7,35,Digital Wallet,Online,5/7/2024,TRUE
TXN_8172094,CUST_21,Patisserie,Item_6_PAT,12.5,8,100,Digital Wallet,In-Store,5/3/2022,FALSE
TXN_4882798,CUST_23,Furniture,Item_6_FUR,12.5,10,125,Credit Card,In-Store,22/04/2022,TRUE
TXN_4283900,CUST_04,Beverages,Item_24_BEV,39.5,6,237,Credit Card,Online,23/06/2022,FALSE
TXN_1224321,CUST_05,Computers And Electric Accessories,Item_6_CEA,12.5,1,12.5,Digital Wallet,Online,22/08/2022,FALSE
TXN_4879732,CUST_21,Milk Products,Item_18_MILK,30.5,3,91.5,Cash,Online,27/02/2022,TRUE
TXN_1642953,CUST_18,Electric Household Essentials,Item_16_EHE,27.5,5,137.5,Digital Wallet,In-Store,30/10/2022,TRUE
TXN_4602333,CUST_19,Milk Products,Item_14_MILK,24.5,10,245,Credit Card,Online,30/12/2024,TRUE
TXN_4766175,CUST_24,Furniture,Item_11_FUR,20,3,60,Digital Wallet,Online,25/03/2024,FALSE
TXN_2331955,CUST_10,Patisserie,Item_20_PAT,33.5,4,134,Cash,Online,1/4/2023,FALSE
TXN_1373649,CUST_09,Electric Household Essentials,Item_22_EHE,36.5,6,219,Cash,In-Store,7/5/2023,FALSE
TXN_8660082,CUST_08,Beverages,Item_20_BEV,33.5,1,33.5,Credit Card,In-Store,18/05/2024,TRUE
TXN_4244094,CUST_04,Food,Item_6_FOOD,12.5,2,25,Digital Wallet,In-Store,6/9/2022,FALSE
TXN_3949704,CUST_22,Electric Household Essentials,Item_21_EHE,35,9,315,Cash,Online,12/6/2022,FALSE
TXN_1304201,CUST_09,Furniture,Item_5_FUR,11,4,44,Credit Card,In-Store,14/03/2024,TRUE
TXN_1481263,CUST_13,Patisserie,Item_9_PAT,17,8,136,Digital Wallet,In-Store,4/12/2022,FALSE
TXN_3256316,CUST_22,Food,Item_17_FOOD,29,1,29,Cash,Online,10/7/2024,FALSE
TXN_4412300,CUST_05,Electric Household Essentials,Item_23_EHE,38,10,380,Digital Wallet,In-Store,18/08/2022,FALSE
TXN_8350639,CUST_21,Furniture,Item_2_FUR,6.5,9,58.5,Digital Wallet,Online,12/7/2023,FALSE
TXN_6417585,CUST_05,Electric Household Essentials,Item_19_EHE,32,2,64,Cash,In-Store,8/2/2023,TRUE
TXN_8355393,CUST_10,Milk Products,Item_17_MILK,29,5,145,Cash,In-Store,24/01/2022,FALSE
TXN_5759876,CUST_03,Food,Item_25_FOOD,41,3,123,Cash,Online,27/12/2023,TRUE
TXN_5786761,CUST_03,Computers And Electric Accessories,Item_6_CEA,12.5,5,62.5,Credit Card,Online,25/10/2023,TRUE
TXN_3055303,CUST_23,Food,Item_22_FOOD,36.5,1,36.5,Cash,Online,30/06/2022,TRUE
TXN_3042204,CUST_16,Patisserie,Item_12_PAT,21.5,5,107.5,Digital Wallet,Online,14/05/2023,TRUE
TXN_7810642,CUST_12,Beverages,Item_6_BEV,12.5,8,100,Credit Card,Online,4/3/2024,FALSE
TXN_1386229,CUST_08,Computers And Electric Accessories,Item_11_CEA,20,4,80,Credit Card,Online,2/4/2023,FALSE
TXN_2082706,CUST_17,Furniture,Item_12_FUR,21.5,8,172,Cash,Online,10/10/2024,TRUE
TXN_1808071,CUST_25,Food,Item_13_FOOD,23,2,46,Digital Wallet,In-Store,14/10/2022,FALSE
TXN_2118429,CUST_21,Butchers,Item_5_BUT,11,5,55,Digital Wallet,In-Store,17/10/2022,TRUE
TXN_4793201,CUST_12,Beverages,Item_16_BEV,27.5,2,55,Credit Card,In-Store,1/9/2023,TRUE
TXN_1910565,CUST_18,Furniture,Item_9_FUR,17,9,153,Digital Wallet,In-Store,26/03/2024,FALSE
TXN_5645530,CUST_14,Beverages,Item_14_BEV,24.5,10,245,Digital Wallet,Online,6/6/2024,FALSE
TXN_7221565,CUST_24,Furniture,Item_17_FUR,29,1,29,Cash,In-Store,13/02/2022,TRUE
TXN_2175503,CUST_20,Electric Household Essentials,Item_21_EHE,35,6,210,Cash,In-Store,2/1/2024,FALSE
TXN_3919101,CUST_18,Milk Products,Item_11_MILK,20,4,80,Digital Wallet,Online,22/05/2022,FALSE
TXN_9150129,CUST_06,Electric Household Essentials,Item_4_EHE,9.5,10,95,Cash,In-Store,27/06/2024,TRUE
TXN_1011892,CUST_08,Furniture,Item_24_FUR,39.5,2,79,Credit Card,Online,27/08/2023,FALSE
TXN_5476321,CUST_02,Computers And Electric Accessories,Item_15_CEA,26,3,78,Credit Card,Online,24/04/2023,TRUE
TXN_3525189,CUST_04,Furniture,Item_4_FUR,9.5,4,38,Cash,Online,25/01/2024,TRUE
TXN_5861199,CUST_19,Beverages,Item_18_BEV,30.5,10,305,Cash,Online,30/12/2022,FALSE
TXN_6215665,CUST_22,Beverages,Item_23_BEV,38,1,38,Digital Wallet,Online,13/06/2023,FALSE
TXN_7710775,CUST_05,Furniture,Item_23_FUR,38,5,190,Digital Wallet,In-Store,22/02/2023,FALSE
TXN_4701071,CUST_13,Furniture,Item_1_FUR,5,6,30,Digital Wallet,Online,11/4/2023,TRUE
TXN_1593038,CUST_10,Patisserie,Item_11_PAT,20,8,160,Digital Wallet,Online,27/02/2023,TRUE
TXN_5423342,CUST_19,Computers And Electric Accessories,Item_8_CEA,15.5,3,46.5,Digital Wallet,In-Store,21/10/2023,FALSE
TXN_2010040,CUST_10,Beverages,Item_19_BEV,32,8,256,Cash,Online,1/2/2024,FALSE
TXN_7308742,CUST_14,Furniture,Item_8_FUR,15.5,2,31,Credit Card,In-Store,19/07/2023,FALSE
TXN_4979615,CUST_19,Food,Item_12_FOOD,21.5,10,215,Cash,In-Store,10/5/2024,FALSE
TXN_5115102,CUST_14,Computers And Electric Accessories,Item_23_CEA,38,4,152,Credit Card,Online,12/1/2025,TRUE
TXN_4408493,CUST_20,Butchers,Item_13_BUT,23,10,230,Digital Wallet,In-Store,10/1/2023,TRUE
TXN_2263002,CUST_09,Patisserie,Item_16_PAT,27.5,9,247.5,Digital Wallet,Online,10/6/2022,FALSE
TXN_5671217,CUST_17,Computers And Electric Accessories,Item_12_CEA,21.5,9,193.5,Digital Wallet,Online,6/1/2023,TRUE
TXN_9763067,CUST_18,Furniture,Item_16_FUR,27.5,10,275,Cash,In-Store,4/8/2024,FALSE
TXN_1826446,CUST_21,Butchers,Item_18_BUT,30.5,9,274.5,Credit Card,In-Store,13/06/2022,FALSE
TXN_3876653,CUST_23,Computers And Electric Accessories,Item_7_CEA,14,7,98,Cash,In-Store,6/7/2024,FALSE
TXN_8090678,CUST_08,Electric Household Essentials,Item_8_EHE,15.5,5,77.5,Digital Wallet,Online,1/5/2024,FALSE
TXN_7232230,CUST_17,Computers And Electric Accessories,Item_5_CEA,11,5,55,Credit Card,Online,14/06/2023,FALSE
TXN_4797019,CUST_19,Milk Products,Item_13_MILK,23,6,138,Cash,Online,30/06/2023,FALSE
TXN_1243810,CUST_15,Furniture,Item_11_FUR,20,8,160,Cash,Online,28/12/2023,TRUE
TXN_9398224,CUST_18,Electric Household Essentials,Item_8_EHE,15.5,5,77.5,Digital Wallet,In-Store,16/02/2024,TRUE
TXN_9044784,CUST_21,Electric Household Essentials,Item_25_EHE,41,5,205,Digital Wallet,Online,22/03/2024,TRUE
TXN_5720404,CUST_22,Beverages,Item_22_BEV,36.5,7,255.5,Cash,In-Store,22/03/2022,TRUE
TXN_2533200,CUST_05,Patisserie,Item_1_PAT,5,8,40,Credit Card,Online,28/10/2022,FALSE
TXN_9340286,CUST_19,Milk Products,Item_6_MILK,12.5,2,25,Cash,In-Store,13/08/2024,FALSE
TXN_3242349,CUST_03,Furniture,Item_14_FUR,24.5,7,171.5,Cash,Online,26/12/2022,TRUE
TXN_9299802,CUST_03,Patisserie,Item_17_PAT,29,1,29,Cash,Online,25/03/2023,FALSE
TXN_5371741,CUST_12,Electric Household Essentials,Item_17_EHE,29,4,116,Digital Wallet,In-Store,21/08/2022,TRUE
TXN_7903686,CUST_10,Beverages,Item_17_BEV,29,1,29,Digital Wallet,Online,13/03/2022,TRUE
TXN_5381188,CUST_17,Furniture,Item_1_FUR,5,5,25,Credit Card,Online,15/12/2022,TRUE
TXN_9844205,CUST_05,Furniture,Item_17_FUR,29,2,58,Cash,Online,12/1/2023,FALSE
TXN_9443022,CUST_12,Milk Products,Item_15_MILK,26,2,52,Cash,In-Store,27/03/2024,TRUE
TXN_2545845,CUST_09,Computers And Electric Accessories,Item_18_CEA,30.5,9,274.5,Cash,In-Store,28/08/2024,TRUE
TXN_9793935,CUST_18,Milk Products,Item_18_MILK,30.5,7,213.5,Credit Card,In-Store,4/10/2023,TRUE
TXN_1919020,CUST_20,Butchers,Item_22_BUT,36.5,10,365,Digital Wallet,In-Store,18/03/2022,TRUE
TXN_4432365,CUST_01,Butchers,Item_12_BUT,21.5,5,107.5,Cash,In-Store,17/03/2022,TRUE
TXN_7305258,CUST_14,Patisserie,Item_23_PAT,38,3,114,Digital Wallet,Online,25/04/2022,FALSE
TXN_8802743,CUST_23,Milk Products,Item_19_MILK,32,6,192,Credit Card,Online,17/09/2023,TRUE
TXN_4759687,CUST_24,Milk Products,Item_2_MILK,6.5,10,65,Credit Card,Online,20/06/2023,TRUE
TXN_7157580,CUST_14,Food,Item_12_FOOD,21.5,9,193.5,Digital Wallet,Online,5/11/2022,FALSE
TXN_6137503,CUST_02,Butchers,Item_23_BUT,38,7,266,Credit Card,In-Store,5/4/2022,FALSE
TXN_5300736,CUST_02,Furniture,Item_24_FUR,39.5,7,276.5,Cash,In-Store,17/07/2022,TRUE
TXN_1370562,CUST_25,Computers And Electric Accessories,Item_11_CEA,20,7,140,Credit Card,Online,1/9/2022,FALSE
TXN_7327686,CUST_02,Furniture,Item_11_FUR,20,2,40,Cash,Online,17/05/2024,FALSE
TXN_6017693,CUST_14,Beverages,Item_11_BEV,20,1,20,Digital Wallet,Online,24/02/2022,TRUE
TXN_7165120,CUST_17,Patisserie,Item_22_PAT,36.5,2,73,Cash,In-Store,23/10/2023,FALSE
TXN_9703848,CUST_15,Food,Item_15_FOOD,26,4,104,Cash,Online,16/06/2022,TRUE
TXN_2702011,CUST_12,Furniture,Item_12_FUR,21.5,5,107.5,Cash,Online,28/12/2023,TRUE
TXN_8231762,CUST_11,Beverages,Item_20_BEV,33.5,6,201,Credit Card,Online,17/01/2022,FALSE
TXN_7101979,CUST_15,Computers And Electric Accessories,Item_20_CEA,33.5,7,234.5,Credit Card,In-Store,14/04/2023,TRUE
TXN_6917255,CUST_07,Food,Item_8_FOOD,15.5,6,93,Credit Card,In-Store,31/07/2024,TRUE
TXN_3821185,CUST_23,Computers And Electric Accessories,Item_15_CEA,26,4,104,Digital Wallet,In-Store,11/9/2024,TRUE
TXN_5773991,CUST_01,Food,Item_3_FOOD,8,7,56,Cash,Online,30/09/2022,FALSE
TXN_8508384,CUST_18,Food,Item_4_FOOD,9.5,3,28.5,Credit Card,In-Store,29/01/2022,TRUE
TXN_8994966,CUST_14,Butchers,Item_5_BUT,11,5,55,Cash,Online,25/12/2024,TRUE
TXN_4108548,CUST_20,Electric Household Essentials,Item_6_EHE,12.5,2,25,Cash,Online,12/3/2023,FALSE
TXN_8781758,CUST_20,Furniture,Item_5_FUR,11,5,55,Credit Card,In-Store,13/02/2024,TRUE
TXN_5396051,CUST_08,Butchers,Item_20_BUT,33.5,2,67,Cash,In-Store,1/9/2024,TRUE
TXN_4191425,CUST_25,Beverages,Item_18_BEV,30.5,1,30.5,Digital Wallet,In-Store,8/10/2024,FALSE
TXN_1721597,CUST_22,Computers And Electric Accessories,Item_11_CEA,20,1,20,Credit Card,Online,20/04/2023,FALSE
TXN_8418594,CUST_23,Food,Item_4_FOOD,9.5,9,85.5,Credit Card,In-Store,10/12/2024,TRUE
TXN_8715323,CUST_09,Butchers,Item_20_BUT,33.5,2,67,Credit Card,In-Store,12/3/2023,FALSE
TXN_9730853,CUST_19,Beverages,Item_11_BEV,20,3,60,Credit Card,Online,16/11/2022,TRUE
TXN_4924226,CUST_05,Beverages,Item_8_BEV,15.5,4,62,Cash,In-Store,6/3/2023,FALSE
TXN_2086962,CUST_13,Food,Item_6_FOOD,12.5,5,62.5,Credit Card,In-Store,6/4/2022,FALSE
TXN_3302248,CUST_20,Electric Household Essentials,Item_10_EHE,18.5,3,55.5,Credit Card,Online,4/1/2024,FALSE
TXN_7830284,CUST_19,Electric Household Essentials,Item_21_EHE,35,5,175,Credit Card,Online,10/8/2022,TRUE
TXN_8466219,CUST_25,Butchers,Item_16_BUT,27.5,4,110,Digital Wallet,In-Store,15/05/2022,FALSE
TXN_6321123,CUST_17,Furniture,Item_6_FUR,12.5,9,112.5,Credit Card,In-Store,25/05/2024,FALSE
TXN_4825724,CUST_01,Furniture,Item_24_FUR,39.5,1,39.5,Digital Wallet,In-Store,22/12/2024,FALSE
TXN_9634891,CUST_25,Computers And Electric Accessories,Item_17_CEA,29,6,174,Credit Card,Online,14/01/2022,TRUE
TXN_6889696,CUST_10,Electric Household Essentials,Item_8_EHE,15.5,3,46.5,Cash,Online,20/06/2023,FALSE
TXN_7543333,CUST_24,Computers And Electric Accessories,Item_16_CEA,27.5,5,137.5,Digital Wallet,In-Store,28/03/2022,TRUE
TXN_4396240,CUST_23,Electric Household Essentials,Item_23_EHE,38,9,342,Cash,Online,28/04/2024,TRUE
TXN_3375368,CUST_12,Milk Products,Item_11_MILK,20,1,20,Digital Wallet,In-Store,8/4/2022,FALSE
TXN_9586952,CUST_11,Computers And Electric Accessories,Item_7_CEA,14,3,42,Digital Wallet,Online,19/06/2023,TRUE
TXN_3575121,CUST_17,Food,Item_12_FOOD,21.5,8,172,Cash,Online,6/9/2022,TRUE
TXN_3686072,CUST_03,Butchers,Item_21_BUT,35,5,175,Credit Card,In-Store,23/02/2023,FALSE
TXN_1745446,CUST_02,Computers And Electric Accessories,Item_17_CEA,29,1,29,Cash,Online,11/12/2022,FALSE
TXN_1909877,CUST_13,Milk Products,Item_19_MILK,32,10,320,Cash,Online,8/6/2024,TRUE
TXN_8629942,CUST_20,Beverages,Item_24_BEV,39.5,4,158,Cash,In-Store,8/12/2024,TRUE
TXN_6357302,CUST_20,Beverages,Item_15_BEV,26,1,26,Credit Card,In-Store,9/9/2022,FALSE
TXN_8755760,CUST_10,Milk Products,Item_13_MILK,23,9,207,Digital Wallet,In-Store,22/10/2024,TRUE
TXN_5750056,CUST_24,Furniture,Item_21_FUR,35,2,70,Digital Wallet,In-Store,20/09/2023,TRUE
TXN_7435444,CUST_18,Computers And Electric Accessories,Item_11_CEA,20,6,120,Credit Card,Online,27/07/2022,TRUE
TXN_3812949,CUST_17,Beverages,Item_17_BEV,29,1,29,Cash,In-Store,7/7/2023,TRUE
TXN_3743264,CUST_20,Milk Products,Item_20_MILK,33.5,2,67,Digital Wallet,In-Store,27/12/2022,FALSE
TXN_2199268,CUST_15,Patisserie,Item_9_PAT,17,2,34,Cash,In-Store,6/10/2024,TRUE
TXN_7472110,CUST_20,Patisserie,Item_8_PAT,15.5,3,46.5,Credit Card,Online,2/8/2022,TRUE
TXN_8360887,CUST_12,Milk Products,Item_22_MILK,36.5,10,365,Cash,Online,6/12/2024,FALSE
TXN_2231888,CUST_24,Patisserie,Item_23_PAT,38,6,228,Cash,In-Store,7/10/2024,FALSE
TXN_7423131,CUST_08,Patisserie,Item_12_PAT,21.5,3,64.5,Digital Wallet,Online,8/9/2023,TRUE
TXN_1176248,CUST_16,Beverages,Item_4_BEV,9.5,6,57,Credit Card,In-Store,6/12/2022,TRUE
TXN_6490027,CUST_19,Beverages,Item_21_BEV,35,9,315,Credit Card,Online,20/08/2024,FALSE
TXN_2633712,CUST_04,Furniture,Item_15_FUR,26,6,156,Cash,In-Store,14/01/2023,FALSE
TXN_4452566,CUST_15,Beverages,Item_4_BEV,9.5,8,76,Digital Wallet,In-Store,7/1/2022,FALSE
TXN_3245999,CUST_08,Furniture,Item_21_FUR,35,10,350,Credit Card,Online,8/8/2024,TRUE
TXN_7101386,CUST_16,Computers And Electric Accessories,Item_20_CEA,33.5,5,167.5,Cash,In-Store,5/11/2022,TRUE
TXN_9141699,CUST_06,Food,Item_22_FOOD,36.5,2,73,Cash,Online,4/5/2023,FALSE
TXN_8376834,CUST_16,Computers And Electric Accessories,Item_6_CEA,12.5,6,75,Digital Wallet,Online,3/2/2023,FALSE
TXN_9976272,CUST_23,Milk Products,Item_16_MILK,27.5,1,27.5,Credit Card,Online,22/08/2023,FALSE
TXN_2683845,CUST_17,Butchers,Item_18_BUT,30.5,10,305,Cash,Online,1/8/2022,FALSE
TXN_1076536,CUST_23,Computers And Electric Accessories,Item_8_CEA,15.5,7,108.5,Digital Wallet,In-Store,24/05/2023,TRUE
TXN_1196570,CUST_22,Beverages,Item_6_BEV,12.5,8,100,Digital Wallet,Online,9/2/2024,TRUE
TXN_9441688,CUST_03,Patisserie,Item_4_PAT,9.5,10,95,Digital Wallet,In-Store,23/08/2022,FALSE
TXN_1126177,CUST_05,Patisserie,Item_7_PAT,14,9,126,Digital Wallet,In-Store,26/09/2022,FALSE
TXN_1232531,CUST_12,Beverages,Item_2_BEV,6.5,3,19.5,Cash,Online,27/05/2024,TRUE
TXN_8266591,CUST_02,Food,Item_5_FOOD,11,9,99,Digital Wallet,In-Store,1/12/2024,TRUE
TXN_8261937,CUST_14,Electric Household Essentials,Item_5_EHE,11,2,22,Digital Wallet,In-Store,10/3/2022,TRUE
TXN_3617161,CUST_10,Computers And Electric Accessories,Item_12_CEA,21.5,7,150.5,Cash,Online,16/04/2022,FALSE
TXN_6684210,CUST_11,Electric Household Essentials,Item_9_EHE,17,3,51,Cash,Online,16/02/2023,TRUE
TXN_2693158,CUST_18,Patisserie,Item_7_PAT,14,10,140,Digital Wallet,In-Store,28/10/2022,TRUE
TXN_9205349,CUST_24,Furniture,Item_7_FUR,14,7,98,Credit Card,Online,24/10/2022,TRUE
TXN_7263862,CUST_08,Milk Products,Item_2_MILK,6.5,8,52,Credit Card,In-Store,8/7/2024,FALSE
TXN_9293724,CUST_18,Electric Household Essentials,Item_6_EHE,12.5,6,75,Cash,In-Store,13/11/2022,FALSE
TXN_8674901,CUST_17,Furniture,Item_15_FUR,26,1,26,Cash,Online,2/7/2022,TRUE
TXN_1537702,CUST_25,Furniture,Item_20_FUR,33.5,1,33.5,Digital Wallet,In-Store,5/6/2022,TRUE
TXN_3910370,CUST_22,Beverages,Item_14_BEV,24.5,2,49,Digital Wallet,In-Store,23/12/2022,TRUE
TXN_3549273,CUST_20,Furniture,Item_11_FUR,20,9,180,Cash,In-Store,1/8/2023,FALSE
TXN_6746331,CUST_11,Butchers,Item_13_BUT,23,3,69,Digital Wallet,In-Store,8/7/2024,FALSE
TXN_3404023,CUST_04,Electric Household Essentials,Item_23_EHE,38,4,152,Digital Wallet,Online,8/8/2022,FALSE
TXN_7604627,CUST_09,Butchers,Item_22_BUT,36.5,2,73,Cash,Online,19/04/2023,TRUE
TXN_5912161,CUST_11,Patisserie,Item_22_PAT,36.5,10,365,Cash,In-Store,4/11/2022,TRUE
TXN_8490314,CUST_24,Electric Household Essentials,Item_15_EHE,26,3,78,Cash,In-Store,28/12/2024,TRUE
TXN_2217907,CUST_07,Beverages,Item_14_BEV,24.5,2,49,Credit Card,In-Store,15/05/2022,TRUE
TXN_5986313,CUST_05,Beverages,Item_24_BEV,39.5,6,237,Credit Card,In-Store,3/1/2023,TRUE
TXN_2012246,CUST_17,Furniture,Item_11_FUR,20,8,160,Credit Card,In-Store,28/08/2023,FALSE
TXN_5292453,CUST_09,Furniture,Item_16_FUR,27.5,8,220,Cash,Online,22/04/2023,FALSE
TXN_3747046,CUST_11,Electric Household Essentials,Item_18_EHE,30.5,2,61,Digital Wallet,Online,22/11/2022,FALSE
TXN_5563947,CUST_01,Food,Item_17_FOOD,29,3,87,Digital Wallet,In-Store,2/6/2022,FALSE
TXN_8839706,CUST_15,Patisserie,Item_6_PAT,12.5,10,125,Credit Card,Online,28/11/2024,FALSE
TXN_1778326,CUST_20,Computers And Electric Accessories,Item_14_CEA,24.5,9,220.5,Credit Card,In-Store,1/9/2023,FALSE
TXN_2119388,CUST_17,Butchers,Item_16_BUT,27.5,7,192.5,Digital Wallet,Online,13/09/2022,TRUE
TXN_8707599,CUST_07,Food,Item_6_FOOD,12.5,10,125,Cash,In-Store,26/01/2022,FALSE
TXN_9429754,CUST_14,Milk Products,Item_9_MILK,17,8,136,Cash,Online,27/08/2023,TRUE
TXN_1750091,CUST_01,Milk Products,Item_4_MILK,9.5,1,9.5,Credit Card,In-Store,19/06/2023,TRUE
TXN_1101287,CUST_05,Furniture,Item_11_FUR,20,2,40,Credit Card,Online,5/1/2024,TRUE
TXN_8972051,CUST_10,Electric Household Essentials,Item_17_EHE,29,1,29,Credit Card,In-Store,28/02/2024,TRUE
TXN_6829985,CUST_05,Beverages,Item_3_BEV,8,2,16,Cash,Online,22/11/2023,FALSE
TXN_6375821,CUST_19,Butchers,Item_25_BUT,41,5,205,Credit Card,Online,29/09/2023,FALSE
TXN_9749789,CUST_18,Milk Products,Item_19_MILK,32,2,64,Credit Card,In-Store,10/12/2024,FALSE
TXN_7796666,CUST_13,Food,Item_12_FOOD,21.5,10,215,Cash,Online,8/9/2024,FALSE
TXN_8608354,CUST_08,Patisserie,Item_22_PAT,36.5,1,36.5,Digital Wallet,In-Store,9/4/2024,TRUE
TXN_1036311,CUST_16,Electric Household Essentials,Item_17_EHE,29,1,29,Cash,In-Store,22/12/2022,FALSE
TXN_5896151,CUST_21,Electric Household Essentials,Item_15_EHE,26,6,156,Digital Wallet,Online,25/02/2024,FALSE
TXN_5381793,CUST_05,Furniture,Item_3_FUR,8,9,72,Cash,In-Store,9/12/2024,TRUE
TXN_3197907,CUST_25,Patisserie,Item_19_PAT,32,6,192,Cash,In-Store,9/2/2024,FALSE
TXN_9891054,CUST_20,Computers And Electric Accessories,Item_15_CEA,26,10,260,Cash,Online,11/10/2022,FALSE
TXN_7359436,CUST_16,Food,Item_14_FOOD,24.5,10,245,Cash,In-Store,2/1/2024,TRUE
TXN_3615491,CUST_02,Patisserie,Item_9_PAT,17,7,119,Credit Card,In-Store,25/09/2023,FALSE
TXN_5238211,CUST_09,Furniture,Item_15_FUR,26,8,208,Cash,In-Store,15/12/2023,TRUE
TXN_2861834,CUST_25,Patisserie,Item_15_PAT,26,3,78,Cash,Online,1/4/2023,TRUE
TXN_3299143,CUST_11,Furniture,Item_2_FUR,6.5,9,58.5,Credit Card,Online,2/3/2024,TRUE
TXN_1350410,CUST_01,Furniture,Item_10_FUR,18.5,3,55.5,Credit Card,Online,11/9/2024,FALSE
TXN_7958601,CUST_08,Milk Products,Item_15_MILK,26,1,26,Cash,Online,11/6/2022,TRUE
TXN_1151406,CUST_04,Butchers,Item_19_BUT,32,9,288,Digital Wallet,Online,18/05/2022,TRUE
TXN_1358761,CUST_10,Food,Item_6_FOOD,12.5,3,37.5,Cash,In-Store,15/05/2024,FALSE
TXN_5805061,CUST_06,Beverages,Item_8_BEV,15.5,3,46.5,Credit Card,Online,31/07/2023,TRUE
TXN_3009822,CUST_20,Patisserie,Item_11_PAT,20,5,100,Cash,In-Store,7/5/2024,FALSE
TXN_4836949,CUST_07,Computers And Electric Accessories,Item_14_CEA,24.5,10,245,Credit Card,In-Store,2/2/2022,TRUE
TXN_7558362,CUST_08,Patisserie,Item_2_PAT,6.5,4,26,Credit Card,In-Store,1/6/2024,FALSE
TXN_2550629,CUST_10,Butchers,Item_23_BUT,38,5,190,Digital Wallet,Online,3/4/2022,TRUE
TXN_1476715,CUST_11,Beverages,Item_17_BEV,29,8,232,Credit Card,In-Store,8/2/2022,FALSE
TXN_5653387,CUST_12,Furniture,Item_7_FUR,14,7,98,Credit Card,Online,29/05/2022,TRUE
TXN_8819433,CUST_06,Computers And Electric Accessories,Item_12_CEA,21.5,8,172,Digital Wallet,In-Store,15/04/2024,FALSE
TXN_8519777,CUST_16,Beverages,Item_24_BEV,39.5,3,118.5,Digital Wallet,Online,2/7/2022,TRUE
TXN_7797790,CUST_24,Beverages,Item_19_BEV,32,7,224,Digital Wallet,Online,9/10/2022,TRUE
TXN_3184832,CUST_06,Electric Household Essentials,Item_11_EHE,20,2,40,Credit Card,In-Store,8/2/2022,TRUE
TXN_7741209,CUST_07,Milk Products,Item_3_MILK,8,6,48,Cash,In-Store,10/6/2024,FALSE
TXN_3292575,CUST_15,Furniture,Item_16_FUR,27.5,5,137.5,Credit Card,Online,15/04/2024,FALSE
TXN_6959357,CUST_07,Milk Products,Item_6_MILK,12.5,4,50,Cash,In-Store,23/02/2023,TRUE
TXN_5532386,CUST_02,Milk Products,Item_13_MILK,23,7,161,Credit Card,Online,19/03/2024,TRUE
TXN_4242577,CUST_12,Butchers,Item_25_BUT,41,5,205,Cash,Online,21/02/2023,TRUE
TXN_2251911,CUST_08,Furniture,Item_20_FUR,33.5,9,301.5,Digital Wallet,In-Store,28/09/2024,FALSE
TXN_4034256,CUST_07,Furniture,Item_11_FUR,20,6,120,Digital Wallet,Online,6/2/2022,FALSE
TXN_8491772,CUST_07,Electric Household Essentials,Item_23_EHE,38,3,114,Cash,Online,21/10/2022,TRUE
TXN_3986908,CUST_13,Food,Item_4_FOOD,9.5,4,38,Credit Card,Online,27/10/2024,TRUE
TXN_4848504,CUST_07,Furniture,Item_12_FUR,21.5,4,86,Credit Card,Online,6/1/2023,TRUE
TXN_3238663,CUST_06,Butchers,Item_8_BUT,15.5,3,46.5,Cash,In-Store,29/11/2023,FALSE
TXN_7467332,CUST_15,Furniture,Item_2_FUR,6.5,3,19.5,Digital Wallet,Online,19/04/2022,FALSE
TXN_7821157,CUST_11,Computers And Electric Accessories,Item_9_CEA,17,8,136,Credit Card,Online,22/08/2022,TRUE
TXN_5510641,CUST_14,Patisserie,Item_17_PAT,29,3,87,Cash,Online,21/10/2023,FALSE
TXN_1623314,CUST_20,Patisserie,Item_4_PAT,9.5,8,76,Digital Wallet,In-Store,26/12/2024,FALSE
TXN_9269245,CUST_07,Butchers,Item_6_BUT,12.5,1,12.5,Credit Card,In-Store,15/12/2024,TRUE
TXN_8785418,CUST_07,Patisserie,Item_1_PAT,5,9,45,Credit Card,Online,12/2/2023,TRUE
TXN_8224848,CUST_20,Computers And Electric Accessories,Item_3_CEA,8,5,40,Digital Wallet,In-Store,18/12/2022,TRUE
TXN_6166688,CUST_08,Patisserie,Item_25_PAT,41,6,246,Credit Card,Online,29/09/2023,TRUE
TXN_9951016,CUST_25,Patisserie,Item_2_PAT,6.5,3,19.5,Cash,Online,1/2/2022,FALSE
TXN_4956767,CUST_08,Furniture,Item_7_FUR,14,8,112,Credit Card,Online,19/03/2023,FALSE
TXN_1392217,CUST_23,Patisserie,Item_8_PAT,15.5,9,139.5,Digital Wallet,Online,11/9/2024,TRUE
TXN_8507665,CUST_13,Butchers,Item_18_BUT,30.5,8,244,Digital Wallet,Online,8/4/2023,FALSE
TXN_7837225,CUST_19,Furniture,Item_19_FUR,32,3,96,Cash,In-Store,8/9/2023,TRUE
TXN_6598320,CUST_06,Food,Item_6_FOOD,12.5,4,50,Digital Wallet,Online,5/5/2024,TRUE
TXN_9170556,CUST_16,Milk Products,Item_1_MILK,5,7,35,Cash,In-Store,28/05/2023,TRUE
TXN_8863568,CUST_22,Furniture,Item_21_FUR,35,2,70,Digital Wallet,Online,25/05/2022,TRUE
TXN_9077506,CUST_22,Milk Products,Item_13_MILK,23,1,23,Credit Card,Online,11/7/2023,TRUE
TXN_1256115,CUST_20,Computers And Electric Accessories,Item_10_CEA,18.5,5,92.5,Credit Card,Online,25/11/2024,TRUE
TXN_7425088,CUST_07,Computers And Electric Accessories,Item_19_CEA,32,5,160,Credit Card,In-Store,25/03/2022,FALSE
TXN_3757243,CUST_09,Patisserie,Item_11_PAT,20,10,200,Cash,In-Store,9/12/2024,FALSE
TXN_1011915,CUST_16,Patisserie,Item_19_PAT,32,10,320,Credit Card,In-Store,25/03/2023,TRUE
TXN_5703677,CUST_23,Butchers,Item_6_BUT,12.5,9,112.5,Cash,In-Store,13/09/2022,FALSE
TXN_2914395,CUST_19,Computers And Electric Accessories,Item_6_CEA,12.5,2,25,Credit Card,Online,26/12/2022,TRUE
TXN_2192964,CUST_17,Food,Item_9_FOOD,17,7,119,Digital Wallet,In-Store,29/01/2022,FALSE
TXN_5157703,CUST_17,Electric Household Essentials,Item_1_EHE,5,10,50,Cash,In-Store,30/08/2022,TRUE
TXN_9861104,CUST_02,Electric Household Essentials,Item_23_EHE,38,1,38,Credit Card,In-Store,1/5/2024,FALSE
TXN_2641403,CUST_04,Furniture,Item_1_FUR,5,3,15,Digital Wallet,Online,12/7/2022,TRUE
TXN_1713611,CUST_24,Electric Household Essentials,Item_16_EHE,27.5,1,27.5,Digital Wallet,Online,14/09/2024,TRUE
TXN_2266101,CUST_15,Patisserie,Item_19_PAT,32,2,64,Digital Wallet,In-Store,29/01/2024,FALSE
TXN_2880856,CUST_18,Patisserie,Item_13_PAT,23,4,92,Credit Card,In-Store,15/02/2024,FALSE
TXN_8948224,CUST_12,Food,Item_11_FOOD,20,10,200,Credit Card,Online,14/03/2023,FALSE
TXN_6311622,CUST_17,Furniture,Item_17_FUR,29,7,203,Credit Card,In-Store,30/11/2023,TRUE
TXN_4879594,CUST_14,Furniture,Item_15_FUR,26,9,234,Digital Wallet,Online,26/12/2023,FALSE
TXN_4274209,CUST_01,Beverages,Item_10_BEV,18.5,9,166.5,Cash,Online,19/11/2024,FALSE
TXN_8568584,CUST_14,Butchers,Item_20_BUT,33.5,4,134,Cash,Online,25/09/2024,FALSE
TXN_5518578,CUST_06,Electric Household Essentials,Item_19_EHE,32,6,192,Cash,In-Store,15/09/2022,FALSE
TXN_2259360,CUST_25,Electric Household Essentials,Item_12_EHE,21.5,6,129,Digital Wallet,In-Store,17/02/2022,FALSE
TXN_4785966,CUST_09,Electric Household Essentials,Item_10_EHE,18.5,1,18.5,Digital Wallet,In-Store,11/9/2022,TRUE
TXN_8377286,CUST_16,Electric Household Essentials,Item_15_EHE,26,5,130,Credit Card,In-Store,25/06/2024,FALSE
TXN_2789621,CUST_05,Milk Products,Item_25_MILK,41,3,123,Digital Wallet,In-Store,15/07/2023,FALSE
TXN_8578826,CUST_24,Computers And Electric Accessories,Item_9_CEA,17,3,51,Digital Wallet,Online,15/08/2024,FALSE
TXN_9212341,CUST_02,Butchers,Item_13_BUT,23,9,207,Credit Card,In-Store,23/08/2023,FALSE
TXN_1587097,CUST_03,Computers And Electric Accessories,Item_16_CEA,27.5,10,275,Cash,In-Store,25/02/2024,FALSE
TXN_3636688,CUST_23,Patisserie,Item_14_PAT,24.5,8,196,Credit Card,Online,5/1/2025,FALSE
TXN_8423309,CUST_16,Computers And Electric Accessories,Item_3_CEA,8,9,72,Credit Card,Online,30/05/2022,FALSE
TXN_1770062,CUST_05,Furniture,Item_25_FUR,41,2,82,Cash,In-Store,28/02/2023,TRUE
TXN_4344002,CUST_07,Beverages,Item_11_BEV,20,3,60,Credit Card,Online,28/09/2023,FALSE
TXN_4161318,CUST_21,Electric Household Essentials,Item_13_EHE,23,7,161,Credit Card,Online,18/08/2023,FALSE
TXN_8660754,CUST_01,Computers And Electric Accessories,Item_9_CEA,17,2,34,Digital Wallet,In-Store,24/03/2022,TRUE
TXN_5283643,CUST_02,Beverages,Item_24_BEV,39.5,8,316,Cash,Online,9/7/2023,TRUE
TXN_5401680,CUST_21,Electric Household Essentials,Item_11_EHE,20,9,180,Cash,In-Store,23/01/2023,FALSE
TXN_6461094,CUST_19,Beverages,Item_2_BEV,6.5,3,19.5,Cash,In-Store,4/4/2024,TRUE
TXN_2411071,CUST_17,Electric Household Essentials,Item_25_EHE,41,4,164,Cash,In-Store,28/11/2023,FALSE
TXN_1898388,CUST_17,Milk Products,Item_19_MILK,32,8,256,Credit Card,In-Store,22/09/2023,FALSE
TXN_1787892,CUST_20,Food,Item_10_FOOD,18.5,6,111,Digital Wallet,Online,10/11/2022,TRUE
TXN_1426923,CUST_07,Food,Item_18_FOOD,30.5,5,152.5,Cash,In-Store,10/4/2022,TRUE
TXN_7988578,CUST_23,Butchers,Item_22_BUT,36.5,7,255.5,Credit Card,In-Store,18/01/2023,TRUE
TXN_7642752,CUST_01,Computers And Electric Accessories,Item_2_CEA,6.5,10,65,Cash,Online,15/01/2025,FALSE
TXN_5676229,CUST_18,Food,Item_13_FOOD,23,2,46,Credit Card,Online,21/02/2022,TRUE
TXN_4235666,CUST_05,Furniture,Item_18_FUR,30.5,8,244,Credit Card,Online,19/05/2022,FALSE
TXN_3833413,CUST_02,Butchers,Item_4_BUT,9.5,5,47.5,Credit Card,In-Store,20/03/2023,FALSE
TXN_9925623,CUST_25,Beverages,Item_25_BEV,41,4,164,Credit Card,Online,20/08/2022,FALSE
TXN_6287957,CUST_01,Butchers,Item_16_BUT,27.5,5,137.5,Credit Card,Online,19/06/2023,TRUE
TXN_7166849,CUST_10,Furniture,Item_8_FUR,15.5,7,108.5,Credit Card,Online,15/10/2023,TRUE
TXN_3818660,CUST_12,Food,Item_12_FOOD,21.5,4,86,Cash,In-Store,13/12/2024,FALSE
TXN_3470552,CUST_12,Furniture,Item_23_FUR,38,10,380,Digital Wallet,Online,9/3/2024,FALSE
TXN_8262433,CUST_22,Computers And Electric Accessories,Item_5_CEA,11,10,110,Credit Card,Online,18/09/2023,FALSE
TXN_7829206,CUST_23,Butchers,Item_8_BUT,15.5,1,15.5,Cash,Online,5/12/2024,TRUE
TXN_9922518,CUST_08,Food,Item_22_FOOD,36.5,9,328.5,Cash,Online,30/07/2023,TRUE
TXN_9250241,CUST_05,Beverages,Item_10_BEV,18.5,1,18.5,Cash,Online,17/11/2024,TRUE
TXN_9218611,CUST_01,Milk Products,Item_7_MILK,14,8,112,Digital Wallet,Online,16/12/2023,FALSE
TXN_2165118,CUST_11,Food,Item_17_FOOD,29,6,174,Cash,In-Store,28/11/2023,FALSE
TXN_1772882,CUST_15,Butchers,Item_11_BUT,20,9,180,Digital Wallet,In-Store,18/12/2023,TRUE
TXN_7477131,CUST_15,Patisserie,Item_7_PAT,14,3,42,Cash,Online,29/09/2024,TRUE
TXN_3294951,CUST_19,Food,Item_5_FOOD,11,10,110,Cash,In-Store,15/09/2023,FALSE
TXN_9568940,CUST_24,Patisserie,Item_12_PAT,21.5,5,107.5,Cash,Online,2/1/2025,FALSE
TXN_2508784,CUST_02,Beverages,Item_8_BEV,15.5,7,108.5,Credit Card,Online,29/08/2024,TRUE
TXN_9196494,CUST_25,Electric Household Essentials,Item_25_EHE,41,5,205,Credit Card,In-Store,28/12/2024,TRUE
TXN_5298533,CUST_03,Food,Item_6_FOOD,12.5,8,100,Cash,Online,24/11/2023,TRUE
TXN_4777165,CUST_08,Milk Products,Item_3_MILK,8,1,8,Cash,In-Store,1/6/2022,TRUE
TXN_1231953,CUST_13,Computers And Electric Accessories,Item_9_CEA,17,8,136,Digital Wallet,Online,16/02/2024,FALSE
TXN_7547051,CUST_23,Food,Item_25_FOOD,41,3,123,Digital Wallet,In-Store,24/09/2024,FALSE
TXN_4162114,CUST_11,Food,Item_12_FOOD,21.5,5,107.5,Cash,Online,2/5/2023,FALSE
TXN_4874732,CUST_24,Butchers,Item_25_BUT,41,5,205,Cash,Online,4/10/2022,TRUE
TXN_5086683,CUST_02,Furniture,Item_7_FUR,14,1,14,Digital Wallet,Online,13/10/2024,FALSE
TXN_7021336,CUST_25,Beverages,Item_3_BEV,8,10,80,Digital Wallet,Online,3/7/2022,TRUE
TXN_2059563,CUST_15,Computers And Electric Accessories,Item_12_CEA,21.5,5,107.5,Digital Wallet,Online,23/07/2024,TRUE
TXN_1497345,CUST_15,Furniture,Item_14_FUR,24.5,8,196,Cash,Online,5/1/2022,TRUE
TXN_1277309,CUST_24,Computers And Electric Accessories,Item_7_CEA,14,9,126,Credit Card,In-Store,1/6/2023,FALSE
TXN_3803930,CUST_23,Electric Household Essentials,Item_22_EHE,36.5,5,182.5,Digital Wallet,Online,14/01/2025,TRUE
TXN_3514548,CUST_18,Electric Household Essentials,Item_25_EHE,41,1,41,Credit Card,In-Store,5/4/2024,FALSE
TXN_2706063,CUST_15,Butchers,Item_12_BUT,21.5,4,86,Cash,Online,10/9/2022,FALSE
TXN_1465531,CUST_20,Milk Products,Item_2_MILK,6.5,10,65,Credit Card,In-Store,3/7/2024,TRUE
TXN_6666458,CUST_21,Furniture,Item_24_FUR,39.5,2,79,Digital Wallet,In-Store,29/03/2023,FALSE
TXN_9941031,CUST_05,Patisserie,Item_5_PAT,11,5,55,Credit Card,In-Store,14/04/2023,FALSE
TXN_5747894,CUST_14,Beverages,Item_7_BEV,14,6,84,Credit Card,Online,25/09/2024,FALSE
TXN_8847569,CUST_16,Electric Household Essentials,Item_21_EHE,35,5,175,Cash,In-Store,19/07/2023,TRUE
TXN_1662766,CUST_18,Milk Products,Item_16_MILK,27.5,2,55,Digital Wallet,Online,19/05/2024,FALSE
TXN_6276011,CUST_15,Butchers,Item_22_BUT,36.5,4,146,Cash,Online,10/6/2022,TRUE
TXN_3032195,CUST_07,Beverages,Item_2_BEV,6.5,6,39,Digital Wallet,Online,14/02/2022,FALSE
TXN_9535889,CUST_08,Electric Household Essentials,Item_17_EHE,29,1,29,Credit Card,Online,20/03/2024,TRUE
TXN_6950644,CUST_13,Milk Products,Item_21_MILK,35,7,245,Credit Card,Online,20/11/2024,TRUE
TXN_6375978,CUST_23,Milk Products,Item_11_MILK,20,10,200,Digital Wallet,In-Store,7/4/2022,FALSE
TXN_5403498,CUST_16,Furniture,Item_7_FUR,14,7,98,Credit Card,In-Store,18/05/2024,TRUE
TXN_6255024,CUST_14,Beverages,Item_19_BEV,32,3,96,Digital Wallet,Online,18/07/2023,TRUE
TXN_9094922,CUST_23,Electric Household Essentials,Item_19_EHE,32,5,160,Credit Card,In-Store,12/7/2022,FALSE
TXN_3928788,CUST_23,Food,Item_14_FOOD,24.5,8,196,Credit Card,Online,29/04/2024,FALSE
TXN_2306841,CUST_04,Furniture,Item_23_FUR,38,2,76,Cash,In-Store,6/5/2023,TRUE
TXN_4176444,CUST_14,Butchers,Item_21_BUT,35,2,70,Digital Wallet,In-Store,15/10/2022,FALSE
TXN_6651280,CUST_18,Patisserie,Item_16_PAT,27.5,6,165,Digital Wallet,In-Store,5/12/2022,TRUE
TXN_5085529,CUST_05,Computers And Electric Accessories,Item_21_CEA,35,10,350,Credit Card,In-Store,22/09/2023,TRUE
TXN_7459810,CUST_09,Food,Item_7_FOOD,14,8,112,Digital Wallet,Online,1/12/2022,FALSE
TXN_9834766,CUST_04,Butchers,Item_22_BUT,36.5,9,328.5,Credit Card,Online,24/10/2023,FALSE
TXN_3051299,CUST_20,Food,Item_14_FOOD,24.5,10,245,Digital Wallet,Online,11/1/2025,FALSE
TXN_5276329,CUST_09,Food,Item_5_FOOD,11,1,11,Cash,Online,18/12/2023,FALSE
TXN_9328530,CUST_19,Furniture,Item_12_FUR,21.5,10,215,Credit Card,Online,28/06/2023,TRUE
TXN_9442074,CUST_06,Butchers,Item_7_BUT,14,6,84,Credit Card,Online,24/10/2023,TRUE
TXN_1860632,CUST_18,Computers And Electric Accessories,Item_14_CEA,24.5,8,196,Cash,In-Store,30/11/2022,TRUE
TXN_8655596,CUST_15,Computers And Electric Accessories,Item_13_CEA,23,6,138,Credit Card,In-Store,29/12/2024,FALSE
TXN_9501990,CUST_04,Milk Products,Item_1_MILK,5,5,25,Cash,In-Store,18/02/2022,FALSE
TXN_4494866,CUST_22,Computers And Electric Accessories,Item_2_CEA,6.5,4,26,Credit Card,In-Store,11/3/2024,FALSE
TXN_8866685,CUST_13,Electric Household Essentials,Item_21_EHE,35,1,35,Digital Wallet,Online,4/8/2022,FALSE
TXN_2985819,CUST_13,Beverages,Item_17_BEV,29,9,261,Digital Wallet,Online,7/9/2023,FALSE
TXN_9803487,CUST_13,Beverages,Item_4_BEV,9.5,5,47.5,Credit Card,Online,29/03/2023,FALSE
TXN_5726935,CUST_09,Milk Products,Item_13_MILK,23,9,207,Credit Card,Online,23/02/2022,TRUE
TXN_9012270,CUST_18,Beverages,Item_17_BEV,29,4,116,Digital Wallet,Online,17/10/2022,FALSE
TXN_5684370,CUST_11,Computers And Electric Accessories,Item_19_CEA,32,5,160,Cash,In-Store,6/10/2022,TRUE
TXN_6490751,CUST_07,Electric Household Essentials,Item_8_EHE,15.5,1,15.5,Credit Card,In-Store,27/04/2023,TRUE
TXN_7481579,CUST_09,Patisserie,Item_9_PAT,17,8,136,Cash,In-Store,13/05/2023,FALSE
TXN_9855768,CUST_02,Milk Products,Item_3_MILK,8,4,32,Cash,Online,6/2/2024,FALSE
TXN_9442836,CUST_17,Butchers,Item_8_BUT,15.5,9,139.5,Credit Card,In-Store,21/02/2023,FALSE
TXN_1909410,CUST_14,Patisserie,Item_21_PAT,35,1,35,Cash,In-Store,6/9/2023,FALSE
TXN_9619819,CUST_24,Milk Products,Item_7_MILK,14,9,126,Digital Wallet,In-Store,8/11/2022,FALSE
TXN_2081389,CUST_05,Milk Products,Item_23_MILK,38,6,228,Digital Wallet,In-Store,18/03/2024,FALSE
TXN_7417646,CUST_13,Furniture,Item_25_FUR,41,6,246,Credit Card,Online,6/3/2024,FALSE
TXN_5674806,CUST_14,Butchers,Item_12_BUT,21.5,1,21.5,Credit Card,In-Store,29/09/2022,TRUE
TXN_4524072,CUST_13,Furniture,Item_17_FUR,29,6,174,Cash,In-Store,14/01/2024,TRUE
TXN_8789507,CUST_01,Electric Household Essentials,Item_25_EHE,41,4,164,Digital Wallet,In-Store,30/09/2023,TRUE
TXN_7757078,CUST_22,Food,Item_11_FOOD,20,1,20,Digital Wallet,Online,21/02/2023,FALSE
TXN_4635088,CUST_11,Milk Products,Item_16_MILK,27.5,3,82.5,Digital Wallet,In-Store,8/12/2022,FALSE
TXN_5398868,CUST_09,Milk Products,Item_24_MILK,39.5,9,355.5,Credit Card,In-Store,18/04/2023,FALSE
TXN_8378613,CUST_01,Patisserie,Item_12_PAT,21.5,9,193.5,Digital Wallet,In-Store,1/3/2023,FALSE
TXN_6202481,CUST_14,Food,Item_21_FOOD,35,5,175,Credit Card,Online,31/03/2023,TRUE
TXN_8796421,CUST_20,Computers And Electric Accessories,Item_23_CEA,38,6,228,Cash,Online,8/4/2023,FALSE
TXN_4358862,CUST_06,Butchers,Item_2_BUT,6.5,4,26,Digital Wallet,In-Store,19/04/2022,TRUE
TXN_2539807,CUST_18,Beverages,Item_14_BEV,24.5,5,122.5,Cash,Online,15/05/2022,TRUE
TXN_1273334,CUST_22,Beverages,Item_25_BEV,41,10,410,Digital Wallet,In-Store,4/11/2022,TRUE
TXN_3076324,CUST_07,Patisserie,Item_17_PAT,29,2,58,Credit Card,In-Store,12/6/2023,TRUE
TXN_6185567,CUST_11,Furniture,Item_5_FUR,11,4,44,Digital Wallet,Online,17/07/2024,TRUE
TXN_8267845,CUST_14,Computers And Electric Accessories,Item_11_CEA,20,8,160,Cash,In-Store,13/02/2024,TRUE
TXN_6619000,CUST_16,Furniture,Item_12_FUR,21.5,10,215,Cash,Online,2/5/2024,TRUE
TXN_3042689,CUST_01,Furniture,Item_7_FUR,14,3,42,Credit Card,In-Store,16/05/2024,TRUE
TXN_4764571,CUST_18,Food,Item_2_FOOD,6.5,6,39,Digital Wallet,Online,16/01/2023,FALSE
TXN_5028536,CUST_03,Butchers,Item_13_BUT,23,1,23,Digital Wallet,In-Store,21/09/2024,FALSE
TXN_7969813,CUST_17,Electric Household Essentials,Item_12_EHE,21.5,1,21.5,Credit Card,In-Store,16/06/2022,TRUE
TXN_1202644,CUST_01,Food,Item_25_FOOD,41,5,205,Credit Card,In-Store,2/4/2023,FALSE
TXN_4222025,CUST_02,Electric Household Essentials,Item_9_EHE,17,4,68,Digital Wallet,Online,27/03/2022,FALSE
TXN_4050560,CUST_13,Electric Household Essentials,Item_15_EHE,26,6,156,Cash,Online,17/07/2024,FALSE
TXN_6606292,CUST_19,Beverages,Item_22_BEV,36.5,5,182.5,Cash,In-Store,21/12/2023,FALSE
TXN_8048817,CUST_23,Patisserie,Item_22_PAT,36.5,7,255.5,Cash,In-Store,12/9/2024,TRUE
TXN_8735696,CUST_06,Butchers,Item_15_BUT,26,7,182,Digital Wallet,Online,5/2/2024,FALSE
TXN_7978024,CUST_15,Electric Household Essentials,Item_17_EHE,29,9,261,Digital Wallet,Online,27/02/2022,FALSE
TXN_4351976,CUST_15,Computers And Electric Accessories,Item_15_CEA,26,6,156,Cash,Online,3/8/2024,FALSE
TXN_9212134,CUST_25,Furniture,Item_25_FUR,41,1,41,Digital Wallet,In-Store,14/07/2024,FALSE
TXN_9555119,CUST_15,Food,Item_8_FOOD,15.5,7,108.5,Digital Wallet,Online,29/03/2023,TRUE
TXN_6589273,CUST_07,Computers And Electric Accessories,Item_20_CEA,33.5,3,100.5,Credit Card,Online,25/03/2022,TRUE
TXN_4109801,CUST_24,Food,Item_21_FOOD,35,3,105,Digital Wallet,In-Store,11/7/2023,TRUE
TXN_2453867,CUST_03,Food,Item_9_FOOD,17,7,119,Credit Card,In-Store,2/7/2023,FALSE
TXN_1896794,CUST_18,Furniture,Item_19_FUR,32,7,224,Credit Card,Online,23/10/2023,TRUE
TXN_2208386,CUST_22,Food,Item_24_FOOD,39.5,2,79,Credit Card,Online,30/08/2023,TRUE
TXN_3778032,CUST_01,Electric Household Essentials,Item_9_EHE,17,5,85,Cash,Online,21/01/2022,FALSE
TXN_8514175,CUST_10,Patisserie,Item_5_PAT,11,1,11,Digital Wallet,In-Store,28/12/2024,TRUE
TXN_2764427,CUST_03,Milk Products,Item_18_MILK,30.5,8,244,Cash,In-Store,16/07/2024,FALSE
TXN_6731052,CUST_11,Milk Products,Item_24_MILK,39.5,7,276.5,Digital Wallet,In-Store,11/9/2024,TRUE
TXN_8892083,CUST_11,Food,Item_11_FOOD,20,8,160,Cash,In-Store,3/2/2023,FALSE
TXN_1828172,CUST_06,Computers And Electric Accessories,Item_24_CEA,39.5,6,237,Credit Card,In-Store,14/11/2024,TRUE
TXN_5374169,CUST_24,Milk Products,Item_4_MILK,9.5,5,47.5,Credit Card,Online,24/02/2022,FALSE
TXN_4610549,CUST_24,Beverages,Item_12_BEV,21.5,3,64.5,Credit Card,In-Store,26/08/2022,FALSE
TXN_3301574,CUST_11,Beverages,Item_13_BEV,23,4,92,Digital Wallet,Online,25/07/2022,TRUE
TXN_3372645,CUST_02,Beverages,Item_12_BEV,21.5,10,215,Cash,In-Store,1/5/2022,TRUE
TXN_5259345,CUST_02,Electric Household Essentials,Item_15_EHE,26,10,260,Credit Card,In-Store,15/05/2024,FALSE
TXN_9181921,CUST_16,Furniture,Item_23_FUR,38,2,76,Cash,In-Store,22/06/2023,TRUE
TXN_2157777,CUST_05,Beverages,Item_14_BEV,24.5,7,171.5,Cash,Online,7/1/2024,TRUE
TXN_3779677,CUST_21,Food,Item_17_FOOD,29,6,174,Digital Wallet,Online,13/08/2024,FALSE
TXN_3308490,CUST_15,Furniture,Item_23_FUR,38,1,38,Digital Wallet,In-Store,11/12/2024,FALSE
TXN_2107995,CUST_19,Butchers,Item_2_BUT,6.5,7,45.5,Cash,Online,16/05/2023,FALSE
TXN_4963384,CUST_22,Milk Products,Item_6_MILK,12.5,2,25,Credit Card,Online,7/10/2024,FALSE
TXN_8025714,CUST_12,Beverages,Item_12_BEV,21.5,7,150.5,Cash,Online,3/6/2024,FALSE
TXN_9315060,CUST_07,Furniture,Item_24_FUR,39.5,7,276.5,Cash,Online,14/10/2024,FALSE
TXN_6981363,CUST_14,Food,Item_3_FOOD,8,9,72,Credit Card,Online,24/04/2024,TRUE
TXN_3056691,CUST_22,Food,Item_2_FOOD,6.5,5,32.5,Credit Card,In-Store,8/10/2022,TRUE
TXN_9835267,CUST_23,Milk Products,Item_13_MILK,23,8,184,Credit Card,Online,15/07/2023,TRUE
TXN_1634027,CUST_05,Milk Products,Item_13_MILK,23,1,23,Digital Wallet,Online,3/2/2023,TRUE
TXN_6095170,CUST_13,Furniture,Item_23_FUR,38,10,380,Credit Card,Online,27/11/2022,TRUE
TXN_7551798,CUST_20,Butchers,Item_3_BUT,8,4,32,Digital Wallet,Online,15/06/2023,TRUE
TXN_6431534,CUST_21,Beverages,Item_5_BEV,11,5,55,Credit Card,Online,21/06/2023,FALSE
TXN_6587636,CUST_13,Patisserie,Item_16_PAT,27.5,7,192.5,Cash,Online,30/04/2022,TRUE
TXN_3951114,CUST_23,Beverages,Item_14_BEV,24.5,5,122.5,Digital Wallet,Online,16/01/2022,TRUE
TXN_4751128,CUST_18,Electric Household Essentials,Item_5_EHE,11,10,110,Digital Wallet,Online,19/04/2022,TRUE
TXN_2085114,CUST_15,Beverages,Item_22_BEV,36.5,3,109.5,Cash,In-Store,1/1/2025,TRUE
TXN_6781800,CUST_24,Furniture,Item_19_FUR,32,8,256,Cash,Online,26/09/2024,TRUE
TXN_5660916,CUST_02,Food,Item_25_FOOD,41,3,123,Digital Wallet,In-Store,19/09/2023,TRUE
TXN_9418798,CUST_11,Furniture,Item_14_FUR,24.5,1,24.5,Credit Card,Online,7/3/2022,FALSE
TXN_1414376,CUST_12,Food,Item_4_FOOD,9.5,6,57,Cash,In-Store,26/12/2022,TRUE
TXN_9015176,CUST_01,Furniture,Item_15_FUR,26,7,182,Digital Wallet,In-Store,1/3/2023,FALSE
TXN_6699706,CUST_23,Furniture,Item_7_FUR,14,1,14,Digital Wallet,Online,31/12/2023,FALSE
TXN_5893458,CUST_25,Butchers,Item_13_BUT,23,4,92,Credit Card,In-Store,13/08/2023,FALSE
TXN_3564962,CUST_01,Electric Household Essentials,Item_4_EHE,9.5,10,95,Digital Wallet,In-Store,5/3/2022,TRUE
TXN_9824009,CUST_16,Computers And Electric Accessories,Item_5_CEA,11,6,66,Digital Wallet,In-Store,16/01/2025,FALSE
TXN_1695036,CUST_02,Electric Household Essentials,Item_4_EHE,9.5,1,9.5,Digital Wallet,In-Store,18/08/2024,FALSE
TXN_7414120,CUST_20,Patisserie,Item_23_PAT,38,5,190,Digital Wallet,Online,15/01/2022,FALSE
TXN_9229474,CUST_22,Beverages,Item_11_BEV,20,4,80,Digital Wallet,In-Store,23/05/2023,FALSE
TXN_6445701,CUST_04,Furniture,Item_7_FUR,14,4,56,Credit Card,Online,28/01/2023,TRUE
TXN_4375152,CUST_17,Butchers,Item_25_BUT,41,8,328,Credit Card,Online,14/04/2022,TRUE
TXN_6039588,CUST_01,Furniture,Item_14_FUR,24.5,7,171.5,Credit Card,In-Store,2/3/2024,TRUE
TXN_1490410,CUST_20,Patisserie,Item_7_PAT,14,6,84,Digital Wallet,In-Store,22/08/2022,FALSE
TXN_4740089,CUST_05,Furniture,Item_8_FUR,15.5,9,139.5,Credit Card,Online,27/07/2023,TRUE
TXN_5078259,CUST_22,Patisserie,Item_2_PAT,6.5,3,19.5,Cash,In-Store,16/01/2023,FALSE
TXN_9601122,CUST_24,Beverages,Item_11_BEV,20,9,180,Cash,In-Store,13/01/2024,FALSE
TXN_1793827,CUST_01,Electric Household Essentials,Item_20_EHE,33.5,6,201,Cash,Online,15/02/2022,TRUE
TXN_7094868,CUST_20,Furniture,Item_20_FUR,33.5,1,33.5,Digital Wallet,Online,7/11/2023,TRUE
TXN_5937987,CUST_12,Beverages,Item_4_BEV,9.5,7,66.5,Digital Wallet,Online,24/10/2022,TRUE
TXN_5012256,CUST_10,Furniture,Item_24_FUR,39.5,4,158,Digital Wallet,In-Store,16/04/2022,FALSE
TXN_5848699,CUST_19,Patisserie,Item_13_PAT,23,1,23,Digital Wallet,Online,29/10/2023,FALSE
TXN_5485024,CUST_09,Milk Products,Item_7_MILK,14,2,28,Digital Wallet,In-Store,12/5/2024,FALSE
TXN_5703980,CUST_02,Computers And Electric Accessories,Item_22_CEA,36.5,2,73,Cash,Online,24/09/2023,FALSE
TXN_5777361,CUST_11,Patisserie,Item_2_PAT,6.5,1,6.5,Digital Wallet,Online,18/03/2024,FALSE
TXN_3736146,CUST_07,Patisserie,Item_23_PAT,38,10,380,Credit Card,In-Store,25/09/2024,TRUE
TXN_3259882,CUST_03,Milk Products,Item_17_MILK,29,9,261,Digital Wallet,In-Store,18/01/2023,FALSE
TXN_9284796,CUST_11,Electric Household Essentials,Item_15_EHE,26,9,234,Cash,In-Store,8/5/2024,FALSE
TXN_4830417,CUST_18,Food,Item_14_FOOD,24.5,8,196,Digital Wallet,In-Store,29/09/2024,FALSE
TXN_9090610,CUST_10,Butchers,Item_7_BUT,14,10,140,Digital Wallet,Online,16/05/2023,FALSE
TXN_6485374,CUST_18,Patisserie,Item_18_PAT,30.5,8,244,Credit Card,In-Store,20/05/2024,FALSE
TXN_1395136,CUST_07,Patisserie,Item_12_PAT,21.5,6,129,Digital Wallet,Online,17/04/2022,FALSE
TXN_5119926,CUST_20,Patisserie,Item_20_PAT,33.5,5,167.5,Credit Card,In-Store,2/1/2024,TRUE
TXN_7221106,CUST_22,Milk Products,Item_1_MILK,5,8,40,Cash,In-Store,15/03/2023,TRUE
TXN_9362588,CUST_09,Food,Item_22_FOOD,36.5,2,73,Credit Card,Online,3/3/2023,FALSE
TXN_4903332,CUST_08,Food,Item_21_FOOD,35,10,350,Credit Card,In-Store,18/01/2023,TRUE
TXN_6555691,CUST_19,Food,Item_10_FOOD,18.5,8,148,Cash,In-Store,24/08/2024,TRUE
TXN_7410836,CUST_05,Patisserie,Item_20_PAT,33.5,2,67,Digital Wallet,In-Store,22/01/2023,FALSE
TXN_2075749,CUST_04,Milk Products,Item_4_MILK,9.5,5,47.5,Cash,Online,7/11/2024,TRUE
TXN_9183760,CUST_12,Electric Household Essentials,Item_16_EHE,27.5,1,27.5,Digital Wallet,In-Store,4/5/2024,FALSE
TXN_6339700,CUST_15,Milk Products,Item_13_MILK,23,7,161,Credit Card,Online,27/01/2022,TRUE
TXN_5286530,CUST_01,Computers And Electric Accessories,Item_6_CEA,12.5,6,75,Digital Wallet,In-Store,28/02/2024,TRUE
TXN_1921846,CUST_04,Milk Products,Item_3_MILK,8,3,24,Credit Card,In-Store,12/12/2024,FALSE
TXN_4662950,CUST_08,Furniture,Item_16_FUR,27.5,2,55,Credit Card,In-Store,29/10/2022,TRUE
TXN_6152928,CUST_24,Patisserie,Item_17_PAT,29,7,203,Credit Card,In-Store,24/03/2022,FALSE
TXN_1479772,CUST_13,Electric Household Essentials,Item_17_EHE,29,6,174,Digital Wallet,In-Store,22/07/2023,FALSE
TXN_3024691,CUST_25,Electric Household Essentials,Item_21_EHE,35,4,140,Digital Wallet,In-Store,14/02/2024,TRUE
TXN_1992937,CUST_20,Butchers,Item_25_BUT,41,6,246,Digital Wallet,Online,8/1/2025,FALSE
TXN_2734006,CUST_09,Beverages,Item_10_BEV,18.5,9,166.5,Credit Card,In-Store,7/6/2023,TRUE
TXN_6208291,CUST_12,Furniture,Item_15_FUR,26,9,234,Credit Card,Online,10/3/2023,FALSE
TXN_9397356,CUST_23,Furniture,Item_11_FUR,20,7,140,Credit Card,In-Store,9/2/2022,FALSE
TXN_3228853,CUST_19,Milk Products,Item_23_MILK,38,9,342,Cash,Online,2/6/2023,TRUE
TXN_9904612,CUST_16,Patisserie,Item_7_PAT,14,4,56,Digital Wallet,Online,3/1/2024,FALSE
TXN_8552732,CUST_02,Furniture,Item_25_FUR,41,8,328,Cash,In-Store,28/03/2024,TRUE
TXN_7202102,CUST_06,Patisserie,Item_16_PAT,27.5,2,55,Digital Wallet,Online,9/3/2022,TRUE
TXN_3692324,CUST_25,Patisserie,Item_23_PAT,38,6,228,Cash,Online,24/01/2024,TRUE
TXN_8170651,CUST_18,Furniture,Item_15_FUR,26,2,52,Digital Wallet,In-Store,14/08/2024,TRUE
TXN_2155063,CUST_15,Electric Household Essentials,Item_22_EHE,36.5,9,328.5,Digital Wallet,In-Store,18/09/2024,FALSE
TXN_4498044,CUST_17,Furniture,Item_2_FUR,6.5,4,26,Cash,Online,22/06/2023,TRUE
TXN_6749563,CUST_15,Milk Products,Item_3_MILK,8,2,16,Cash,Online,31/10/2023,TRUE
TXN_5426061,CUST_12,Patisserie,Item_13_PAT,23,9,207,Cash,Online,23/06/2024,FALSE
TXN_4742105,CUST_23,Milk Products,Item_3_MILK,8,7,56,Credit Card,In-Store,9/12/2023,FALSE
TXN_9188702,CUST_25,Milk Products,Item_6_MILK,12.5,2,25,Cash,Online,20/07/2024,FALSE
TXN_6195176,CUST_08,Beverages,Item_2_BEV,6.5,3,19.5,Cash,In-Store,10/6/2023,FALSE
TXN_3032775,CUST_07,Computers And Electric Accessories,Item_3_CEA,8,4,32,Cash,Online,14/05/2022,TRUE
TXN_3624582,CUST_15,Milk Products,Item_16_MILK,27.5,9,247.5,Credit Card,In-Store,4/2/2022,FALSE
TXN_8534609,CUST_14,Food,Item_17_FOOD,29,5,145,Cash,In-Store,8/3/2023,TRUE
TXN_6497599,CUST_21,Electric Household Essentials,Item_18_EHE,30.5,10,305,Cash,In-Store,23/01/2023,TRUE
TXN_1374421,CUST_22,Beverages,Item_21_BEV,35,5,175,Cash,Online,19/05/2023,FALSE
TXN_9534913,CUST_24,Electric Household Essentials,Item_8_EHE,15.5,9,139.5,Cash,Online,27/02/2022,FALSE
TXN_8655955,CUST_09,Beverages,Item_24_BEV,39.5,6,237,Credit Card,Online,29/04/2023,FALSE
TXN_2592687,CUST_24,Butchers,Item_20_BUT,33.5,5,167.5,Digital Wallet,In-Store,26/07/2024,TRUE
TXN_7729747,CUST_13,Food,Item_20_FOOD,33.5,5,167.5,Credit Card,In-Store,29/06/2023,FALSE
TXN_6562987,CUST_20,Computers And Electric Accessories,Item_12_CEA,21.5,4,86,Cash,In-Store,19/06/2024,TRUE
TXN_2283214,CUST_02,Butchers,Item_7_BUT,14,10,140,Digital Wallet,Online,2/12/2023,TRUE
TXN_7728635,CUST_08,Food,Item_10_FOOD,18.5,3,55.5,Digital Wallet,In-Store,8/2/2022,FALSE
TXN_7239144,CUST_21,Food,Item_5_FOOD,11,7,77,Cash,Online,15/10/2023,TRUE
TXN_6191176,CUST_16,Computers And Electric Accessories,Item_15_CEA,26,1,26,Digital Wallet,Online,11/10/2024,FALSE
TXN_5268893,CUST_13,Food,Item_5_FOOD,11,3,33,Cash,Online,20/01/2024,FALSE
TXN_9147712,CUST_01,Milk Products,Item_6_MILK,12.5,2,25,Cash,Online,7/8/2023,TRUE
TXN_5014165,CUST_05,Food,Item_25_FOOD,41,9,369,Cash,In-Store,4/3/2023,FALSE
TXN_1467177,CUST_10,Computers And Electric Accessories,Item_10_CEA,18.5,3,55.5,Credit Card,In-Store,13/10/2022,TRUE
TXN_1498944,CUST_24,Electric Household Essentials,Item_10_EHE,18.5,8,148,Credit Card,Online,1/4/2023,TRUE
TXN_5119763,CUST_22,Electric Household Essentials,Item_15_EHE,26,8,208,Digital Wallet,Online,28/03/2022,FALSE
TXN_1007406,CUST_13,Beverages,Item_12_BEV,21.5,6,129,Credit Card,Online,8/5/2022,TRUE
TXN_6881262,CUST_03,Milk Products,Item_2_MILK,6.5,8,52,Cash,In-Store,12/12/2022,TRUE
TXN_1521020,CUST_03,Computers And Electric Accessories,Item_15_CEA,26,6,156,Digital Wallet,Online,30/01/2022,TRUE
TXN_4219882,CUST_04,Computers And Electric Accessories,Item_18_CEA,30.5,7,213.5,Digital Wallet,Online,10/7/2023,TRUE
TXN_5847493,CUST_17,Beverages,Item_7_BEV,14,2,28,Digital Wallet,Online,30/01/2024,TRUE
TXN_9185169,CUST_14,Computers And Electric Accessories,Item_2_CEA,6.5,2,13,Credit Card,In-Store,12/5/2023,FALSE
TXN_3218155,CUST_19,Electric Household Essentials,Item_1_EHE,5,6,30,Credit Card,In-Store,17/07/2024,TRUE
TXN_7855916,CUST_14,Patisserie,Item_15_PAT,26,4,104,Cash,Online,11/8/2022,TRUE
TXN_2883529,CUST_08,Furniture,Item_15_FUR,26,9,234,Credit Card,Online,5/11/2022,FALSE
TXN_1320747,CUST_11,Milk Products,Item_13_MILK,23,8,184,Digital Wallet,In-Store,10/3/2023,FALSE
TXN_1543544,CUST_23,Butchers,Item_17_BUT,29,2,58,Credit Card,In-Store,5/1/2023,TRUE
TXN_8245994,CUST_17,Food,Item_10_FOOD,18.5,7,129.5,Credit Card,In-Store,13/01/2022,FALSE
TXN_7683878,CUST_21,Patisserie,Item_25_PAT,41,2,82,Credit Card,In-Store,5/11/2024,TRUE
TXN_5859843,CUST_13,Furniture,Item_8_FUR,15.5,10,155,Credit Card,Online,9/1/2025,FALSE
TXN_4298643,CUST_07,Furniture,Item_16_FUR,27.5,2,55,Digital Wallet,Online,14/02/2024,FALSE
TXN_2262639,CUST_23,Furniture,Item_25_FUR,41,7,287,Cash,In-Store,13/12/2023,TRUE
TXN_5399331,CUST_22,Furniture,Item_7_FUR,14,10,140,Credit Card,Online,8/8/2024,FALSE
TXN_5473549,CUST_10,Computers And Electric Accessories,Item_21_CEA,35,4,140,Credit Card,Online,28/03/2024,TRUE
TXN_8022355,CUST_06,Computers And Electric Accessories,Item_8_CEA,15.5,7,108.5,Credit Card,Online,25/09/2023,TRUE
TXN_8898496,CUST_08,Food,Item_4_FOOD,9.5,2,19,Credit Card,Online,13/12/2023,TRUE
TXN_2374475,CUST_01,Furniture,Item_16_FUR,27.5,4,110,Credit Card,In-Store,28/10/2024,FALSE
TXN_4799944,CUST_06,Furniture,Item_15_FUR,26,6,156,Digital Wallet,In-Store,16/01/2022,FALSE
TXN_2177659,CUST_14,Electric Household Essentials,Item_11_EHE,20,1,20,Digital Wallet,Online,3/7/2024,TRUE
TXN_1930172,CUST_06,Patisserie,Item_8_PAT,15.5,6,93,Credit Card,In-Store,3/8/2022,FALSE
TXN_4348674,CUST_02,Milk Products,Item_14_MILK,24.5,5,122.5,Cash,Online,27/02/2022,FALSE
TXN_9358684,CUST_17,Beverages,Item_11_BEV,20,6,120,Credit Card,Online,24/04/2024,FALSE
TXN_6289960,CUST_16,Butchers,Item_21_BUT,35,4,140,Credit Card,In-Store,3/1/2023,TRUE
TXN_4376968,CUST_22,Furniture,Item_6_FUR,12.5,2,25,Digital Wallet,In-Store,5/8/2024,FALSE
TXN_2943718,CUST_24,Food,Item_11_FOOD,20,1,20,Digital Wallet,Online,24/02/2023,FALSE
TXN_3651432,CUST_25,Furniture,Item_24_FUR,39.5,1,39.5,Digital Wallet,In-Store,13/04/2024,TRUE
TXN_4271465,CUST_17,Milk Products,Item_1_MILK,5,2,10,Credit Card,Online,29/11/2022,FALSE
TXN_3985056,CUST_24,Computers And Electric Accessories,Item_20_CEA,33.5,3,100.5,Credit Card,In-Store,28/06/2023,TRUE
TXN_4909298,CUST_13,Milk Products,Item_6_MILK,12.5,7,87.5,Credit Card,Online,2/10/2022,TRUE
TXN_3979567,CUST_15,Computers And Electric Accessories,Item_10_CEA,18.5,2,37,Digital Wallet,In-Store,21/11/2024,TRUE
TXN_8071580,CUST_20,Milk Products,Item_22_MILK,36.5,1,36.5,Digital Wallet,In-Store,3/9/2022,FALSE
TXN_1726200,CUST_20,Milk Products,Item_3_MILK,8,9,72,Cash,In-Store,5/8/2024,TRUE
TXN_6462908,CUST_19,Beverages,Item_25_BEV,41,8,328,Cash,Online,18/09/2024,TRUE
TXN_9922695,CUST_21,Butchers,Item_13_BUT,23,3,69,Cash,Online,5/5/2023,FALSE
TXN_3333623,CUST_15,Furniture,Item_18_FUR,30.5,4,122,Credit Card,Online,27/12/2022,TRUE
TXN_2242368,CUST_06,Food,Item_24_FOOD,39.5,6,237,Cash,Online,18/09/2024,TRUE
TXN_1031335,CUST_21,Electric Household Essentials,Item_6_EHE,12.5,6,75,Cash,In-Store,19/11/2024,FALSE
TXN_1375951,CUST_14,Patisserie,Item_22_PAT,36.5,2,73,Credit Card,Online,15/04/2023,FALSE
TXN_9229067,CUST_17,Beverages,Item_14_BEV,24.5,5,122.5,Credit Card,In-Store,11/7/2023,FALSE
TXN_1271965,CUST_12,Patisserie,Item_6_PAT,12.5,10,125,Digital Wallet,Online,10/8/2024,FALSE
TXN_1575979,CUST_14,Furniture,Item_14_FUR,24.5,5,122.5,Digital Wallet,In-Store,23/01/2024,TRUE
TXN_6281250,CUST_04,Patisserie,Item_13_PAT,23,4,92,Cash,In-Store,21/09/2023,FALSE
TXN_5636940,CUST_02,Electric Household Essentials,Item_17_EHE,29,4,116,Cash,Online,16/10/2022,FALSE
TXN_2472483,CUST_21,Electric Household Essentials,Item_19_EHE,32,2,64,Credit Card,Online,18/09/2022,TRUE
TXN_7633588,CUST_04,Beverages,Item_23_BEV,38,8,304,Digital Wallet,In-Store,20/03/2024,FALSE
TXN_7686075,CUST_15,Electric Household Essentials,Item_16_EHE,27.5,2,55,Credit Card,Online,31/12/2023,TRUE
TXN_6621370,CUST_14,Computers And Electric Accessories,Item_16_CEA,27.5,2,55,Digital Wallet,Online,24/12/2023,TRUE
TXN_1135450,CUST_03,Food,Item_20_FOOD,33.5,8,268,Credit Card,Online,3/10/2024,FALSE
TXN_2275670,CUST_09,Beverages,Item_7_BEV,14,3,42,Digital Wallet,Online,1/4/2023,FALSE
TXN_8169977,CUST_09,Food,Item_15_FOOD,26,3,78,Credit Card,Online,9/10/2024,FALSE
TXN_7473324,CUST_16,Milk Products,Item_19_MILK,32,2,64,Cash,Online,5/2/2022,TRUE
TXN_2601626,CUST_18,Electric Household Essentials,Item_17_EHE,29,4,116,Cash,Online,3/9/2022,TRUE
TXN_7995037,CUST_02,Patisserie,Item_7_PAT,14,2,28,Credit Card,In-Store,16/12/2022,FALSE
TXN_8086025,CUST_20,Milk Products,Item_13_MILK,23,10,230,Digital Wallet,In-Store,10/5/2022,TRUE
TXN_7196109,CUST_08,Patisserie,Item_16_PAT,27.5,10,275,Digital Wallet,Online,20/12/2024,FALSE
TXN_1173263,CUST_13,Electric Household Essentials,Item_8_EHE,15.5,7,108.5,Digital Wallet,Online,31/07/2022,TRUE
TXN_2424303,CUST_21,Furniture,Item_8_FUR,15.5,8,124,Cash,Online,18/12/2022,TRUE
TXN_3073415,CUST_24,Beverages,Item_1_BEV,5,4,20,Cash,In-Store,31/07/2022,FALSE
TXN_8304885,CUST_20,Furniture,Item_16_FUR,27.5,5,137.5,Cash,Online,22/05/2023,TRUE
TXN_2688839,CUST_05,Patisserie,Item_2_PAT,6.5,1,6.5,Cash,Online,19/02/2022,TRUE
TXN_8033989,CUST_06,Beverages,Item_2_BEV,6.5,5,32.5,Cash,In-Store,29/08/2024,TRUE
TXN_6084238,CUST_11,Milk Products,Item_1_MILK,5,2,10,Credit Card,In-Store,28/10/2023,FALSE
TXN_9717005,CUST_01,Computers And Electric Accessories,Item_12_CEA,21.5,8,172,Credit Card,Online,2/2/2022,FALSE
TXN_1086487,CUST_07,Beverages,Item_16_BEV,27.5,1,27.5,Credit Card,In-Store,5/1/2025,FALSE
TXN_4091555,CUST_21,Butchers,Item_15_BUT,26,6,156,Credit Card,Online,1/8/2022,TRUE
TXN_5472933,CUST_10,Milk Products,Item_19_MILK,32,9,288,Cash,In-Store,12/5/2022,FALSE
TXN_8756781,CUST_11,Furniture,Item_8_FUR,15.5,4,62,Credit Card,Online,14/01/2024,FALSE
TXN_4942365,CUST_13,Furniture,Item_11_FUR,20,1,20,Digital Wallet,Online,29/12/2023,TRUE
TXN_1021886,CUST_04,Butchers,Item_8_BUT,15.5,5,77.5,Cash,Online,26/02/2022,TRUE
TXN_4349417,CUST_24,Beverages,Item_4_BEV,9.5,7,66.5,Digital Wallet,In-Store,10/3/2024,FALSE
TXN_2992467,CUST_22,Electric Household Essentials,Item_17_EHE,29,7,203,Credit Card,Online,27/12/2024,FALSE
TXN_7349078,CUST_24,Beverages,Item_24_BEV,39.5,1,39.5,Credit Card,Online,14/01/2022,FALSE
TXN_9972948,CUST_02,Milk Products,Item_11_MILK,20,4,80,Credit Card,Online,2/9/2024,FALSE
TXN_8520397,CUST_12,Electric Household Essentials,Item_25_EHE,41,10,410,Credit Card,Online,27/03/2024,TRUE
TXN_1324362,CUST_19,Butchers,Item_20_BUT,33.5,8,268,Credit Card,Online,15/02/2023,FALSE
TXN_2025713,CUST_06,Computers And Electric Accessories,Item_19_CEA,32,5,160,Digital Wallet,In-Store,21/11/2024,TRUE
TXN_3748778,CUST_10,Patisserie,Item_4_PAT,9.5,8,76,Cash,Online,29/01/2023,FALSE
TXN_7446233,CUST_09,Food,Item_21_FOOD,35,5,175,Cash,Online,3/1/2022,TRUE
TXN_6457805,CUST_12,Electric Household Essentials,Item_11_EHE,20,4,80,Cash,Online,27/02/2024,FALSE
TXN_3219067,CUST_14,Milk Products,Item_19_MILK,32,9,288,Cash,In-Store,6/9/2022,FALSE
TXN_4639732,CUST_11,Beverages,Item_19_BEV,32,2,64,Cash,In-Store,27/09/2023,FALSE
TXN_9238807,CUST_09,Patisserie,Item_13_PAT,23,4,92,Credit Card,Online,24/08/2022,TRUE
TXN_9995284,CUST_07,Food,Item_17_FOOD,29,3,87,Cash,Online,22/12/2024,TRUE
TXN_6111288,CUST_05,Patisserie,Item_17_PAT,29,10,290,Cash,Online,1/11/2023,FALSE
TXN_8246090,CUST_15,Electric Household Essentials,Item_6_EHE,12.5,3,37.5,Digital Wallet,Online,15/11/2024,TRUE
TXN_7602284,CUST_17,Patisserie,Item_14_PAT,24.5,8,196,Cash,In-Store,17/03/2024,FALSE
TXN_5711730,CUST_05,Electric Household Essentials,Item_11_EHE,20,1,20,Digital Wallet,In-Store,25/09/2023,TRUE
TXN_9202193,CUST_02,Computers And Electric Accessories,Item_14_CEA,24.5,2,49,Cash,Online,9/5/2022,TRUE
TXN_6188727,CUST_16,Computers And Electric Accessories,Item_1_CEA,5,6,30,Cash,Online,11/1/2025,FALSE
TXN_1661404,CUST_09,Computers And Electric Accessories,Item_2_CEA,6.5,3,19.5,Credit Card,Online,9/8/2024,TRUE
TXN_4802346,CUST_10,Beverages,Item_2_BEV,6.5,10,65,Cash,In-Store,14/03/2023,FALSE
TXN_9385378,CUST_05,Food,Item_10_FOOD,18.5,8,148,Credit Card,In-Store,8/11/2024,TRUE
TXN_2554615,CUST_21,Computers And Electric Accessories,Item_15_CEA,26,8,208,Digital Wallet,Online,4/11/2024,FALSE
TXN_6683839,CUST_18,Computers And Electric Accessories,Item_22_CEA,36.5,3,109.5,Digital Wallet,In-Store,18/05/2024,TRUE
TXN_7504022,CUST_16,Food,Item_25_FOOD,41,5,205,Cash,In-Store,7/4/2023,TRUE
TXN_7584688,CUST_05,Patisserie,Item_24_PAT,39.5,3,118.5,Credit Card,In-Store,27/09/2022,TRUE
TXN_3357305,CUST_01,Food,Item_1_FOOD,5,7,35,Credit Card,In-Store,12/11/2024,FALSE
TXN_6402496,CUST_13,Furniture,Item_4_FUR,9.5,5,47.5,Cash,In-Store,26/08/2022,TRUE
TXN_9654199,CUST_12,Patisserie,Item_23_PAT,38,5,190,Digital Wallet,In-Store,4/3/2024,TRUE
TXN_7978593,CUST_19,Electric Household Essentials,Item_12_EHE,21.5,4,86,Credit Card,Online,3/7/2024,TRUE
TXN_9948170,CUST_14,Electric Household Essentials,Item_25_EHE,41,9,369,Digital Wallet,In-Store,27/04/2022,TRUE
TXN_2804850,CUST_17,Butchers,Item_1_BUT,5,3,15,Credit Card,In-Store,13/02/2024,TRUE
TXN_9510703,CUST_11,Food,Item_7_FOOD,14,8,112,Digital Wallet,Online,24/05/2022,TRUE
TXN_3559457,CUST_23,Food,Item_6_FOOD,12.5,3,37.5,Digital Wallet,Online,17/01/2024,TRUE
TXN_2831531,CUST_10,Patisserie,Item_24_PAT,39.5,6,237,Cash,Online,19/06/2023,TRUE
TXN_6882208,CUST_10,Beverages,Item_20_BEV,33.5,8,268,Credit Card,In-Store,1/1/2025,FALSE
TXN_8048041,CUST_14,Butchers,Item_25_BUT,41,10,410,Credit Card,In-Store,25/12/2023,TRUE
TXN_8588818,CUST_17,Electric Household Essentials,Item_17_EHE,29,3,87,Credit Card,In-Store,18/12/2022,TRUE
TXN_3530165,CUST_23,Computers And Electric Accessories,Item_16_CEA,27.5,9,247.5,Cash,In-Store,1/1/2024,FALSE
TXN_1781066,CUST_15,Computers And Electric Accessories,Item_11_CEA,20,10,200,Digital Wallet,In-Store,17/04/2023,TRUE
TXN_1886375,CUST_12,Furniture,Item_4_FUR,9.5,5,47.5,Cash,In-Store,1/1/2023,TRUE
TXN_7324451,CUST_02,Beverages,Item_2_BEV,6.5,5,32.5,Credit Card,In-Store,3/8/2024,TRUE
TXN_3841708,CUST_23,Beverages,Item_22_BEV,36.5,8,292,Digital Wallet,Online,23/03/2023,FALSE
TXN_2733243,CUST_01,Computers And Electric Accessories,Item_11_CEA,20,1,20,Cash,Online,14/05/2022,FALSE
TXN_4005322,CUST_03,Butchers,Item_25_BUT,41,2,82,Cash,Online,15/05/2022,TRUE
TXN_2206834,CUST_25,Milk Products,Item_3_MILK,8,1,8,Credit Card,In-Store,7/1/2022,TRUE
TXN_2839564,CUST_11,Patisserie,Item_18_PAT,30.5,8,244,Cash,Online,27/10/2024,TRUE
TXN_5813861,CUST_04,Furniture,Item_8_FUR,15.5,6,93,Cash,In-Store,17/04/2022,FALSE
TXN_1358739,CUST_25,Computers And Electric Accessories,Item_1_CEA,5,4,20,Digital Wallet,In-Store,3/1/2023,TRUE
TXN_8522671,CUST_03,Electric Household Essentials,Item_25_EHE,41,6,246,Credit Card,In-Store,1/12/2022,TRUE
TXN_9495725,CUST_07,Milk Products,Item_13_MILK,23,1,23,Credit Card,Online,13/08/2023,TRUE
TXN_1054983,CUST_15,Milk Products,Item_8_MILK,15.5,7,108.5,Credit Card,In-Store,9/10/2024,TRUE
TXN_1632041,CUST_02,Furniture,Item_23_FUR,38,1,38,Digital Wallet,In-Store,10/5/2022,TRUE
TXN_6234785,CUST_10,Milk Products,Item_3_MILK,8,6,48,Cash,Online,27/10/2024,FALSE
TXN_4799937,CUST_01,Milk Products,Item_11_MILK,20,2,40,Cash,In-Store,10/12/2024,FALSE
TXN_8048422,CUST_17,Computers And Electric Accessories,Item_20_CEA,33.5,7,234.5,Digital Wallet,Online,13/05/2023,FALSE
TXN_7670389,CUST_21,Milk Products,Item_7_MILK,14,8,112,Credit Card,In-Store,17/12/2023,TRUE
TXN_7512354,CUST_13,Milk Products,Item_3_MILK,8,3,24,Credit Card,Online,13/09/2022,FALSE
TXN_8961010,CUST_07,Computers And Electric Accessories,Item_13_CEA,23,7,161,Credit Card,In-Store,3/9/2024,FALSE
TXN_4298899,CUST_11,Food,Item_14_FOOD,24.5,6,147,Digital Wallet,Online,27/04/2024,FALSE
TXN_4956684,CUST_23,Furniture,Item_8_FUR,15.5,2,31,Cash,Online,18/04/2022,TRUE
TXN_5974928,CUST_01,Patisserie,Item_3_PAT,8,7,56,Digital Wallet,In-Store,1/9/2024,TRUE
TXN_5978654,CUST_17,Beverages,Item_3_BEV,8,5,40,Credit Card,Online,12/8/2022,FALSE
TXN_7691551,CUST_22,Butchers,Item_23_BUT,38,6,228,Cash,Online,25/11/2023,TRUE
TXN_6374273,CUST_07,Butchers,Item_20_BUT,33.5,2,67,Cash,In-Store,3/5/2022,TRUE
TXN_4407240,CUST_17,Butchers,Item_20_BUT,33.5,6,201,Digital Wallet,In-Store,12/12/2023,FALSE
TXN_4195517,CUST_19,Food,Item_25_FOOD,41,3,123,Credit Card,In-Store,17/11/2023,FALSE
TXN_3592034,CUST_11,Milk Products,Item_22_MILK,36.5,3,109.5,Credit Card,Online,27/05/2024,FALSE
TXN_2833523,CUST_24,Computers And Electric Accessories,Item_11_CEA,20,3,60,Credit Card,In-Store,30/04/2023,FALSE
TXN_4485519,CUST_24,Food,Item_12_FOOD,21.5,10,215,Digital Wallet,In-Store,2/12/2024,FALSE
TXN_9600643,CUST_19,Patisserie,Item_24_PAT,39.5,5,197.5,Digital Wallet,In-Store,9/9/2022,TRUE
TXN_3615748,CUST_01,Computers And Electric Accessories,Item_16_CEA,27.5,7,192.5,Credit Card,Online,6/12/2024,FALSE
TXN_4180652,CUST_11,Milk Products,Item_6_MILK,12.5,3,37.5,Digital Wallet,In-Store,15/06/2023,FALSE
TXN_3314650,CUST_13,Electric Household Essentials,Item_4_EHE,9.5,5,47.5,Digital Wallet,Online,6/8/2024,FALSE
TXN_9049794,CUST_19,Computers And Electric Accessories,Item_12_CEA,21.5,7,150.5,Cash,In-Store,22/06/2023,FALSE
TXN_8469057,CUST_06,Food,Item_10_FOOD,18.5,5,92.5,Cash,In-Store,29/11/2024,FALSE
TXN_1487869,CUST_12,Butchers,Item_19_BUT,32,6,192,Credit Card,Online,30/01/2022,TRUE
TXN_9036403,CUST_25,Furniture,Item_15_FUR,26,8,208,Cash,In-Store,15/08/2024,TRUE
TXN_9364997,CUST_25,Furniture,Item_2_FUR,6.5,2,13,Cash,In-Store,2/8/2022,TRUE
TXN_4893054,CUST_19,Butchers,Item_24_BUT,39.5,4,158,Digital Wallet,In-Store,28/07/2024,TRUE
TXN_4824314,CUST_04,Beverages,Item_19_BEV,32,9,288,Digital Wallet,Online,29/11/2023,FALSE
TXN_4623433,CUST_05,Food,Item_13_FOOD,23,1,23,Credit Card,Online,25/01/2023,FALSE
TXN_3201646,CUST_18,Furniture,Item_22_FUR,36.5,3,109.5,Credit Card,Online,5/10/2023,FALSE
TXN_6621029,CUST_17,Milk Products,Item_16_MILK,27.5,8,220,Cash,Online,27/01/2023,TRUE
TXN_9159149,CUST_20,Beverages,Item_19_BEV,32,8,256,Digital Wallet,In-Store,21/05/2024,TRUE
TXN_8957827,CUST_22,Computers And Electric Accessories,Item_17_CEA,29,2,58,Cash,Online,21/11/2023,TRUE
TXN_5665870,CUST_24,Beverages,Item_2_BEV,6.5,3,19.5,Digital Wallet,Online,10/6/2024,TRUE
TXN_8950168,CUST_08,Computers And Electric Accessories,Item_5_CEA,11,4,44,Cash,Online,17/08/2024,TRUE
TXN_6217772,CUST_20,Milk Products,Item_5_MILK,11,5,55,Credit Card,Online,24/03/2024,TRUE
TXN_6122892,CUST_12,Patisserie,Item_15_PAT,26,9,234,Credit Card,In-Store,12/1/2024,TRUE
TXN_1633301,CUST_02,Computers And Electric Accessories,Item_7_CEA,14,1,14,Digital Wallet,Online,5/11/2024,TRUE
TXN_5986903,CUST_05,Butchers,Item_3_BUT,8,3,24,Digital Wallet,Online,26/07/2022,FALSE
TXN_4748839,CUST_06,Furniture,Item_20_FUR,33.5,4,134,Digital Wallet,In-Store,22/07/2022,FALSE
TXN_7864253,CUST_08,Computers And Electric Accessories,Item_17_CEA,29,1,29,Digital Wallet,In-Store,11/3/2023,TRUE
TXN_9864806,CUST_24,Milk Products,Item_16_MILK,27.5,7,192.5,Cash,Online,4/6/2023,FALSE
TXN_8324311,CUST_09,Electric Household Essentials,Item_13_EHE,23,6,138,Credit Card,Online,19/09/2022,TRUE
TXN_3031477,CUST_18,Butchers,Item_19_BUT,32,8,256,Digital Wallet,Online,3/1/2025,FALSE
TXN_2615090,CUST_04,Patisserie,Item_16_PAT,27.5,4,110,Cash,Online,2/8/2022,TRUE
TXN_5710740,CUST_16,Butchers,Item_23_BUT,38,10,380,Digital Wallet,Online,25/04/2024,TRUE
TXN_7013242,CUST_24,Electric Household Essentials,Item_25_EHE,41,8,328,Digital Wallet,In-Store,7/11/2022,FALSE
TXN_5984900,CUST_14,Food,Item_24_FOOD,39.5,6,237,Cash,Online,12/8/2022,FALSE
TXN_5116993,CUST_04,Furniture,Item_21_FUR,35,9,315,Digital Wallet,Online,21/05/2024,TRUE
TXN_3701082,CUST_14,Electric Household Essentials,Item_15_EHE,26,10,260,Digital Wallet,In-Store,26/08/2024,FALSE
TXN_8747801,CUST_12,Butchers,Item_6_BUT,12.5,7,87.5,Digital Wallet,In-Store,29/06/2023,TRUE
TXN_3734067,CUST_21,Beverages,Item_7_BEV,14,8,112,Credit Card,In-Store,24/11/2023,TRUE
TXN_4583596,CUST_10,Food,Item_11_FOOD,20,6,120,Digital Wallet,In-Store,4/3/2022,TRUE
TXN_4114856,CUST_09,Furniture,Item_6_FUR,12.5,5,62.5,Credit Card,In-Store,6/2/2024,FALSE
TXN_8181223,CUST_01,Beverages,Item_21_BEV,35,9,315,Cash,In-Store,23/09/2024,FALSE
TXN_7049983,CUST_15,Beverages,Item_19_BEV,32,6,192,Digital Wallet,Online,7/2/2022,TRUE
TXN_3632878,CUST_13,Milk Products,Item_13_MILK,23,10,230,Cash,Online,20/11/2022,TRUE
TXN_9872413,CUST_21,Food,Item_20_FOOD,33.5,8,268,Digital Wallet,In-Store,22/06/2024,FALSE
TXN_1978695,CUST_22,Patisserie,Item_23_PAT,38,9,342,Cash,Online,23/09/2022,FALSE
TXN_9845980,CUST_13,Patisserie,Item_4_PAT,9.5,5,47.5,Digital Wallet,Online,13/05/2024,TRUE
TXN_6415917,CUST_24,Butchers,Item_12_BUT,21.5,10,215,Cash,In-Store,10/3/2023,TRUE
TXN_3659154,CUST_06,Beverages,Item_23_BEV,38,10,380,Digital Wallet,In-Store,2/9/2024,TRUE
TXN_2494013,CUST_01,Patisserie,Item_25_PAT,41,1,41,Credit Card,Online,12/10/2022,FALSE
TXN_9261258,CUST_05,Milk Products,Item_7_MILK,14,9,126,Credit Card,Online,2/3/2024,TRUE
TXN_2985156,CUST_15,Furniture,Item_6_FUR,12.5,6,75,Digital Wallet,Online,30/01/2023,TRUE
TXN_9429383,CUST_22,Furniture,Item_20_FUR,33.5,7,234.5,Digital Wallet,In-Store,30/06/2024,FALSE
TXN_5428176,CUST_03,Patisserie,Item_24_PAT,39.5,3,118.5,Cash,Online,12/3/2022,FALSE
TXN_7366633,CUST_18,Beverages,Item_20_BEV,33.5,8,268,Digital Wallet,Online,23/07/2024,FALSE
TXN_9324731,CUST_14,Milk Products,Item_8_MILK,15.5,1,15.5,Digital Wallet,In-Store,8/8/2022,TRUE
TXN_4804748,CUST_19,Patisserie,Item_14_PAT,24.5,5,122.5,Cash,In-Store,10/6/2023,TRUE
TXN_7755532,CUST_19,Computers And Electric Accessories,Item_7_CEA,14,5,70,Credit Card,In-Store,20/04/2022,FALSE
TXN_9610207,CUST_04,Furniture,Item_10_FUR,18.5,2,37,Cash,In-Store,5/4/2023,FALSE
TXN_6216918,CUST_20,Patisserie,Item_22_PAT,36.5,8,292,Cash,In-Store,7/7/2022,TRUE
TXN_4497756,CUST_21,Patisserie,Item_18_PAT,30.5,4,122,Digital Wallet,Online,18/06/2023,FALSE
TXN_3839456,CUST_20,Furniture,Item_24_FUR,39.5,10,395,Cash,Online,10/1/2025,TRUE
TXN_3330864,CUST_05,Furniture,Item_6_FUR,12.5,10,125,Cash,Online,3/2/2023,TRUE
TXN_2698076,CUST_19,Food,Item_3_FOOD,8,7,56,Digital Wallet,Online,17/11/2022,FALSE
TXN_8463034,CUST_02,Electric Household Essentials,Item_13_EHE,23,9,207,Credit Card,Online,30/09/2023,FALSE
TXN_6139701,CUST_18,Food,Item_25_FOOD,41,9,369,Digital Wallet,Online,30/05/2022,FALSE
TXN_7959866,CUST_06,Computers And Electric Accessories,Item_5_CEA,11,8,88,Cash,In-Store,29/03/2024,TRUE
TXN_4299688,CUST_24,Beverages,Item_22_BEV,36.5,9,328.5,Credit Card,In-Store,30/11/2024,TRUE
TXN_7904311,CUST_14,Beverages,Item_8_BEV,15.5,10,155,Credit Card,Online,4/6/2023,TRUE
TXN_3135491,CUST_18,Milk Products,Item_23_MILK,38,7,266,Credit Card,Online,16/03/2022,FALSE
TXN_7540068,CUST_14,Electric Household Essentials,Item_8_EHE,15.5,4,62,Digital Wallet,In-Store,12/6/2024,TRUE
TXN_1377584,CUST_19,Food,Item_17_FOOD,29,4,116,Digital Wallet,In-Store,29/09/2022,FALSE
TXN_3297916,CUST_25,Beverages,Item_20_BEV,33.5,1,33.5,Credit Card,In-Store,15/06/2024,TRUE
TXN_4835761,CUST_12,Butchers,Item_15_BUT,26,5,130,Credit Card,In-Store,19/06/2024,TRUE
TXN_8229653,CUST_03,Butchers,Item_18_BUT,30.5,7,213.5,Digital Wallet,Online,16/09/2023,TRUE
TXN_9113601,CUST_14,Food,Item_14_FOOD,24.5,6,147,Cash,In-Store,7/4/2022,FALSE
TXN_4925908,CUST_02,Electric Household Essentials,Item_7_EHE,14,10,140,Credit Card,Online,4/2/2023,TRUE
TXN_4934703,CUST_12,Computers And Electric Accessories,Item_19_CEA,32,1,32,Cash,Online,25/11/2024,TRUE
TXN_9256189,CUST_20,Butchers,Item_15_BUT,26,2,52,Cash,Online,9/9/2023,TRUE
TXN_1383415,CUST_01,Beverages,Item_1_BEV,5,9,45,Digital Wallet,Online,30/12/2022,TRUE
TXN_3463769,CUST_02,Milk Products,Item_2_MILK,6.5,1,6.5,Digital Wallet,Online,1/11/2024,FALSE
TXN_4864903,CUST_10,Food,Item_12_FOOD,21.5,4,86,Credit Card,Online,19/08/2023,FALSE
TXN_4495427,CUST_06,Milk Products,Item_15_MILK,26,8,208,Cash,Online,4/4/2024,FALSE
TXN_8570954,CUST_16,Electric Household Essentials,Item_19_EHE,32,9,288,Cash,In-Store,23/04/2024,TRUE
TXN_2573050,CUST_11,Computers And Electric Accessories,Item_10_CEA,18.5,9,166.5,Credit Card,Online,11/10/2022,TRUE
TXN_4399717,CUST_16,Milk Products,Item_2_MILK,6.5,2,13,Credit Card,In-Store,15/12/2022,TRUE
TXN_1245067,CUST_21,Food,Item_18_FOOD,30.5,1,30.5,Credit Card,Online,15/08/2023,FALSE
TXN_1900258,CUST_16,Food,Item_3_FOOD,8,2,16,Credit Card,In-Store,16/06/2022,TRUE
TXN_6096878,CUST_20,Food,Item_1_FOOD,5,2,10,Credit Card,Online,2/1/2023,TRUE
TXN_5611269,CUST_23,Patisserie,Item_24_PAT,39.5,4,158,Credit Card,Online,8/8/2024,TRUE
TXN_6450930,CUST_21,Beverages,Item_8_BEV,15.5,9,139.5,Digital Wallet,Online,6/12/2023,TRUE
TXN_7510339,CUST_07,Computers And Electric Accessories,Item_22_CEA,36.5,7,255.5,Cash,Online,9/8/2023,FALSE
TXN_8615825,CUST_19,Furniture,Item_25_FUR,41,1,41,Credit Card,Online,20/03/2022,TRUE
TXN_9423173,CUST_08,Food,Item_11_FOOD,20,6,120,Credit Card,In-Store,12/7/2022,FALSE
TXN_9224384,CUST_10,Food,Item_4_FOOD,9.5,6,57,Credit Card,In-Store,23/06/2023,FALSE
TXN_1334745,CUST_05,Patisserie,Item_25_PAT,41,4,164,Digital Wallet,In-Store,24/06/2022,TRUE
TXN_5862349,CUST_19,Milk Products,Item_19_MILK,32,6,192,Credit Card,In-Store,8/1/2025,FALSE
TXN_7250843,CUST_10,Patisserie,Item_23_PAT,38,1,38,Credit Card,In-Store,27/06/2022,TRUE
TXN_2246570,CUST_21,Patisserie,Item_23_PAT,38,9,342,Cash,In-Store,11/6/2022,FALSE
TXN_6979245,CUST_13,Electric Household Essentials,Item_5_EHE,11,4,44,Cash,In-Store,8/5/2022,TRUE
TXN_2477647,CUST_03,Food,Item_4_FOOD,9.5,2,19,Credit Card,Online,22/04/2024,TRUE
TXN_8634272,CUST_03,Patisserie,Item_8_PAT,15.5,7,108.5,Credit Card,In-Store,23/01/2023,FALSE
TXN_1188415,CUST_18,Electric Household Essentials,Item_1_EHE,5,5,25,Cash,In-Store,15/01/2025,FALSE
TXN_5736213,CUST_21,Butchers,Item_24_BUT,39.5,9,355.5,Cash,In-Store,6/5/2024,FALSE
TXN_3100291,CUST_10,Computers And Electric Accessories,Item_15_CEA,26,8,208,Cash,Online,16/06/2023,FALSE
TXN_4857957,CUST_25,Patisserie,Item_12_PAT,21.5,8,172,Digital Wallet,Online,11/4/2024,TRUE
TXN_6192944,CUST_19,Electric Household Essentials,Item_20_EHE,33.5,8,268,Digital Wallet,In-Store,3/1/2025,FALSE
TXN_3622317,CUST_13,Electric Household Essentials,Item_10_EHE,18.5,2,37,Cash,Online,25/02/2023,FALSE
TXN_3895137,CUST_08,Beverages,Item_7_BEV,14,4,56,Credit Card,Online,29/03/2023,FALSE
TXN_7129969,CUST_18,Furniture,Item_1_FUR,5,5,25,Credit Card,In-Store,19/03/2022,TRUE
TXN_5459776,CUST_24,Food,Item_14_FOOD,24.5,2,49,Digital Wallet,Online,1/10/2024,FALSE
TXN_7510517,CUST_05,Butchers,Item_10_BUT,18.5,3,55.5,Digital Wallet,Online,10/3/2024,FALSE
TXN_6030067,CUST_11,Milk Products,Item_12_MILK,21.5,4,86,Cash,Online,15/03/2022,FALSE
TXN_3847123,CUST_22,Butchers,Item_12_BUT,21.5,10,215,Credit Card,Online,21/06/2024,FALSE
TXN_3018500,CUST_11,Food,Item_5_FOOD,11,6,66,Cash,In-Store,24/05/2023,FALSE
TXN_5916266,CUST_23,Food,Item_10_FOOD,18.5,3,55.5,Digital Wallet,Online,19/10/2023,FALSE
TXN_5715686,CUST_06,Electric Household Essentials,Item_25_EHE,41,8,328,Digital Wallet,In-Store,7/1/2025,TRUE
TXN_1456033,CUST_12,Milk Products,Item_4_MILK,9.5,6,57,Digital Wallet,In-Store,18/08/2023,FALSE
TXN_5647147,CUST_05,Electric Household Essentials,Item_10_EHE,18.5,6,111,Credit Card,Online,16/05/2024,FALSE
TXN_2997461,CUST_05,Electric Household Essentials,Item_8_EHE,15.5,8,124,Credit Card,In-Store,18/09/2023,TRUE
TXN_7944224,CUST_15,Beverages,Item_16_BEV,27.5,3,82.5,Cash,Online,11/9/2023,FALSE
TXN_6998087,CUST_13,Milk Products,Item_20_MILK,33.5,8,268,Cash,In-Store,6/8/2024,TRUE
TXN_4541403,CUST_09,Patisserie,Item_6_PAT,12.5,10,125,Digital Wallet,Online,18/12/2023,TRUE
TXN_6843971,CUST_01,Beverages,Item_25_BEV,41,4,164,Credit Card,In-Store,7/8/2022,TRUE
TXN_1745928,CUST_17,Computers And Electric Accessories,Item_1_CEA,5,1,5,Credit Card,Online,11/10/2024,TRUE
TXN_1714851,CUST_14,Milk Products,Item_18_MILK,30.5,5,152.5,Cash,In-Store,24/09/2024,FALSE
TXN_9816119,CUST_08,Beverages,Item_8_BEV,15.5,8,124,Digital Wallet,Online,26/08/2022,FALSE
TXN_5069350,CUST_24,Furniture,Item_15_FUR,26,7,182,Credit Card,In-Store,1/10/2024,TRUE
TXN_9501460,CUST_11,Milk Products,Item_15_MILK,26,5,130,Digital Wallet,In-Store,25/03/2023,FALSE
TXN_6524933,CUST_15,Food,Item_22_FOOD,36.5,10,365,Cash,In-Store,13/03/2022,TRUE
TXN_7882600,CUST_03,Milk Products,Item_11_MILK,20,8,160,Credit Card,Online,16/04/2022,FALSE
TXN_1155401,CUST_06,Milk Products,Item_19_MILK,32,2,64,Digital Wallet,In-Store,7/12/2024,FALSE
TXN_2412514,CUST_20,Beverages,Item_2_BEV,6.5,2,13,Cash,In-Store,20/06/2023,FALSE
TXN_6878154,CUST_14,Butchers,Item_17_BUT,29,5,145,Digital Wallet,Online,22/04/2022,TRUE
TXN_9649810,CUST_04,Food,Item_11_FOOD,20,7,140,Credit Card,In-Store,7/3/2024,TRUE
TXN_2910275,CUST_03,Computers And Electric Accessories,Item_17_CEA,29,5,145,Digital Wallet,Online,22/01/2022,FALSE
TXN_6437443,CUST_24,Patisserie,Item_4_PAT,9.5,8,76,Digital Wallet,In-Store,26/11/2024,FALSE
TXN_9930574,CUST_14,Food,Item_1_FOOD,5,7,35,Digital Wallet,Online,16/03/2022,TRUE
TXN_4717804,CUST_21,Patisserie,Item_11_PAT,20,6,120,Digital Wallet,Online,28/10/2022,FALSE
TXN_7980565,CUST_04,Computers And Electric Accessories,Item_20_CEA,33.5,1,33.5,Digital Wallet,Online,17/05/2022,FALSE
TXN_3843648,CUST_16,Electric Household Essentials,Item_12_EHE,21.5,7,150.5,Digital Wallet,Online,18/05/2022,FALSE
TXN_6919349,CUST_16,Computers And Electric Accessories,Item_17_CEA,29,9,261,Credit Card,In-Store,22/01/2024,FALSE
TXN_1601678,CUST_13,Furniture,Item_20_FUR,33.5,7,234.5,Credit Card,Online,12/10/2023,TRUE
TXN_5798862,CUST_05,Furniture,Item_24_FUR,39.5,3,118.5,Credit Card,Online,28/07/2024,FALSE
TXN_9993420,CUST_07,Patisserie,Item_15_PAT,26,5,130,Credit Card,In-Store,29/09/2024,FALSE
TXN_6501326,CUST_05,Beverages,Item_21_BEV,35,8,280,Digital Wallet,Online,4/7/2023,FALSE
TXN_6066679,CUST_11,Electric Household Essentials,Item_13_EHE,23,2,46,Credit Card,Online,9/3/2023,FALSE
TXN_3629874,CUST_23,Butchers,Item_7_BUT,14,8,112,Digital Wallet,In-Store,18/09/2024,TRUE
TXN_8834665,CUST_15,Food,Item_10_FOOD,18.5,6,111,Credit Card,Online,24/08/2023,TRUE
TXN_1234299,CUST_15,Butchers,Item_19_BUT,32,10,320,Digital Wallet,Online,17/02/2022,TRUE
TXN_5195842,CUST_19,Patisserie,Item_2_PAT,6.5,9,58.5,Cash,Online,10/2/2023,FALSE
TXN_6812056,CUST_10,Patisserie,Item_10_PAT,18.5,10,185,Cash,In-Store,3/7/2024,TRUE
TXN_4221582,CUST_19,Electric Household Essentials,Item_18_EHE,30.5,10,305,Digital Wallet,Online,25/07/2022,TRUE
TXN_4294387,CUST_08,Furniture,Item_2_FUR,6.5,10,65,Credit Card,In-Store,22/10/2023,TRUE
TXN_4621950,CUST_04,Computers And Electric Accessories,Item_12_CEA,21.5,8,172,Digital Wallet,Online,8/1/2025,FALSE
TXN_1311636,CUST_14,Food,Item_16_FOOD,27.5,1,27.5,Cash,Online,9/2/2022,FALSE
TXN_8475452,CUST_17,Electric Household Essentials,Item_18_EHE,30.5,2,61,Credit Card,In-Store,4/7/2022,FALSE
TXN_8602784,CUST_06,Electric Household Essentials,Item_12_EHE,21.5,10,215,Credit Card,Online,20/08/2023,FALSE
TXN_6052024,CUST_17,Furniture,Item_19_FUR,32,3,96,Cash,In-Store,8/1/2022,TRUE
TXN_8262460,CUST_18,Patisserie,Item_24_PAT,39.5,5,197.5,Digital Wallet,In-Store,24/07/2022,FALSE
TXN_1222659,CUST_17,Beverages,Item_19_BEV,32,5,160,Digital Wallet,In-Store,22/06/2022,TRUE
TXN_2818628,CUST_13,Electric Household Essentials,Item_11_EHE,20,2,40,Digital Wallet,In-Store,25/12/2023,FALSE
TXN_7036290,CUST_15,Patisserie,Item_17_PAT,29,9,261,Cash,Online,25/07/2023,TRUE
TXN_3110652,CUST_07,Food,Item_5_FOOD,11,8,88,Credit Card,In-Store,8/3/2023,FALSE
TXN_2886160,CUST_19,Butchers,Item_22_BUT,36.5,7,255.5,Digital Wallet,In-Store,23/11/2022,FALSE
TXN_4139468,CUST_21,Computers And Electric Accessories,Item_19_CEA,32,8,256,Credit Card,Online,3/8/2024,TRUE
TXN_6516663,CUST_15,Butchers,Item_18_BUT,30.5,9,274.5,Credit Card,Online,24/02/2022,FALSE
TXN_2163566,CUST_24,Butchers,Item_21_BUT,35,6,210,Credit Card,In-Store,9/2/2022,FALSE
TXN_7132270,CUST_09,Patisserie,Item_12_PAT,21.5,1,21.5,Cash,Online,21/06/2022,FALSE
TXN_6262851,CUST_18,Furniture,Item_20_FUR,33.5,5,167.5,Credit Card,Online,12/8/2024,FALSE
TXN_1508429,CUST_09,Butchers,Item_3_BUT,8,5,40,Credit Card,In-Store,10/12/2022,TRUE
TXN_1614532,CUST_05,Milk Products,Item_18_MILK,30.5,3,91.5,Cash,In-Store,17/07/2023,FALSE
TXN_9270142,CUST_15,Milk Products,Item_4_MILK,9.5,4,38,Credit Card,In-Store,26/03/2024,FALSE
TXN_4845720,CUST_10,Patisserie,Item_12_PAT,21.5,5,107.5,Cash,In-Store,6/4/2022,FALSE
TXN_3817044,CUST_17,Food,Item_2_FOOD,6.5,6,39,Digital Wallet,Online,21/02/2023,FALSE
TXN_8123535,CUST_05,Food,Item_21_FOOD,35,2,70,Cash,In-Store,14/01/2024,FALSE
TXN_9723263,CUST_03,Beverages,Item_23_BEV,38,1,38,Digital Wallet,In-Store,27/06/2022,TRUE
TXN_9701245,CUST_03,Patisserie,Item_12_PAT,21.5,9,193.5,Credit Card,In-Store,26/09/2023,FALSE
TXN_5562599,CUST_15,Beverages,Item_20_BEV,33.5,8,268,Digital Wallet,In-Store,2/9/2022,TRUE
TXN_3051611,CUST_10,Patisserie,Item_17_PAT,29,6,174,Cash,Online,21/02/2022,FALSE
TXN_3194714,CUST_03,Computers And Electric Accessories,Item_2_CEA,6.5,2,13,Credit Card,Online,14/02/2023,FALSE
TXN_4621919,CUST_12,Patisserie,Item_4_PAT,9.5,2,19,Credit Card,Online,8/5/2024,FALSE
TXN_9487070,CUST_11,Beverages,Item_14_BEV,24.5,4,98,Digital Wallet,In-Store,26/03/2024,FALSE
TXN_9388162,CUST_25,Electric Household Essentials,Item_6_EHE,12.5,5,62.5,Credit Card,In-Store,1/8/2023,TRUE
TXN_6260322,CUST_08,Electric Household Essentials,Item_22_EHE,36.5,3,109.5,Credit Card,Online,15/02/2022,FALSE
TXN_2912595,CUST_11,Computers And Electric Accessories,Item_12_CEA,21.5,4,86,Digital Wallet,Online,17/10/2022,FALSE
TXN_1411096,CUST_07,Patisserie,Item_4_PAT,9.5,1,9.5,Digital Wallet,Online,14/06/2024,FALSE
TXN_4721517,CUST_12,Computers And Electric Accessories,Item_12_CEA,21.5,4,86,Digital Wallet,Online,24/01/2022,FALSE
TXN_8822878,CUST_18,Beverages,Item_9_BEV,17,1,17,Cash,Online,1/12/2022,FALSE
TXN_5439767,CUST_18,Furniture,Item_2_FUR,6.5,2,13,Cash,In-Store,19/09/2023,TRUE
TXN_6491456,CUST_04,Computers And Electric Accessories,Item_3_CEA,8,6,48,Cash,In-Store,21/12/2023,TRUE
TXN_4682990,CUST_07,Food,Item_25_FOOD,41,1,41,Digital Wallet,In-Store,19/09/2024,FALSE
TXN_9965946,CUST_02,Beverages,Item_18_BEV,30.5,7,213.5,Digital Wallet,In-Store,10/6/2023,FALSE
TXN_9013951,CUST_09,Milk Products,Item_8_MILK,15.5,9,139.5,Digital Wallet,In-Store,11/7/2024,FALSE
TXN_1317296,CUST_24,Furniture,Item_25_FUR,41,6,246,Cash,Online,10/9/2024,TRUE
TXN_3694588,CUST_11,Patisserie,Item_11_PAT,20,3,60,Credit Card,In-Store,7/12/2024,TRUE
TXN_5185719,CUST_18,Electric Household Essentials,Item_11_EHE,20,2,40,Cash,In-Store,28/01/2024,FALSE
TXN_1635054,CUST_10,Food,Item_3_FOOD,8,4,32,Cash,Online,17/01/2024,FALSE
TXN_7371264,CUST_13,Furniture,Item_2_FUR,6.5,8,52,Digital Wallet,In-Store,22/08/2022,TRUE
TXN_6305251,CUST_01,Computers And Electric Accessories,Item_14_CEA,24.5,10,245,Credit Card,In-Store,27/10/2024,TRUE
TXN_2680015,CUST_02,Butchers,Item_14_BUT,24.5,9,220.5,Credit Card,Online,24/04/2022,FALSE
TXN_8393738,CUST_10,Computers And Electric Accessories,Item_19_CEA,32,3,96,Credit Card,Online,7/1/2023,TRUE
TXN_7281592,CUST_02,Milk Products,Item_1_MILK,5,6,30,Cash,In-Store,30/05/2023,FALSE
TXN_4077245,CUST_11,Butchers,Item_16_BUT,27.5,1,27.5,Credit Card,In-Store,13/03/2024,TRUE
TXN_1853686,CUST_07,Computers And Electric Accessories,Item_9_CEA,17,9,153,Digital Wallet,In-Store,20/04/2024,TRUE
TXN_3966618,CUST_08,Furniture,Item_11_FUR,20,4,80,Digital Wallet,Online,14/08/2022,TRUE
TXN_7407092,CUST_22,Electric Household Essentials,Item_8_EHE,15.5,6,93,Credit Card,Online,8/3/2023,FALSE
TXN_1695790,CUST_09,Furniture,Item_12_FUR,21.5,8,172,Cash,In-Store,4/5/2024,TRUE
TXN_2681703,CUST_22,Patisserie,Item_17_PAT,29,10,290,Cash,Online,6/4/2024,TRUE
TXN_7412723,CUST_09,Electric Household Essentials,Item_20_EHE,33.5,1,33.5,Digital Wallet,In-Store,20/12/2022,FALSE
TXN_8372453,CUST_25,Beverages,Item_22_BEV,36.5,8,292,Credit Card,Online,30/11/2024,FALSE
TXN_2906236,CUST_14,Patisserie,Item_20_PAT,33.5,5,167.5,Credit Card,In-Store,25/11/2023,TRUE
TXN_5243487,CUST_10,Milk Products,Item_7_MILK,14,2,28,Credit Card,In-Store,17/09/2024,TRUE
TXN_4577067,CUST_21,Milk Products,Item_16_MILK,27.5,4,110,Cash,In-Store,24/10/2024,TRUE
TXN_2999995,CUST_19,Milk Products,Item_16_MILK,27.5,10,275,Cash,In-Store,18/06/2024,TRUE
TXN_8005094,CUST_20,Beverages,Item_16_BEV,27.5,6,165,Credit Card,In-Store,29/09/2022,FALSE
TXN_4164947,CUST_09,Furniture,Item_24_FUR,39.5,2,79,Digital Wallet,Online,4/1/2024,TRUE
TXN_3846015,CUST_19,Electric Household Essentials,Item_25_EHE,41,3,123,Digital Wallet,Online,22/08/2024,FALSE
TXN_7817857,CUST_01,Beverages,Item_4_BEV,9.5,3,28.5,Cash,Online,4/7/2022,FALSE
TXN_8286837,CUST_15,Milk Products,Item_7_MILK,14,1,14,Credit Card,In-Store,19/12/2023,FALSE
TXN_4363648,CUST_09,Electric Household Essentials,Item_19_EHE,32,2,64,Cash,Online,23/07/2023,TRUE
TXN_1986816,CUST_16,Patisserie,Item_23_PAT,38,4,152,Credit Card,Online,17/01/2023,FALSE
TXN_6617830,CUST_23,Patisserie,Item_13_PAT,23,10,230,Cash,In-Store,28/02/2024,FALSE
TXN_9895162,CUST_09,Food,Item_1_FOOD,5,1,5,Credit Card,Online,18/05/2024,TRUE
TXN_2254132,CUST_25,Furniture,Item_21_FUR,35,7,245,Digital Wallet,Online,7/5/2024,FALSE
TXN_7166227,CUST_06,Patisserie,Item_1_PAT,5,2,10,Cash,In-Store,18/09/2022,TRUE
TXN_4008428,CUST_07,Computers And Electric Accessories,Item_10_CEA,18.5,1,18.5,Credit Card,Online,19/08/2024,TRUE
TXN_3089213,CUST_02,Food,Item_21_FOOD,35,3,105,Cash,In-Store,5/7/2023,TRUE
TXN_3243042,CUST_15,Butchers,Item_13_BUT,23,10,230,Cash,Online,15/12/2024,FALSE
TXN_9118930,CUST_18,Electric Household Essentials,Item_10_EHE,18.5,6,111,Cash,Online,11/10/2023,FALSE
TXN_2127584,CUST_02,Furniture,Item_6_FUR,12.5,1,12.5,Cash,Online,4/2/2023,FALSE
TXN_9226101,CUST_21,Beverages,Item_14_BEV,24.5,2,49,Cash,Online,30/09/2023,TRUE
TXN_3448045,CUST_21,Food,Item_6_FOOD,12.5,9,112.5,Credit Card,In-Store,22/08/2023,FALSE
TXN_6889957,CUST_18,Milk Products,Item_3_MILK,8,5,40,Cash,In-Store,24/07/2024,FALSE
TXN_3758134,CUST_16,Patisserie,Item_11_PAT,20,5,100,Cash,Online,21/09/2022,FALSE
TXN_7791537,CUST_24,Beverages,Item_25_BEV,41,2,82,Credit Card,Online,5/2/2024,TRUE
TXN_1716938,CUST_15,Milk Products,Item_19_MILK,32,7,224,Digital Wallet,Online,24/12/2023,FALSE
TXN_2046951,CUST_11,Butchers,Item_2_BUT,6.5,8,52,Digital Wallet,Online,18/11/2024,TRUE
TXN_6190160,CUST_05,Butchers,Item_6_BUT,12.5,2,25,Credit Card,In-Store,17/06/2023,TRUE
TXN_5259478,CUST_02,Furniture,Item_1_FUR,5,1,5,Credit Card,In-Store,27/02/2022,FALSE
TXN_3534253,CUST_14,Patisserie,Item_14_PAT,24.5,3,73.5,Digital Wallet,Online,22/12/2022,FALSE
TXN_9105343,CUST_12,Butchers,Item_24_BUT,39.5,4,158,Cash,Online,7/11/2023,TRUE
TXN_7501851,CUST_18,Milk Products,Item_6_MILK,12.5,3,37.5,Credit Card,Online,21/08/2024,FALSE
TXN_6103550,CUST_04,Computers And Electric Accessories,Item_14_CEA,24.5,10,245,Cash,Online,13/11/2022,FALSE
TXN_5471275,CUST_14,Food,Item_5_FOOD,11,6,66,Cash,Online,26/02/2023,TRUE
TXN_9263298,CUST_09,Butchers,Item_19_BUT,32,4,128,Credit Card,Online,16/05/2022,FALSE
TXN_8775269,CUST_20,Patisserie,Item_19_PAT,32,9,288,Cash,Online,28/01/2022,TRUE
TXN_2779699,CUST_22,Food,Item_22_FOOD,36.5,8,292,Cash,In-Store,18/10/2022,FALSE
TXN_3572301,CUST_20,Computers And Electric Accessories,Item_16_CEA,27.5,9,247.5,Digital Wallet,Online,3/11/2023,TRUE
TXN_2002942,CUST_02,Milk Products,Item_18_MILK,30.5,3,91.5,Digital Wallet,In-Store,19/01/2023,FALSE
TXN_1207537,CUST_02,Butchers,Item_3_BUT,8,9,72,Credit Card,Online,1/2/2022,TRUE
TXN_1172555,CUST_08,Beverages,Item_25_BEV,41,10,410,Cash,In-Store,1/4/2023,TRUE
TXN_6049911,CUST_10,Milk Products,Item_6_MILK,12.5,1,12.5,Digital Wallet,In-Store,13/09/2022,FALSE
TXN_3557407,CUST_16,Furniture,Item_4_FUR,9.5,3,28.5,Cash,Online,18/03/2024,FALSE
TXN_7092567,CUST_22,Computers And Electric Accessories,Item_23_CEA,38,8,304,Digital Wallet,Online,6/4/2023,FALSE
TXN_5611996,CUST_09,Food,Item_13_FOOD,23,6,138,Cash,In-Store,7/11/2024,TRUE
TXN_8539572,CUST_01,Beverages,Item_3_BEV,8,9,72,Cash,In-Store,1/1/2025,TRUE
TXN_6942391,CUST_20,Butchers,Item_12_BUT,21.5,1,21.5,Cash,In-Store,4/2/2023,FALSE
TXN_7812474,CUST_15,Milk Products,Item_15_MILK,26,7,182,Digital Wallet,Online,15/07/2022,TRUE
TXN_5571174,CUST_04,Computers And Electric Accessories,Item_8_CEA,15.5,4,62,Credit Card,In-Store,24/04/2024,FALSE
TXN_6496740,CUST_24,Food,Item_5_FOOD,11,8,88,Cash,Online,11/2/2023,TRUE
TXN_5778866,CUST_21,Computers And Electric Accessories,Item_25_CEA,41,5,205,Cash,Online,22/08/2024,FALSE
TXN_6580870,CUST_02,Patisserie,Item_12_PAT,21.5,5,107.5,Digital Wallet,Online,27/04/2022,TRUE
TXN_8064984,CUST_01,Food,Item_5_FOOD,11,6,66,Digital Wallet,In-Store,8/11/2023,FALSE
TXN_9793801,CUST_13,Butchers,Item_6_BUT,12.5,9,112.5,Digital Wallet,Online,23/02/2024,TRUE
TXN_9535314,CUST_18,Milk Products,Item_5_MILK,11,7,77,Credit Card,Online,20/11/2023,FALSE
TXN_5115781,CUST_02,Butchers,Item_24_BUT,39.5,6,237,Digital Wallet,Online,1/7/2022,FALSE
TXN_5771647,CUST_24,Patisserie,Item_24_PAT,39.5,6,237,Digital Wallet,Online,14/06/2022,FALSE
TXN_4776341,CUST_22,Electric Household Essentials,Item_22_EHE,36.5,4,146,Cash,In-Store,18/04/2023,TRUE
TXN_3952040,CUST_06,Electric Household Essentials,Item_22_EHE,36.5,5,182.5,Cash,In-Store,4/4/2022,FALSE
TXN_3504313,CUST_11,Beverages,Item_7_BEV,14,1,14,Digital Wallet,Online,7/11/2023,FALSE
TXN_5990311,CUST_14,Milk Products,Item_16_MILK,27.5,7,192.5,Digital Wallet,Online,5/4/2023,TRUE
TXN_9806807,CUST_06,Furniture,Item_16_FUR,27.5,5,137.5,Cash,In-Store,22/01/2022,FALSE
TXN_3262173,CUST_16,Food,Item_12_FOOD,21.5,8,172,Credit Card,Online,6/5/2022,TRUE
TXN_7564949,CUST_01,Butchers,Item_5_BUT,11,10,110,Digital Wallet,In-Store,27/11/2023,TRUE
TXN_4080988,CUST_15,Computers And Electric Accessories,Item_9_CEA,17,3,51,Cash,In-Store,3/12/2022,FALSE
TXN_3575644,CUST_15,Butchers,Item_25_BUT,41,3,123,Cash,Online,26/05/2023,FALSE
TXN_6500890,CUST_07,Electric Household Essentials,Item_4_EHE,9.5,5,47.5,Credit Card,Online,15/03/2024,TRUE
TXN_5281882,CUST_06,Electric Household Essentials,Item_17_EHE,29,1,29,Credit Card,In-Store,18/02/2024,TRUE
TXN_3687556,CUST_01,Beverages,Item_8_BEV,15.5,7,108.5,Digital Wallet,In-Store,10/5/2023,TRUE
TXN_2243096,CUST_18,Patisserie,Item_20_PAT,33.5,9,301.5,Credit Card,Online,8/4/2024,TRUE
TXN_6237848,CUST_04,Computers And Electric Accessories,Item_9_CEA,17,4,68,Credit Card,In-Store,12/1/2022,FALSE
TXN_1205686,CUST_09,Computers And Electric Accessories,Item_19_CEA,32,2,64,Credit Card,Online,12/3/2022,TRUE
TXN_4071268,CUST_23,Computers And Electric Accessories,Item_22_CEA,36.5,7,255.5,Cash,In-Store,20/08/2024,FALSE
TXN_9152165,CUST_11,Milk Products,Item_23_MILK,38,3,114,Credit Card,Online,23/08/2024,TRUE
TXN_4769945,CUST_25,Furniture,Item_1_FUR,5,4,20,Credit Card,In-Store,27/09/2022,FALSE
TXN_7287258,CUST_07,Furniture,Item_23_FUR,38,10,380,Cash,Online,8/1/2025,FALSE
TXN_1996894,CUST_02,Food,Item_11_FOOD,20,2,40,Cash,Online,3/4/2022,FALSE
TXN_5380552,CUST_05,Butchers,Item_17_BUT,29,1,29,Credit Card,In-Store,28/09/2023,FALSE
TXN_8572389,CUST_14,Patisserie,Item_8_PAT,15.5,1,15.5,Cash,In-Store,7/7/2022,FALSE
TXN_4002469,CUST_12,Furniture,Item_9_FUR,17,1,17,Credit Card,Online,1/12/2023,TRUE
TXN_8151553,CUST_12,Computers And Electric Accessories,Item_13_CEA,23,10,230,Digital Wallet,In-Store,17/06/2023,FALSE
TXN_9802098,CUST_04,Food,Item_12_FOOD,21.5,7,150.5,Digital Wallet,In-Store,14/03/2024,TRUE
TXN_4919540,CUST_12,Food,Item_5_FOOD,11,5,55,Digital Wallet,In-Store,17/09/2022,FALSE
TXN_5874122,CUST_20,Furniture,Item_14_FUR,24.5,8,196,Credit Card,Online,3/11/2024,TRUE
TXN_9649394,CUST_13,Patisserie,Item_20_PAT,33.5,9,301.5,Credit Card,Online,23/08/2024,TRUE
TXN_4392355,CUST_08,Patisserie,Item_8_PAT,15.5,4,62,Credit Card,Online,14/12/2024,FALSE
TXN_4058390,CUST_10,Computers And Electric Accessories,Item_18_CEA,30.5,8,244,Digital Wallet,Online,1/9/2024,FALSE
TXN_8533361,CUST_07,Food,Item_13_FOOD,23,7,161,Credit Card,In-Store,14/12/2024,TRUE
TXN_1795555,CUST_07,Butchers,Item_12_BUT,21.5,5,107.5,Credit Card,Online,21/03/2022,TRUE
TXN_1387779,CUST_16,Food,Item_21_FOOD,35,8,280,Cash,Online,1/2/2024,TRUE
TXN_6569366,CUST_24,Electric Household Essentials,Item_22_EHE,36.5,7,255.5,Digital Wallet,Online,6/4/2024,TRUE
TXN_6689708,CUST_05,Beverages,Item_22_BEV,36.5,8,292,Credit Card,Online,12/9/2024,FALSE
TXN_3937980,CUST_19,Milk Products,Item_18_MILK,30.5,4,122,Credit Card,Online,16/12/2024,FALSE
TXN_2662020,CUST_04,Electric Household Essentials,Item_16_EHE,27.5,1,27.5,Digital Wallet,Online,28/11/2022,TRUE
TXN_9542148,CUST_24,Butchers,Item_5_BUT,11,5,55,Cash,Online,3/8/2022,FALSE
TXN_9284513,CUST_06,Butchers,Item_3_BUT,8,2,16,Cash,Online,23/10/2024,TRUE
TXN_6043884,CUST_24,Food,Item_20_FOOD,33.5,1,33.5,Cash,In-Store,8/7/2024,TRUE
TXN_7892617,CUST_08,Butchers,Item_18_BUT,30.5,3,91.5,Credit Card,Online,14/11/2023,TRUE
TXN_7037057,CUST_09,Electric Household Essentials,Item_25_EHE,41,2,82,Digital Wallet,Online,29/06/2022,TRUE
TXN_1812590,CUST_17,Furniture,Item_25_FUR,41,3,123,Cash,In-Store,23/07/2023,TRUE
TXN_1539096,CUST_21,Butchers,Item_10_BUT,18.5,9,166.5,Credit Card,In-Store,19/02/2022,TRUE
TXN_1877006,CUST_15,Electric Household Essentials,Item_19_EHE,32,10,320,Digital Wallet,Online,19/05/2024,TRUE
TXN_4910271,CUST_11,Milk Products,Item_19_MILK,32,1,32,Cash,Online,9/2/2024,TRUE
TXN_2222797,CUST_18,Electric Household Essentials,Item_9_EHE,17,4,68,Cash,In-Store,6/5/2023,FALSE
TXN_5836421,CUST_01,Furniture,Item_6_FUR,12.5,2,25,Credit Card,Online,10/3/2022,TRUE
TXN_4041720,CUST_03,Furniture,Item_4_FUR,9.5,9,85.5,Credit Card,In-Store,29/09/2024,FALSE
TXN_1880682,CUST_22,Computers And Electric Accessories,Item_14_CEA,24.5,10,245,Cash,In-Store,28/05/2024,FALSE
TXN_5569187,CUST_24,Butchers,Item_19_BUT,32,5,160,Credit Card,Online,13/06/2022,FALSE
TXN_9645168,CUST_02,Computers And Electric Accessories,Item_12_CEA,21.5,5,107.5,Digital Wallet,In-Store,4/1/2025,FALSE
TXN_8880741,CUST_22,Furniture,Item_11_FUR,20,7,140,Cash,Online,3/7/2023,FALSE
TXN_1224026,CUST_01,Food,Item_2_FOOD,6.5,10,65,Cash,In-Store,17/10/2022,FALSE
TXN_9988948,CUST_25,Furniture,Item_16_FUR,27.5,10,275,Credit Card,Online,8/10/2023,FALSE
TXN_3023874,CUST_03,Patisserie,Item_2_PAT,6.5,1,6.5,Digital Wallet,In-Store,24/04/2024,TRUE
TXN_1673915,CUST_16,Furniture,Item_15_FUR,26,8,208,Digital Wallet,Online,15/02/2023,FALSE
TXN_3215453,CUST_06,Patisserie,Item_24_PAT,39.5,2,79,Credit Card,In-Store,30/01/2024,FALSE
TXN_8908031,CUST_25,Butchers,Item_5_BUT,11,8,88,Cash,Online,20/01/2023,FALSE
TXN_2250059,CUST_07,Butchers,Item_5_BUT,11,2,22,Credit Card,Online,30/10/2023,FALSE
TXN_5156844,CUST_09,Patisserie,Item_20_PAT,33.5,6,201,Cash,Online,23/02/2023,TRUE
TXN_1367829,CUST_07,Patisserie,Item_20_PAT,33.5,5,167.5,Credit Card,Online,1/1/2024,TRUE
TXN_8921717,CUST_17,Computers And Electric Accessories,Item_9_CEA,17,8,136,Cash,Online,18/04/2022,FALSE
TXN_3071038,CUST_14,Patisserie,Item_9_PAT,17,9,153,Digital Wallet,In-Store,16/12/2022,TRUE
TXN_3496546,CUST_11,Patisserie,Item_9_PAT,17,7,119,Cash,Online,11/2/2023,FALSE
TXN_2980967,CUST_04,Butchers,Item_16_BUT,27.5,5,137.5,Credit Card,Online,28/10/2024,TRUE
TXN_4469477,CUST_06,Butchers,Item_21_BUT,35,5,175,Credit Card,In-Store,28/12/2022,FALSE
TXN_7564934,CUST_09,Beverages,Item_14_BEV,24.5,10,245,Credit Card,In-Store,23/07/2023,FALSE
TXN_6192129,CUST_10,Patisserie,Item_14_PAT,24.5,10,245,Cash,Online,2/3/2024,TRUE
TXN_3723814,CUST_20,Milk Products,Item_11_MILK,20,8,160,Credit Card,Online,16/02/2024,FALSE
TXN_1741161,CUST_14,Beverages,Item_1_BEV,5,8,40,Cash,Online,28/10/2024,FALSE
TXN_4078266,CUST_10,Computers And Electric Accessories,Item_8_CEA,15.5,7,108.5,Cash,In-Store,19/07/2024,FALSE
TXN_6667228,CUST_02,Butchers,Item_6_BUT,12.5,2,25,Cash,Online,9/10/2022,TRUE
TXN_5864711,CUST_22,Patisserie,Item_18_PAT,30.5,4,122,Credit Card,In-Store,2/3/2022,FALSE
TXN_7828591,CUST_02,Patisserie,Item_3_PAT,8,2,16,Digital Wallet,In-Store,25/09/2022,TRUE
TXN_5551793,CUST_03,Milk Products,Item_7_MILK,14,5,70,Cash,Online,6/4/2024,TRUE
TXN_4596184,CUST_17,Food,Item_24_FOOD,39.5,4,158,Digital Wallet,Online,24/11/2023,FALSE
TXN_7278878,CUST_11,Patisserie,Item_14_PAT,24.5,1,24.5,Credit Card,In-Store,5/3/2023,FALSE
TXN_6142111,CUST_09,Beverages,Item_8_BEV,15.5,3,46.5,Credit Card,Online,2/3/2024,TRUE
TXN_1725454,CUST_07,Electric Household Essentials,Item_6_EHE,12.5,8,100,Credit Card,Online,15/11/2023,FALSE
TXN_2543656,CUST_06,Milk Products,Item_1_MILK,5,9,45,Digital Wallet,Online,7/3/2022,FALSE
TXN_8223973,CUST_21,Electric Household Essentials,Item_2_EHE,6.5,6,39,Cash,In-Store,11/12/2024,FALSE
TXN_8566964,CUST_15,Patisserie,Item_8_PAT,15.5,7,108.5,Cash,Online,30/08/2022,FALSE
TXN_8333599,CUST_09,Furniture,Item_20_FUR,33.5,7,234.5,Cash,Online,15/06/2024,TRUE
TXN_4787913,CUST_03,Furniture,Item_20_FUR,33.5,10,335,Cash,In-Store,9/8/2023,TRUE
TXN_8776539,CUST_03,Patisserie,Item_11_PAT,20,9,180,Digital Wallet,Online,27/09/2024,TRUE
TXN_8178931,CUST_02,Food,Item_14_FOOD,24.5,4,98,Digital Wallet,In-Store,14/10/2022,TRUE
TXN_3438683,CUST_01,Furniture,Item_20_FUR,33.5,6,201,Credit Card,Online,14/12/2024,FALSE
TXN_5585168,CUST_09,Furniture,Item_2_FUR,6.5,2,13,Credit Card,In-Store,7/1/2025,TRUE
TXN_2040809,CUST_08,Butchers,Item_22_BUT,36.5,10,365,Credit Card,In-Store,23/05/2024,TRUE
TXN_9040250,CUST_01,Patisserie,Item_13_PAT,23,6,138,Credit Card,In-Store,18/02/2022,TRUE
TXN_7893709,CUST_21,Milk Products,Item_15_MILK,26,10,260,Digital Wallet,Online,25/01/2024,TRUE
TXN_3623366,CUST_06,Beverages,Item_12_BEV,21.5,1,21.5,Digital Wallet,In-Store,5/1/2025,TRUE
TXN_4250432,CUST_15,Furniture,Item_8_FUR,15.5,3,46.5,Cash,Online,1/11/2023,TRUE
TXN_2856597,CUST_13,Beverages,Item_11_BEV,20,6,120,Cash,In-Store,25/12/2023,TRUE
TXN_8352203,CUST_24,Milk Products,Item_23_MILK,38,1,38,Credit Card,In-Store,4/8/2022,FALSE
TXN_9171196,CUST_05,Food,Item_9_FOOD,17,7,119,Credit Card,Online,22/05/2023,TRUE
TXN_3646004,CUST_18,Beverages,Item_8_BEV,15.5,1,15.5,Cash,Online,16/07/2024,TRUE
TXN_6237983,CUST_18,Butchers,Item_16_BUT,27.5,6,165,Cash,Online,30/05/2022,FALSE
TXN_9576418,CUST_15,Beverages,Item_11_BEV,20,8,160,Credit Card,Online,14/07/2022,TRUE
TXN_8136862,CUST_25,Butchers,Item_20_BUT,33.5,3,100.5,Digital Wallet,Online,4/5/2024,TRUE
TXN_4599772,CUST_13,Computers And Electric Accessories,Item_15_CEA,26,10,260,Cash,In-Store,4/5/2022,FALSE
TXN_1311744,CUST_24,Food,Item_3_FOOD,8,1,8,Digital Wallet,Online,22/06/2022,FALSE
TXN_4937757,CUST_11,Milk Products,Item_7_MILK,14,6,84,Cash,Online,27/05/2024,TRUE
TXN_2099825,CUST_05,Patisserie,Item_18_PAT,30.5,7,213.5,Credit Card,Online,11/12/2024,FALSE
TXN_8005657,CUST_19,Beverages,Item_16_BEV,27.5,8,220,Digital Wallet,In-Store,27/11/2022,TRUE
TXN_3951413,CUST_04,Milk Products,Item_20_MILK,33.5,6,201,Digital Wallet,In-Store,20/10/2024,TRUE
TXN_5621564,CUST_09,Food,Item_19_FOOD,32,1,32,Cash,In-Store,4/3/2023,FALSE
TXN_5224584,CUST_01,Beverages,Item_12_BEV,21.5,3,64.5,Digital Wallet,In-Store,23/06/2022,FALSE
TXN_7239576,CUST_18,Food,Item_3_FOOD,8,6,48,Credit Card,In-Store,11/9/2023,TRUE
TXN_9960444,CUST_05,Beverages,Item_19_BEV,32,2,64,Credit Card,In-Store,11/3/2024,FALSE
TXN_7027151,CUST_05,Food,Item_18_FOOD,30.5,5,152.5,Digital Wallet,Online,10/8/2024,FALSE
TXN_6442602,CUST_11,Computers And Electric Accessories,Item_5_CEA,11,4,44,Cash,In-Store,22/12/2023,FALSE
TXN_1350230,CUST_15,Butchers,Item_15_BUT,26,4,104,Cash,Online,18/11/2022,FALSE
TXN_4581067,CUST_17,Milk Products,Item_14_MILK,24.5,9,220.5,Credit Card,In-Store,4/6/2022,TRUE
TXN_8385569,CUST_11,Beverages,Item_3_BEV,8,1,8,Digital Wallet,Online,13/04/2023,FALSE
TXN_1625647,CUST_22,Computers And Electric Accessories,Item_3_CEA,8,3,24,Digital Wallet,In-Store,23/01/2024,TRUE
TXN_6257905,CUST_19,Furniture,Item_24_FUR,39.5,5,197.5,Cash,In-Store,29/08/2024,FALSE
TXN_4673425,CUST_21,Patisserie,Item_24_PAT,39.5,9,355.5,Credit Card,Online,26/01/2022,TRUE
TXN_7562077,CUST_04,Computers And Electric Accessories,Item_2_CEA,6.5,7,45.5,Cash,Online,16/08/2023,FALSE
TXN_6689339,CUST_23,Electric Household Essentials,Item_16_EHE,27.5,7,192.5,Cash,In-Store,4/7/2023,TRUE
TXN_1324813,CUST_09,Computers And Electric Accessories,Item_8_CEA,15.5,8,124,Digital Wallet,Online,22/09/2023,FALSE
TXN_1741913,CUST_03,Computers And Electric Accessories,Item_7_CEA,14,3,42,Credit Card,In-Store,11/12/2022,FALSE
TXN_2208547,CUST_05,Beverages,Item_25_BEV,41,10,410,Credit Card,Online,23/02/2022,TRUE
TXN_9820980,CUST_16,Food,Item_17_FOOD,29,1,29,Cash,In-Store,20/09/2024,FALSE
TXN_2226385,CUST_20,Butchers,Item_1_BUT,5,4,20,Credit Card,In-Store,8/6/2023,TRUE
TXN_7676502,CUST_08,Food,Item_5_FOOD,11,2,22,Digital Wallet,In-Store,26/03/2024,FALSE
TXN_5453940,CUST_25,Furniture,Item_6_FUR,12.5,7,87.5,Digital Wallet,Online,30/03/2023,FALSE
TXN_4620709,CUST_22,Milk Products,Item_19_MILK,32,7,224,Cash,In-Store,12/4/2022,TRUE
TXN_8792621,CUST_19,Patisserie,Item_16_PAT,27.5,5,137.5,Credit Card,In-Store,28/09/2024,FALSE
TXN_6789123,CUST_10,Computers And Electric Accessories,Item_20_CEA,33.5,6,201,Cash,Online,10/8/2023,TRUE
TXN_5552232,CUST_02,Electric Household Essentials,Item_10_EHE,18.5,10,185,Cash,In-Store,14/05/2023,FALSE
TXN_6924343,CUST_11,Beverages,Item_1_BEV,5,4,20,Cash,Online,11/3/2023,TRUE
TXN_2112426,CUST_13,Patisserie,Item_25_PAT,41,3,123,Credit Card,Online,25/11/2024,TRUE
TXN_9165480,CUST_15,Milk Products,Item_1_MILK,5,3,15,Cash,In-Store,18/05/2023,FALSE
TXN_2829458,CUST_21,Milk Products,Item_22_MILK,36.5,5,182.5,Digital Wallet,In-Store,25/03/2024,TRUE
TXN_2918886,CUST_07,Electric Household Essentials,Item_13_EHE,23,1,23,Credit Card,Online,11/7/2022,FALSE
TXN_1369755,CUST_21,Computers And Electric Accessories,Item_2_CEA,6.5,5,32.5,Cash,In-Store,16/06/2023,TRUE
TXN_9344795,CUST_12,Milk Products,Item_7_MILK,14,1,14,Cash,In-Store,20/10/2024,TRUE
TXN_4750878,CUST_24,Electric Household Essentials,Item_12_EHE,21.5,4,86,Cash,Online,23/11/2023,TRUE
TXN_3909621,CUST_15,Patisserie,Item_21_PAT,35,5,175,Credit Card,Online,27/11/2022,FALSE
TXN_3384905,CUST_19,Beverages,Item_8_BEV,15.5,2,31,Credit Card,Online,28/12/2023,TRUE
TXN_5861014,CUST_21,Patisserie,Item_17_PAT,29,4,116,Credit Card,In-Store,21/03/2024,TRUE
TXN_3080253,CUST_23,Butchers,Item_13_BUT,23,4,92,Credit Card,In-Store,14/03/2023,FALSE
TXN_5422440,CUST_19,Furniture,Item_20_FUR,33.5,5,167.5,Cash,In-Store,3/4/2023,FALSE
TXN_9114087,CUST_15,Computers And Electric Accessories,Item_2_CEA,6.5,7,45.5,Digital Wallet,Online,24/02/2024,TRUE
TXN_5628115,CUST_08,Milk Products,Item_23_MILK,38,2,76,Digital Wallet,Online,13/08/2023,TRUE
TXN_7148957,CUST_05,Food,Item_20_FOOD,33.5,8,268,Credit Card,Online,1/8/2023,TRUE
TXN_4501679,CUST_04,Beverages,Item_14_BEV,24.5,1,24.5,Digital Wallet,In-Store,8/5/2024,TRUE
TXN_7779073,CUST_18,Electric Household Essentials,Item_20_EHE,33.5,10,335,Credit Card,Online,13/02/2022,TRUE
TXN_2575540,CUST_17,Food,Item_13_FOOD,23,4,92,Credit Card,Online,19/07/2024,TRUE
TXN_5302358,CUST_06,Electric Household Essentials,Item_13_EHE,23,6,138,Digital Wallet,Online,31/10/2024,FALSE
TXN_9653552,CUST_12,Butchers,Item_16_BUT,27.5,8,220,Cash,In-Store,27/08/2023,FALSE
TXN_9686128,CUST_05,Computers And Electric Accessories,Item_10_CEA,18.5,4,74,Digital Wallet,Online,23/10/2023,FALSE
TXN_5017877,CUST_02,Electric Household Essentials,Item_5_EHE,11,1,11,Cash,Online,21/01/2023,TRUE
TXN_4899415,CUST_18,Patisserie,Item_11_PAT,20,3,60,Cash,Online,14/11/2022,TRUE
TXN_8040308,CUST_03,Patisserie,Item_15_PAT,26,4,104,Digital Wallet,In-Store,3/11/2023,TRUE
TXN_8359482,CUST_22,Beverages,Item_8_BEV,15.5,3,46.5,Digital Wallet,Online,6/1/2022,FALSE
TXN_9245240,CUST_03,Computers And Electric Accessories,Item_1_CEA,5,2,10,Credit Card,In-Store,24/08/2024,TRUE
TXN_7978734,CUST_23,Beverages,Item_3_BEV,8,10,80,Digital Wallet,Online,10/1/2024,FALSE
TXN_9117114,CUST_13,Food,Item_13_FOOD,23,2,46,Cash,In-Store,5/1/2024,TRUE
TXN_7198271,CUST_03,Furniture,Item_6_FUR,12.5,1,12.5,Credit Card,In-Store,24/06/2023,TRUE
TXN_5318952,CUST_11,Food,Item_18_FOOD,30.5,1,30.5,Cash,Online,12/1/2025,FALSE
TXN_4451027,CUST_04,Electric Household Essentials,Item_17_EHE,29,6,174,Credit Card,In-Store,29/10/2022,TRUE
TXN_9290596,CUST_06,Beverages,Item_24_BEV,39.5,8,316,Digital Wallet,In-Store,6/11/2024,FALSE
TXN_1059221,CUST_17,Patisserie,Item_16_PAT,27.5,2,55,Cash,In-Store,11/9/2022,TRUE
TXN_9061738,CUST_14,Milk Products,Item_2_MILK,6.5,6,39,Cash,Online,2/6/2023,TRUE
TXN_5171428,CUST_08,Milk Products,Item_10_MILK,18.5,5,92.5,Credit Card,Online,8/1/2022,TRUE
TXN_8662127,CUST_11,Food,Item_25_FOOD,41,4,164,Digital Wallet,In-Store,18/03/2024,TRUE
TXN_6421767,CUST_01,Food,Item_11_FOOD,20,6,120,Credit Card,Online,6/4/2022,FALSE
TXN_5980130,CUST_22,Butchers,Item_4_BUT,9.5,3,28.5,Digital Wallet,In-Store,7/11/2022,TRUE
TXN_6283940,CUST_01,Food,Item_7_FOOD,14,1,14,Credit Card,In-Store,21/09/2022,TRUE
TXN_4640794,CUST_25,Milk Products,Item_10_MILK,18.5,5,92.5,Digital Wallet,Online,18/01/2023,TRUE
TXN_5872134,CUST_13,Patisserie,Item_19_PAT,32,8,256,Credit Card,Online,29/05/2023,FALSE
TXN_5240246,CUST_24,Butchers,Item_3_BUT,8,4,32,Cash,Online,22/09/2022,TRUE
TXN_5701666,CUST_14,Electric Household Essentials,Item_22_EHE,36.5,4,146,Cash,Online,27/09/2023,TRUE
TXN_8160068,CUST_08,Milk Products,Item_6_MILK,12.5,9,112.5,Credit Card,Online,30/03/2023,TRUE
TXN_1294411,CUST_04,Food,Item_17_FOOD,29,3,87,Digital Wallet,In-Store,21/09/2023,FALSE
TXN_8256175,CUST_07,Computers And Electric Accessories,Item_18_CEA,30.5,2,61,Credit Card,Online,25/04/2022,FALSE
TXN_7108299,CUST_22,Furniture,Item_24_FUR,39.5,5,197.5,Credit Card,In-Store,17/09/2022,TRUE
TXN_6746068,CUST_14,Food,Item_13_FOOD,23,6,138,Digital Wallet,In-Store,13/02/2022,TRUE
TXN_9235754,CUST_10,Electric Household Essentials,Item_23_EHE,38,2,76,Digital Wallet,Online,3/5/2024,FALSE
TXN_8504230,CUST_25,Milk Products,Item_4_MILK,9.5,5,47.5,Cash,Online,1/11/2024,FALSE
TXN_5512644,CUST_13,Electric Household Essentials,Item_1_EHE,5,1,5,Cash,In-Store,30/05/2022,FALSE
TXN_3985103,CUST_08,Food,Item_17_FOOD,29,2,58,Digital Wallet,Online,27/12/2022,TRUE
TXN_1460673,CUST_06,Furniture,Item_5_FUR,11,6,66,Credit Card,In-Store,14/04/2023,FALSE
TXN_3054684,CUST_06,Furniture,Item_21_FUR,35,8,280,Digital Wallet,In-Store,30/12/2024,TRUE
TXN_6726711,CUST_21,Milk Products,Item_23_MILK,38,4,152,Cash,In-Store,3/8/2023,FALSE
TXN_9577293,CUST_22,Electric Household Essentials,Item_18_EHE,30.5,5,152.5,Digital Wallet,Online,4/3/2023,FALSE
TXN_9472197,CUST_23,Butchers,Item_11_BUT,20,6,120,Digital Wallet,In-Store,9/4/2024,TRUE
TXN_3217988,CUST_25,Milk Products,Item_1_MILK,5,1,5,Digital Wallet,Online,5/4/2023,TRUE
TXN_5642720,CUST_18,Furniture,Item_6_FUR,12.5,9,112.5,Cash,Online,15/07/2024,FALSE
TXN_6865387,CUST_09,Computers And Electric Accessories,Item_3_CEA,8,8,64,Credit Card,Online,7/12/2022,TRUE
TXN_9468973,CUST_05,Computers And Electric Accessories,Item_2_CEA,6.5,7,45.5,Digital Wallet,In-Store,21/03/2023,TRUE
TXN_6580606,CUST_16,Computers And Electric Accessories,Item_19_CEA,32,3,96,Credit Card,Online,21/11/2023,FALSE
TXN_5035756,CUST_02,Computers And Electric Accessories,Item_10_CEA,18.5,7,129.5,Cash,Online,2/3/2022,TRUE
TXN_3794692,CUST_08,Computers And Electric Accessories,Item_10_CEA,18.5,3,55.5,Cash,In-Store,18/10/2024,FALSE
TXN_7293443,CUST_16,Beverages,Item_13_BEV,23,8,184,Credit Card,In-Store,11/9/2024,FALSE
TXN_7369318,CUST_01,Beverages,Item_11_BEV,20,5,100,Credit Card,Online,18/01/2025,FALSE
TXN_1510555,CUST_10,Computers And Electric Accessories,Item_4_CEA,9.5,6,57,Credit Card,In-Store,18/10/2024,TRUE
TXN_1170545,CUST_19,Electric Household Essentials,Item_8_EHE,15.5,4,62,Credit Card,Online,27/11/2023,TRUE
TXN_3339094,CUST_13,Milk Products,Item_7_MILK,14,5,70,Credit Card,Online,12/8/2022,FALSE
TXN_2308456,CUST_02,Furniture,Item_15_FUR,26,9,234,Cash,In-Store,13/08/2023,FALSE
TXN_2316809,CUST_02,Furniture,Item_5_FUR,11,7,77,Digital Wallet,In-Store,2/4/2023,TRUE
TXN_5605094,CUST_07,Food,Item_14_FOOD,24.5,6,147,Credit Card,In-Store,1/4/2024,FALSE
TXN_1941756,CUST_13,Patisserie,Item_6_PAT,12.5,1,12.5,Digital Wallet,In-Store,29/06/2023,TRUE
TXN_2128482,CUST_19,Computers And Electric Accessories,Item_14_CEA,24.5,7,171.5,Credit Card,Online,9/3/2022,FALSE
TXN_3961196,CUST_16,Patisserie,Item_4_PAT,9.5,4,38,Cash,In-Store,17/05/2023,TRUE
TXN_3147080,CUST_22,Butchers,Item_6_BUT,12.5,7,87.5,Digital Wallet,In-Store,11/12/2024,FALSE
TXN_3369620,CUST_20,Computers And Electric Accessories,Item_11_CEA,20,5,100,Credit Card,Online,1/10/2024,FALSE
TXN_1004091,CUST_04,Food,Item_25_FOOD,41,3,123,Cash,In-Store,9/11/2023,FALSE
TXN_6370101,CUST_10,Milk Products,Item_4_MILK,9.5,2,19,Digital Wallet,Online,7/8/2023,FALSE
TXN_1466235,CUST_18,Patisserie,Item_25_PAT,41,6,246,Cash,In-Store,25/12/2022,TRUE
TXN_5309800,CUST_16,Butchers,Item_22_BUT,36.5,4,146,Digital Wallet,Online,18/10/2022,FALSE
TXN_2035106,CUST_20,Furniture,Item_2_FUR,6.5,10,65,Credit Card,In-Store,24/02/2022,FALSE
TXN_1532181,CUST_23,Patisserie,Item_10_PAT,18.5,2,37,Digital Wallet,In-Store,6/6/2022,TRUE
TXN_9727406,CUST_06,Milk Products,Item_3_MILK,8,8,64,Digital Wallet,In-Store,6/2/2022,TRUE
TXN_5230040,CUST_25,Beverages,Item_1_BEV,5,5,25,Digital Wallet,Online,12/7/2022,FALSE
TXN_9038605,CUST_09,Milk Products,Item_4_MILK,9.5,2,19,Credit Card,In-Store,25/12/2024,TRUE
TXN_7819270,CUST_13,Computers And Electric Accessories,Item_23_CEA,38,1,38,Credit Card,In-Store,26/09/2024,FALSE
TXN_9539536,CUST_10,Beverages,Item_22_BEV,36.5,1,36.5,Credit Card,In-Store,27/04/2023,TRUE
TXN_9373920,CUST_24,Beverages,Item_14_BEV,24.5,5,122.5,Credit Card,Online,25/05/2022,TRUE
TXN_5158663,CUST_06,Electric Household Essentials,Item_20_EHE,33.5,7,234.5,Digital Wallet,Online,1/2/2024,FALSE
TXN_3507613,CUST_03,Patisserie,Item_1_PAT,5,3,15,Digital Wallet,In-Store,27/11/2023,FALSE
TXN_7352034,CUST_09,Computers And Electric Accessories,Item_7_CEA,14,7,98,Digital Wallet,Online,12/6/2023,FALSE
TXN_1433405,CUST_20,Beverages,Item_7_BEV,14,5,70,Digital Wallet,In-Store,20/07/2023,FALSE
TXN_4105300,CUST_03,Milk Products,Item_13_MILK,23,4,92,Credit Card,In-Store,27/08/2023,TRUE
TXN_5646983,CUST_19,Butchers,Item_17_BUT,29,5,145,Cash,Online,1/7/2023,TRUE
TXN_8236696,CUST_04,Beverages,Item_2_BEV,6.5,4,26,Credit Card,Online,11/8/2024,FALSE
TXN_1809144,CUST_10,Patisserie,Item_2_PAT,6.5,6,39,Digital Wallet,In-Store,13/11/2024,TRUE
TXN_8147277,CUST_06,Beverages,Item_18_BEV,30.5,1,30.5,Digital Wallet,In-Store,24/12/2022,FALSE
TXN_3595305,CUST_03,Computers And Electric Accessories,Item_19_CEA,32,1,32,Cash,In-Store,16/04/2023,TRUE
TXN_5331650,CUST_08,Milk Products,Item_7_MILK,14,8,112,Digital Wallet,Online,3/4/2023,FALSE
TXN_3681075,CUST_22,Butchers,Item_21_BUT,35,8,280,Cash,In-Store,1/6/2022,TRUE
TXN_6866610,CUST_06,Electric Household Essentials,Item_18_EHE,30.5,5,152.5,Cash,In-Store,5/5/2023,FALSE
TXN_1123016,CUST_14,Computers And Electric Accessories,Item_5_CEA,11,9,99,Digital Wallet,Online,21/07/2022,TRUE
TXN_7112380,CUST_03,Beverages,Item_24_BEV,39.5,5,197.5,Credit Card,In-Store,23/07/2022,TRUE
TXN_6902939,CUST_05,Electric Household Essentials,Item_6_EHE,12.5,2,25,Digital Wallet,In-Store,13/12/2022,FALSE
TXN_4446737,CUST_11,Beverages,Item_16_BEV,27.5,10,275,Cash,In-Store,15/03/2022,FALSE
TXN_8919663,CUST_21,Electric Household Essentials,Item_4_EHE,9.5,8,76,Cash,In-Store,9/1/2022,TRUE
TXN_4205627,CUST_21,Electric Household Essentials,Item_5_EHE,11,7,77,Digital Wallet,Online,1/2/2024,FALSE
TXN_7249444,CUST_14,Computers And Electric Accessories,Item_18_CEA,30.5,10,305,Digital Wallet,In-Store,28/10/2023,FALSE
TXN_7224484,CUST_22,Milk Products,Item_23_MILK,38,1,38,Cash,Online,3/11/2022,TRUE
TXN_6402109,CUST_23,Beverages,Item_20_BEV,33.5,6,201,Cash,In-Store,3/4/2022,FALSE
TXN_5374685,CUST_05,Beverages,Item_20_BEV,33.5,7,234.5,Credit Card,Online,21/11/2024,FALSE
TXN_3881126,CUST_23,Food,Item_20_FOOD,33.5,7,234.5,Credit Card,Online,14/08/2022,FALSE
TXN_4407458,CUST_14,Electric Household Essentials,Item_17_EHE,29,9,261,Cash,Online,26/03/2023,FALSE
TXN_3739937,CUST_02,Computers And Electric Accessories,Item_9_CEA,17,6,102,Credit Card,Online,1/3/2024,TRUE
TXN_1877555,CUST_18,Butchers,Item_25_BUT,41,9,369,Credit Card,In-Store,3/3/2024,TRUE
TXN_1310355,CUST_06,Furniture,Item_18_FUR,30.5,7,213.5,Cash,Online,16/01/2023,FALSE
TXN_2774355,CUST_14,Beverages,Item_15_BEV,26,6,156,Cash,In-Store,19/10/2023,TRUE
TXN_2327962,CUST_12,Electric Household Essentials,Item_13_EHE,23,9,207,Credit Card,Online,19/02/2023,TRUE
TXN_7693291,CUST_12,Electric Household Essentials,Item_6_EHE,12.5,9,112.5,Digital Wallet,Online,4/1/2025,FALSE
TXN_3334999,CUST_06,Food,Item_20_FOOD,33.5,10,335,Digital Wallet,In-Store,2/4/2023,TRUE
TXN_9377257,CUST_06,Food,Item_25_FOOD,41,6,246,Digital Wallet,Online,4/3/2024,FALSE
TXN_4674285,CUST_16,Food,Item_10_FOOD,18.5,10,185,Digital Wallet,In-Store,5/2/2024,FALSE
TXN_9841782,CUST_20,Electric Household Essentials,Item_2_EHE,6.5,7,45.5,Cash,Online,19/07/2022,FALSE
TXN_1603699,CUST_17,Computers And Electric Accessories,Item_2_CEA,6.5,2,13,Digital Wallet,In-Store,23/10/2023,TRUE
TXN_1063182,CUST_01,Beverages,Item_2_BEV,6.5,10,65,Credit Card,Online,2/5/2022,FALSE
TXN_4717451,CUST_23,Milk Products,Item_7_MILK,14,4,56,Cash,In-Store,4/11/2023,FALSE
TXN_1126918,CUST_06,Furniture,Item_6_FUR,12.5,7,87.5,Cash,Online,23/10/2022,FALSE
TXN_9697733,CUST_13,Beverages,Item_3_BEV,8,10,80,Cash,Online,10/2/2024,FALSE
TXN_6610649,CUST_22,Beverages,Item_7_BEV,14,1,14,Cash,Online,17/06/2024,FALSE
TXN_2138629,CUST_12,Beverages,Item_8_BEV,15.5,1,15.5,Digital Wallet,Online,30/01/2022,FALSE
TXN_1139198,CUST_01,Furniture,Item_17_FUR,29,7,203,Digital Wallet,In-Store,4/11/2022,TRUE
TXN_9540741,CUST_14,Milk Products,Item_7_MILK,14,2,28,Credit Card,Online,6/3/2022,TRUE
TXN_6887406,CUST_04,Milk Products,Item_17_MILK,29,8,232,Digital Wallet,Online,23/03/2022,FALSE
TXN_3487125,CUST_09,Butchers,Item_2_BUT,6.5,5,32.5,Digital Wallet,Online,8/6/2023,TRUE
TXN_8949747,CUST_21,Milk Products,Item_11_MILK,20,10,200,Digital Wallet,Online,29/01/2022,FALSE
TXN_5627047,CUST_16,Butchers,Item_24_BUT,39.5,7,276.5,Cash,Online,6/2/2022,TRUE
TXN_7072572,CUST_13,Milk Products,Item_11_MILK,20,1,20,Cash,In-Store,13/01/2022,TRUE
TXN_1524234,CUST_16,Electric Household Essentials,Item_7_EHE,14,10,140,Digital Wallet,Online,12/11/2022,FALSE
TXN_6185500,CUST_22,Computers And Electric Accessories,Item_13_CEA,23,7,161,Cash,In-Store,4/6/2024,TRUE
TXN_3201198,CUST_21,Patisserie,Item_12_PAT,21.5,2,43,Credit Card,In-Store,9/9/2024,FALSE
TXN_8030351,CUST_06,Beverages,Item_14_BEV,24.5,1,24.5,Digital Wallet,In-Store,13/06/2024,FALSE
TXN_3373651,CUST_08,Patisserie,Item_17_PAT,29,10,290,Cash,In-Store,21/01/2022,TRUE
TXN_6615966,CUST_17,Milk Products,Item_23_MILK,38,6,228,Cash,Online,5/9/2023,TRUE
TXN_2728490,CUST_25,Patisserie,Item_10_PAT,18.5,1,18.5,Credit Card,Online,31/10/2023,TRUE
TXN_3545596,CUST_10,Beverages,Item_10_BEV,18.5,7,129.5,Credit Card,In-Store,26/03/2023,TRUE
TXN_2586658,CUST_15,Butchers,Item_16_BUT,27.5,2,55,Cash,Online,11/10/2022,FALSE
TXN_3219471,CUST_07,Milk Products,Item_11_MILK,20,2,40,Cash,In-Store,26/03/2022,FALSE
TXN_9199770,CUST_24,Furniture,Item_4_FUR,9.5,2,19,Cash,In-Store,25/11/2022,TRUE
TXN_5503377,CUST_09,Computers And Electric Accessories,Item_16_CEA,27.5,4,110,Credit Card,Online,13/07/2023,TRUE
TXN_2258785,CUST_16,Butchers,Item_3_BUT,8,10,80,Cash,In-Store,13/01/2023,FALSE
TXN_8012805,CUST_24,Milk Products,Item_9_MILK,17,2,34,Credit Card,In-Store,22/11/2022,FALSE
TXN_7069237,CUST_08,Beverages,Item_12_BEV,21.5,9,193.5,Credit Card,In-Store,28/11/2023,FALSE
TXN_3419392,CUST_25,Butchers,Item_18_BUT,30.5,5,152.5,Credit Card,Online,14/12/2024,FALSE
TXN_5149491,CUST_13,Milk Products,Item_16_MILK,27.5,10,275,Cash,Online,21/05/2022,TRUE
TXN_5317550,CUST_23,Furniture,Item_17_FUR,29,4,116,Credit Card,In-Store,14/05/2024,TRUE
TXN_9071198,CUST_05,Beverages,Item_2_BEV,6.5,8,52,Credit Card,Online,31/10/2022,FALSE
TXN_3588227,CUST_22,Butchers,Item_22_BUT,36.5,8,292,Credit Card,Online,9/5/2022,TRUE
TXN_5505701,CUST_04,Milk Products,Item_11_MILK,20,10,200,Digital Wallet,In-Store,8/7/2024,FALSE
TXN_9910150,CUST_08,Electric Household Essentials,Item_9_EHE,17,4,68,Digital Wallet,Online,23/05/2022,TRUE
TXN_3381866,CUST_16,Beverages,Item_20_BEV,33.5,8,268,Digital Wallet,Online,7/9/2024,FALSE
TXN_3836955,CUST_05,Milk Products,Item_22_MILK,36.5,5,182.5,Digital Wallet,In-Store,21/11/2024,TRUE
TXN_1899099,CUST_06,Food,Item_1_FOOD,5,3,15,Cash,In-Store,6/8/2022,TRUE
TXN_4029684,CUST_16,Furniture,Item_21_FUR,35,7,245,Digital Wallet,In-Store,19/04/2024,TRUE
TXN_5630572,CUST_04,Patisserie,Item_24_PAT,39.5,7,276.5,Digital Wallet,Online,5/10/2023,TRUE
TXN_5936341,CUST_23,Patisserie,Item_19_PAT,32,8,256,Digital Wallet,Online,13/07/2022,TRUE
TXN_1558197,CUST_01,Food,Item_20_FOOD,33.5,6,201,Digital Wallet,Online,23/04/2024,TRUE
TXN_2276275,CUST_13,Milk Products,Item_22_MILK,36.5,9,328.5,Cash,In-Store,29/04/2022,TRUE
TXN_8514415,CUST_03,Furniture,Item_8_FUR,15.5,8,124,Cash,Online,21/12/2022,TRUE
TXN_7232932,CUST_21,Electric Household Essentials,Item_16_EHE,27.5,1,27.5,Cash,Online,16/04/2022,FALSE
TXN_8219862,CUST_07,Electric Household Essentials,Item_12_EHE,21.5,3,64.5,Digital Wallet,In-Store,11/8/2022,FALSE
TXN_4483598,CUST_02,Patisserie,Item_14_PAT,24.5,7,171.5,Digital Wallet,In-Store,6/9/2024,TRUE
TXN_9372793,CUST_17,Food,Item_8_FOOD,15.5,9,139.5,Digital Wallet,In-Store,11/11/2023,FALSE
TXN_2190866,CUST_03,Butchers,Item_23_BUT,38,5,190,Cash,Online,26/01/2024,TRUE
TXN_7548408,CUST_18,Milk Products,Item_7_MILK,14,4,56,Digital Wallet,Online,14/04/2023,FALSE
TXN_7341164,CUST_11,Furniture,Item_21_FUR,35,9,315,Cash,In-Store,17/07/2024,TRUE
TXN_8139295,CUST_08,Beverages,Item_1_BEV,5,1,5,Credit Card,Online,5/7/2023,TRUE
TXN_3878663,CUST_11,Patisserie,Item_10_PAT,18.5,3,55.5,Digital Wallet,Online,31/03/2024,FALSE
TXN_3493022,CUST_15,Electric Household Essentials,Item_1_EHE,5,5,25,Credit Card,Online,25/11/2023,FALSE
TXN_8052085,CUST_20,Furniture,Item_17_FUR,29,2,58,Cash,In-Store,22/07/2024,TRUE
TXN_8961064,CUST_16,Butchers,Item_4_BUT,9.5,10,95,Digital Wallet,In-Store,22/06/2024,TRUE
TXN_8804809,CUST_20,Beverages,Item_18_BEV,30.5,6,183,Credit Card,In-Store,7/8/2024,TRUE
TXN_5239006,CUST_03,Milk Products,Item_22_MILK,36.5,9,328.5,Credit Card,Online,6/1/2023,FALSE
TXN_1648617,CUST_05,Electric Household Essentials,Item_22_EHE,36.5,9,328.5,Cash,In-Store,11/1/2023,TRUE
TXN_5116293,CUST_02,Patisserie,Item_8_PAT,15.5,6,93,Cash,Online,5/12/2022,FALSE
TXN_9170840,CUST_05,Electric Household Essentials,Item_12_EHE,21.5,6,129,Credit Card,In-Store,10/8/2022,TRUE
TXN_3303369,CUST_06,Computers And Electric Accessories,Item_14_CEA,24.5,4,98,Cash,In-Store,11/6/2023,TRUE
TXN_3954668,CUST_07,Food,Item_12_FOOD,21.5,6,129,Credit Card,Online,17/09/2024,TRUE
TXN_8098014,CUST_11,Milk Products,Item_4_MILK,9.5,6,57,Digital Wallet,Online,7/2/2022,FALSE
TXN_2624160,CUST_16,Butchers,Item_25_BUT,41,10,410,Digital Wallet,Online,19/06/2022,TRUE
TXN_4066635,CUST_09,Butchers,Item_12_BUT,21.5,3,64.5,Cash,In-Store,3/5/2022,FALSE
TXN_1704261,CUST_19,Butchers,Item_5_BUT,11,7,77,Cash,Online,1/8/2023,TRUE
TXN_3746744,CUST_16,Food,Item_24_FOOD,39.5,5,197.5,Digital Wallet,In-Store,2/10/2023,FALSE
TXN_7949340,CUST_06,Furniture,Item_8_FUR,15.5,4,62,Digital Wallet,In-Store,4/11/2023,FALSE
TXN_4974240,CUST_25,Electric Household Essentials,Item_10_EHE,18.5,5,92.5,Digital Wallet,In-Store,30/03/2023,TRUE
TXN_9032953,CUST_23,Beverages,Item_4_BEV,9.5,7,66.5,Credit Card,In-Store,19/04/2022,FALSE
TXN_9612422,CUST_04,Butchers,Item_6_BUT,12.5,6,75,Digital Wallet,In-Store,30/01/2022,FALSE
TXN_8883555,CUST_12,Furniture,Item_1_FUR,5,3,15,Credit Card,In-Store,12/10/2022,TRUE
TXN_7010436,CUST_12,Milk Products,Item_24_MILK,39.5,6,237,Cash,In-Store,7/11/2024,TRUE
TXN_9978007,CUST_14,Electric Household Essentials,Item_23_EHE,38,2,76,Cash,In-Store,2/11/2022,FALSE
TXN_1843848,CUST_05,Patisserie,Item_13_PAT,23,8,184,Credit Card,Online,13/10/2022,FALSE
TXN_7203576,CUST_08,Butchers,Item_25_BUT,41,4,164,Cash,Online,31/12/2023,FALSE
TXN_8283053,CUST_03,Beverages,Item_17_BEV,29,6,174,Cash,In-Store,14/12/2024,TRUE
TXN_9662767,CUST_01,Beverages,Item_20_BEV,33.5,9,301.5,Credit Card,In-Store,2/1/2022,TRUE
TXN_1936106,CUST_17,Patisserie,Item_6_PAT,12.5,2,25,Digital Wallet,In-Store,15/09/2022,TRUE
TXN_4151549,CUST_03,Food,Item_22_FOOD,36.5,1,36.5,Cash,Online,17/02/2023,FALSE
TXN_4886514,CUST_15,Beverages,Item_10_BEV,18.5,9,166.5,Cash,In-Store,21/05/2022,FALSE
TXN_9027424,CUST_14,Furniture,Item_17_FUR,29,10,290,Digital Wallet,Online,13/01/2022,TRUE
TXN_5808902,CUST_08,Patisserie,Item_3_PAT,8,8,64,Digital Wallet,In-Store,8/5/2024,TRUE
TXN_3345761,CUST_17,Furniture,Item_20_FUR,33.5,6,201,Credit Card,Online,18/09/2024,FALSE
TXN_5778640,CUST_17,Electric Household Essentials,Item_16_EHE,27.5,7,192.5,Digital Wallet,Online,31/12/2023,FALSE
TXN_2703515,CUST_14,Furniture,Item_16_FUR,27.5,6,165,Credit Card,In-Store,23/11/2024,FALSE
TXN_4511207,CUST_05,Butchers,Item_12_BUT,21.5,5,107.5,Credit Card,In-Store,26/05/2022,FALSE
TXN_7177583,CUST_10,Butchers,Item_25_BUT,41,10,410,Cash,In-Store,31/08/2024,FALSE
TXN_1223061,CUST_17,Milk Products,Item_21_MILK,35,10,350,Credit Card,Online,5/9/2022,TRUE
TXN_9025455,CUST_01,Butchers,Item_19_BUT,32,7,224,Cash,Online,13/05/2022,TRUE
TXN_9891427,CUST_08,Food,Item_20_FOOD,33.5,2,67,Cash,Online,24/07/2024,FALSE
TXN_9210943,CUST_02,Furniture,Item_14_FUR,24.5,8,196,Credit Card,Online,22/05/2022,TRUE
TXN_7188615,CUST_09,Milk Products,Item_17_MILK,29,3,87,Digital Wallet,Online,25/07/2022,FALSE
TXN_9854071,CUST_06,Milk Products,Item_7_MILK,14,10,140,Digital Wallet,Online,12/3/2024,TRUE
TXN_8138424,CUST_09,Electric Household Essentials,Item_4_EHE,9.5,10,95,Credit Card,Online,8/4/2022,TRUE
TXN_1523076,CUST_14,Milk Products,Item_17_MILK,29,7,203,Digital Wallet,Online,18/09/2022,TRUE
TXN_4813615,CUST_07,Milk Products,Item_23_MILK,38,7,266,Cash,Online,26/02/2023,TRUE
TXN_4961176,CUST_13,Electric Household Essentials,Item_20_EHE,33.5,7,234.5,Credit Card,In-Store,4/7/2024,TRUE
TXN_7241323,CUST_10,Furniture,Item_15_FUR,26,5,130,Cash,In-Store,12/2/2022,FALSE
TXN_1012234,CUST_15,Computers And Electric Accessories,Item_3_CEA,8,7,56,Credit Card,In-Store,12/5/2024,TRUE
TXN_7948812,CUST_06,Furniture,Item_2_FUR,6.5,7,45.5,Digital Wallet,Online,23/12/2024,FALSE
TXN_2239985,CUST_24,Furniture,Item_5_FUR,11,10,110,Digital Wallet,Online,22/06/2024,FALSE
TXN_3838395,CUST_20,Furniture,Item_7_FUR,14,8,112,Digital Wallet,Online,27/08/2023,FALSE
TXN_1845043,CUST_12,Food,Item_13_FOOD,23,8,184,Digital Wallet,In-Store,21/11/2024,TRUE
TXN_8291984,CUST_02,Furniture,Item_12_FUR,21.5,8,172,Cash,Online,9/4/2023,FALSE
TXN_7799286,CUST_11,Electric Household Essentials,Item_4_EHE,9.5,7,66.5,Cash,In-Store,28/11/2023,FALSE
TXN_4563856,CUST_15,Furniture,Item_1_FUR,5,4,20,Cash,In-Store,31/08/2024,TRUE
TXN_6159378,CUST_14,Milk Products,Item_1_MILK,5,6,30,Cash,Online,24/01/2023,FALSE
TXN_8626137,CUST_08,Furniture,Item_14_FUR,24.5,9,220.5,Cash,In-Store,20/07/2024,TRUE
TXN_8112678,CUST_02,Furniture,Item_10_FUR,18.5,9,166.5,Cash,In-Store,22/01/2023,TRUE
TXN_1312767,CUST_24,Butchers,Item_22_BUT,36.5,10,365,Credit Card,Online,10/5/2022,TRUE
TXN_1904037,CUST_25,Electric Household Essentials,Item_20_EHE,33.5,1,33.5,Credit Card,Online,25/12/2023,TRUE
TXN_1190991,CUST_06,Butchers,Item_12_BUT,21.5,10,215,Digital Wallet,Online,21/10/2022,TRUE
TXN_2394468,CUST_16,Milk Products,Item_7_MILK,14,7,98,Credit Card,In-Store,19/11/2022,TRUE
TXN_2948826,CUST_05,Electric Household Essentials,Item_15_EHE,26,7,182,Cash,Online,16/09/2024,TRUE
TXN_6807818,CUST_21,Patisserie,Item_3_PAT,8,2,16,Cash,Online,27/08/2022,TRUE
TXN_2959732,CUST_14,Butchers,Item_23_BUT,38,2,76,Cash,In-Store,12/2/2022,TRUE
TXN_5626224,CUST_14,Computers And Electric Accessories,Item_9_CEA,17,10,170,Credit Card,In-Store,17/03/2022,FALSE
TXN_9004658,CUST_11,Patisserie,Item_20_PAT,33.5,4,134,Credit Card,In-Store,15/05/2023,FALSE
TXN_7405215,CUST_22,Computers And Electric Accessories,Item_8_CEA,15.5,8,124,Cash,Online,7/1/2022,TRUE
TXN_1209700,CUST_08,Beverages,Item_24_BEV,39.5,9,355.5,Digital Wallet,In-Store,17/06/2024,FALSE
TXN_8730858,CUST_20,Milk Products,Item_18_MILK,30.5,10,305,Credit Card,In-Store,22/12/2023,TRUE
TXN_9457772,CUST_08,Electric Household Essentials,Item_10_EHE,18.5,8,148,Credit Card,Online,2/5/2023,TRUE
TXN_4978591,CUST_03,Computers And Electric Accessories,Item_21_CEA,35,4,140,Digital Wallet,In-Store,16/07/2024,TRUE
TXN_9197649,CUST_16,Milk Products,Item_18_MILK,30.5,5,152.5,Cash,In-Store,21/10/2023,TRUE
TXN_9193687,CUST_25,Beverages,Item_10_BEV,18.5,8,148,Cash,In-Store,18/12/2022,TRUE
TXN_3223113,CUST_15,Electric Household Essentials,Item_8_EHE,15.5,9,139.5,Digital Wallet,Online,27/08/2024,FALSE
TXN_7509489,CUST_23,Computers And Electric Accessories,Item_17_CEA,29,7,203,Credit Card,Online,22/05/2024,FALSE
TXN_3275375,CUST_02,Butchers,Item_18_BUT,30.5,8,244,Credit Card,Online,19/07/2024,TRUE
TXN_3195565,CUST_13,Food,Item_9_FOOD,17,8,136,Cash,In-Store,8/4/2022,TRUE
TXN_3092030,CUST_05,Food,Item_17_FOOD,29,7,203,Cash,In-Store,18/07/2024,TRUE
TXN_3422608,CUST_25,Milk Products,Item_13_MILK,23,3,69,Credit Card,Online,2/4/2022,FALSE
TXN_2691273,CUST_09,Food,Item_17_FOOD,29,4,116,Cash,In-Store,30/03/2023,FALSE
TXN_5650094,CUST_01,Butchers,Item_3_BUT,8,6,48,Credit Card,Online,25/11/2022,FALSE
TXN_7281625,CUST_03,Butchers,Item_17_BUT,29,5,145,Credit Card,Online,8/2/2023,FALSE
TXN_8076769,CUST_03,Food,Item_14_FOOD,24.5,5,122.5,Cash,Online,2/4/2022,TRUE
TXN_3630133,CUST_24,Food,Item_13_FOOD,23,10,230,Cash,Online,26/07/2023,FALSE
TXN_2028406,CUST_15,Butchers,Item_2_BUT,6.5,2,13,Digital Wallet,In-Store,30/10/2022,TRUE
TXN_4123570,CUST_09,Milk Products,Item_16_MILK,27.5,10,275,Credit Card,Online,28/08/2023,FALSE
TXN_1555216,CUST_17,Butchers,Item_3_BUT,8,8,64,Credit Card,In-Store,3/1/2023,FALSE
TXN_2620396,CUST_10,Beverages,Item_8_BEV,15.5,5,77.5,Credit Card,Online,8/5/2023,TRUE
TXN_6354477,CUST_06,Butchers,Item_16_BUT,27.5,6,165,Cash,Online,26/08/2024,FALSE
TXN_2596191,CUST_13,Patisserie,Item_1_PAT,5,9,45,Digital Wallet,In-Store,17/10/2022,FALSE
TXN_6803961,CUST_05,Butchers,Item_14_BUT,24.5,5,122.5,Digital Wallet,Online,1/5/2024,TRUE
TXN_9915974,CUST_24,Computers And Electric Accessories,Item_19_CEA,32,1,32,Cash,Online,16/11/2024,FALSE
TXN_8720680,CUST_14,Beverages,Item_25_BEV,41,9,369,Cash,Online,7/10/2024,FALSE
TXN_9680847,CUST_23,Electric Household Essentials,Item_1_EHE,5,1,5,Credit Card,In-Store,14/01/2024,TRUE
TXN_8192943,CUST_22,Butchers,Item_24_BUT,39.5,1,39.5,Credit Card,In-Store,2/10/2024,TRUE
TXN_9245105,CUST_12,Computers And Electric Accessories,Item_9_CEA,17,7,119,Credit Card,Online,28/09/2023,FALSE
TXN_8025918,CUST_01,Electric Household Essentials,Item_22_EHE,36.5,2,73,Credit Card,In-Store,22/09/2022,FALSE
TXN_7185925,CUST_03,Milk Products,Item_3_MILK,8,4,32,Digital Wallet,In-Store,30/01/2022,FALSE
TXN_8876899,CUST_22,Butchers,Item_17_BUT,29,3,87,Credit Card,Online,5/9/2022,FALSE
TXN_2849510,CUST_07,Furniture,Item_20_FUR,33.5,10,335,Digital Wallet,In-Store,4/6/2024,FALSE
TXN_9284320,CUST_09,Electric Household Essentials,Item_12_EHE,21.5,10,215,Credit Card,In-Store,5/3/2023,TRUE
TXN_6856074,CUST_10,Computers And Electric Accessories,Item_5_CEA,11,1,11,Digital Wallet,Online,13/05/2024,FALSE
TXN_6974117,CUST_25,Beverages,Item_7_BEV,14,6,84,Digital Wallet,Online,13/06/2023,FALSE
TXN_9827837,CUST_11,Electric Household Essentials,Item_2_EHE,6.5,10,65,Digital Wallet,Online,16/10/2022,TRUE
TXN_6478148,CUST_12,Butchers,Item_13_BUT,23,2,46,Cash,Online,9/9/2024,FALSE
TXN_3356979,CUST_01,Butchers,Item_1_BUT,5,7,35,Cash,Online,30/12/2024,TRUE
TXN_4939015,CUST_10,Beverages,Item_15_BEV,26,5,130,Credit Card,In-Store,6/11/2024,TRUE
TXN_3798801,CUST_20,Milk Products,Item_1_MILK,5,2,10,Credit Card,In-Store,1/3/2022,FALSE
TXN_2294583,CUST_08,Butchers,Item_15_BUT,26,3,78,Cash,In-Store,12/2/2023,TRUE
TXN_6544404,CUST_21,Computers And Electric Accessories,Item_10_CEA,18.5,6,111,Digital Wallet,Online,4/3/2023,TRUE
TXN_6359024,CUST_15,Butchers,Item_24_BUT,39.5,6,237,Credit Card,Online,15/03/2024,FALSE
TXN_2042782,CUST_24,Milk Products,Item_6_MILK,12.5,1,12.5,Digital Wallet,In-Store,22/08/2022,FALSE
TXN_9571758,CUST_01,Furniture,Item_3_FUR,8,4,32,Digital Wallet,Online,23/01/2024,TRUE
TXN_1245404,CUST_24,Furniture,Item_14_FUR,24.5,7,171.5,Credit Card,Online,31/07/2024,FALSE
TXN_8265493,CUST_03,Butchers,Item_7_BUT,14,1,14,Credit Card,Online,6/10/2022,FALSE
TXN_2803747,CUST_15,Beverages,Item_24_BEV,39.5,9,355.5,Cash,In-Store,20/02/2023,FALSE
TXN_2963897,CUST_24,Furniture,Item_16_FUR,27.5,8,220,Credit Card,Online,12/6/2023,FALSE
TXN_4892743,CUST_11,Beverages,Item_2_BEV,6.5,2,13,Cash,In-Store,26/10/2022,FALSE
TXN_9618289,CUST_07,Patisserie,Item_24_PAT,39.5,1,39.5,Digital Wallet,Online,20/02/2024,TRUE
TXN_7699654,CUST_15,Furniture,Item_5_FUR,11,9,99,Digital Wallet,Online,15/02/2024,TRUE
TXN_5220094,CUST_17,Butchers,Item_21_BUT,35,2,70,Cash,Online,28/07/2022,TRUE
TXN_9398801,CUST_13,Beverages,Item_18_BEV,30.5,6,183,Digital Wallet,In-Store,28/02/2024,TRUE
TXN_2369166,CUST_20,Electric Household Essentials,Item_17_EHE,29,6,174,Credit Card,Online,10/5/2023,TRUE
TXN_2780567,CUST_10,Butchers,Item_18_BUT,30.5,6,183,Digital Wallet,Online,12/9/2024,FALSE
TXN_6851800,CUST_10,Furniture,Item_9_FUR,17,6,102,Digital Wallet,In-Store,13/06/2023,FALSE
TXN_4063797,CUST_03,Beverages,Item_25_BEV,41,5,205,Credit Card,Online,3/4/2023,TRUE
TXN_3703356,CUST_07,Food,Item_21_FOOD,35,10,350,Credit Card,Online,15/09/2022,TRUE
TXN_3277547,CUST_20,Electric Household Essentials,Item_22_EHE,36.5,3,109.5,Digital Wallet,Online,20/05/2024,FALSE
TXN_9013444,CUST_12,Food,Item_3_FOOD,8,10,80,Credit Card,Online,23/07/2023,FALSE
TXN_6239964,CUST_22,Milk Products,Item_22_MILK,36.5,3,109.5,Credit Card,In-Store,31/01/2023,FALSE
TXN_2660107,CUST_14,Electric Household Essentials,Item_12_EHE,21.5,6,129,Credit Card,In-Store,16/11/2022,FALSE
TXN_1155771,CUST_05,Butchers,Item_23_BUT,38,3,114,Digital Wallet,Online,18/10/2024,FALSE
TXN_6053470,CUST_14,Milk Products,Item_3_MILK,8,3,24,Cash,In-Store,2/3/2023,TRUE
TXN_6959909,CUST_18,Beverages,Item_11_BEV,20,1,20,Digital Wallet,Online,16/03/2024,FALSE
TXN_7697399,CUST_09,Electric Household Essentials,Item_8_EHE,15.5,9,139.5,Digital Wallet,In-Store,9/9/2024,FALSE
TXN_5503303,CUST_19,Beverages,Item_19_BEV,32,6,192,Cash,Online,25/12/2024,FALSE
TXN_3068745,CUST_23,Butchers,Item_16_BUT,27.5,4,110,Digital Wallet,Online,14/01/2023,TRUE
TXN_7490771,CUST_22,Milk Products,Item_20_MILK,33.5,9,301.5,Credit Card,Online,18/03/2024,TRUE
TXN_4688183,CUST_08,Computers And Electric Accessories,Item_18_CEA,30.5,10,305,Credit Card,In-Store,4/7/2023,TRUE
TXN_3688977,CUST_20,Electric Household Essentials,Item_13_EHE,23,8,184,Digital Wallet,In-Store,3/3/2023,FALSE
TXN_7224248,CUST_04,Computers And Electric Accessories,Item_4_CEA,9.5,5,47.5,Cash,In-Store,10/11/2024,TRUE
TXN_7379840,CUST_03,Beverages,Item_9_BEV,17,2,34,Cash,Online,21/01/2023,TRUE
TXN_7847697,CUST_19,Butchers,Item_21_BUT,35,7,245,Cash,In-Store,5/8/2024,FALSE
TXN_8330302,CUST_12,Milk Products,Item_18_MILK,30.5,6,183,Cash,In-Store,11/12/2024,TRUE
TXN_8335285,CUST_02,Beverages,Item_20_BEV,33.5,3,100.5,Digital Wallet,In-Store,1/1/2023,FALSE
TXN_4022379,CUST_01,Furniture,Item_21_FUR,35,4,140,Cash,In-Store,9/1/2025,TRUE
TXN_9314890,CUST_03,Beverages,Item_20_BEV,33.5,1,33.5,Cash,In-Store,2/2/2023,TRUE
TXN_9763916,CUST_22,Electric Household Essentials,Item_12_EHE,21.5,1,21.5,Cash,Online,26/07/2024,FALSE
TXN_3587475,CUST_02,Food,Item_4_FOOD,9.5,6,57,Cash,Online,18/05/2022,TRUE
TXN_7658348,CUST_06,Milk Products,Item_16_MILK,27.5,5,137.5,Credit Card,Online,13/12/2023,FALSE
TXN_6576319,CUST_24,Milk Products,Item_15_MILK,26,3,78,Cash,In-Store,1/3/2022,TRUE
TXN_4563536,CUST_25,Food,Item_17_FOOD,29,7,203,Cash,In-Store,17/03/2024,TRUE
TXN_4390681,CUST_19,Furniture,Item_11_FUR,20,3,60,Credit Card,Online,12/10/2024,FALSE
TXN_4641997,CUST_03,Computers And Electric Accessories,Item_25_CEA,41,4,164,Credit Card,Online,9/10/2024,TRUE
TXN_9827840,CUST_03,Food,Item_11_FOOD,20,6,120,Cash,In-Store,7/11/2024,TRUE
TXN_1078497,CUST_03,Furniture,Item_24_FUR,39.5,9,355.5,Cash,In-Store,21/01/2024,FALSE
TXN_4280011,CUST_15,Butchers,Item_5_BUT,11,4,44,Digital Wallet,Online,6/1/2022,FALSE
TXN_9592651,CUST_08,Electric Household Essentials,Item_19_EHE,32,2,64,Cash,In-Store,11/1/2024,TRUE
TXN_8891020,CUST_13,Computers And Electric Accessories,Item_22_CEA,36.5,5,182.5,Digital Wallet,Online,10/12/2022,FALSE
TXN_7855690,CUST_10,Furniture,Item_19_FUR,32,8,256,Cash,Online,6/6/2022,TRUE
TXN_6439601,CUST_09,Milk Products,Item_9_MILK,17,5,85,Credit Card,Online,16/11/2023,TRUE
TXN_3546752,CUST_20,Furniture,Item_19_FUR,32,8,256,Digital Wallet,In-Store,31/03/2022,FALSE
TXN_3244040,CUST_17,Patisserie,Item_4_PAT,9.5,10,95,Digital Wallet,In-Store,9/7/2024,FALSE
TXN_2474939,CUST_19,Furniture,Item_23_FUR,38,2,76,Credit Card,Online,3/1/2024,FALSE
TXN_2516384,CUST_16,Beverages,Item_8_BEV,15.5,7,108.5,Digital Wallet,Online,26/12/2024,FALSE
TXN_7910126,CUST_10,Food,Item_10_FOOD,18.5,4,74,Digital Wallet,Online,2/9/2024,TRUE
TXN_2628993,CUST_14,Milk Products,Item_13_MILK,23,1,23,Credit Card,Online,13/09/2023,FALSE
TXN_9889065,CUST_17,Milk Products,Item_17_MILK,29,1,29,Credit Card,Online,18/09/2023,TRUE
TXN_4199863,CUST_11,Furniture,Item_23_FUR,38,9,342,Cash,In-Store,12/9/2022,FALSE
TXN_4435281,CUST_20,Butchers,Item_23_BUT,38,4,152,Credit Card,In-Store,5/1/2025,FALSE
TXN_5233566,CUST_02,Milk Products,Item_7_MILK,14,1,14,Digital Wallet,Online,23/09/2024,FALSE
TXN_2871171,CUST_15,Butchers,Item_9_BUT,17,6,102,Digital Wallet,Online,24/10/2023,TRUE
TXN_4398240,CUST_23,Electric Household Essentials,Item_5_EHE,11,9,99,Digital Wallet,In-Store,4/3/2023,FALSE
TXN_9525639,CUST_20,Milk Products,Item_7_MILK,14,3,42,Digital Wallet,Online,27/07/2023,TRUE
TXN_6843942,CUST_15,Food,Item_25_FOOD,41,8,328,Cash,In-Store,27/03/2023,TRUE
TXN_1848720,CUST_03,Milk Products,Item_25_MILK,41,8,328,Cash,In-Store,31/03/2022,TRUE
TXN_5901894,CUST_24,Furniture,Item_20_FUR,33.5,10,335,Credit Card,In-Store,3/2/2023,FALSE
TXN_1201615,CUST_25,Patisserie,Item_17_PAT,29,2,58,Digital Wallet,In-Store,6/8/2022,TRUE
TXN_6229274,CUST_05,Butchers,Item_1_BUT,5,1,5,Cash,In-Store,16/11/2023,TRUE
TXN_7460674,CUST_24,Patisserie,Item_8_PAT,15.5,3,46.5,Credit Card,Online,3/10/2024,TRUE
TXN_5017412,CUST_07,Beverages,Item_4_BEV,9.5,1,9.5,Cash,In-Store,5/6/2024,FALSE
TXN_8062274,CUST_08,Electric Household Essentials,Item_2_EHE,6.5,5,32.5,Credit Card,In-Store,16/04/2022,TRUE
TXN_2504304,CUST_16,Beverages,Item_17_BEV,29,10,290,Cash,In-Store,19/04/2024,TRUE
TXN_8397249,CUST_15,Electric Household Essentials,Item_13_EHE,23,1,23,Cash,In-Store,10/10/2022,TRUE
TXN_5936172,CUST_22,Food,Item_14_FOOD,24.5,3,73.5,Digital Wallet,Online,13/01/2025,FALSE
TXN_1794054,CUST_24,Butchers,Item_6_BUT,12.5,3,37.5,Digital Wallet,In-Store,22/11/2024,TRUE
TXN_1385062,CUST_16,Food,Item_18_FOOD,30.5,10,305,Credit Card,Online,2/7/2022,FALSE
TXN_1205880,CUST_04,Furniture,Item_5_FUR,11,2,22,Cash,Online,17/06/2023,FALSE
TXN_6642052,CUST_05,Beverages,Item_7_BEV,14,2,28,Credit Card,Online,18/04/2024,FALSE
TXN_6147473,CUST_25,Patisserie,Item_6_PAT,12.5,7,87.5,Digital Wallet,In-Store,8/9/2023,FALSE
TXN_6570351,CUST_15,Furniture,Item_21_FUR,35,8,280,Credit Card,Online,25/06/2023,TRUE
TXN_9661826,CUST_05,Butchers,Item_16_BUT,27.5,5,137.5,Cash,Online,2/6/2022,TRUE
TXN_9684431,CUST_01,Food,Item_8_FOOD,15.5,10,155,Digital Wallet,In-Store,23/10/2024,FALSE
TXN_3712938,CUST_23,Computers And Electric Accessories,Item_19_CEA,32,4,128,Digital Wallet,In-Store,11/6/2024,FALSE
TXN_4972574,CUST_09,Furniture,Item_10_FUR,18.5,5,92.5,Digital Wallet,In-Store,24/01/2024,TRUE
TXN_3056063,CUST_19,Milk Products,Item_17_MILK,29,9,261,Credit Card,In-Store,6/12/2023,FALSE
TXN_8462959,CUST_19,Butchers,Item_3_BUT,8,4,32,Credit Card,In-Store,3/9/2023,FALSE
TXN_5888368,CUST_12,Computers And Electric Accessories,Item_10_CEA,18.5,3,55.5,Credit Card,Online,31/07/2022,TRUE
TXN_6923467,CUST_20,Food,Item_4_FOOD,9.5,5,47.5,Cash,Online,4/5/2023,TRUE
TXN_7469530,CUST_03,Computers And Electric Accessories,Item_20_CEA,33.5,2,67,Cash,In-Store,21/08/2023,TRUE
TXN_7095637,CUST_08,Electric Household Essentials,Item_25_EHE,41,8,328,Cash,Online,4/5/2022,FALSE
TXN_1788104,CUST_22,Furniture,Item_15_FUR,26,8,208,Digital Wallet,Online,18/11/2024,FALSE
TXN_6736227,CUST_07,Patisserie,Item_9_PAT,17,9,153,Credit Card,In-Store,6/10/2024,TRUE
TXN_3267850,CUST_09,Beverages,Item_11_BEV,20,7,140,Cash,Online,4/10/2024,TRUE
TXN_9065545,CUST_08,Milk Products,Item_11_MILK,20,10,200,Credit Card,In-Store,6/11/2023,TRUE
TXN_8983531,CUST_16,Furniture,Item_5_FUR,11,1,11,Credit Card,In-Store,9/3/2023,TRUE
TXN_5374866,CUST_08,Butchers,Item_11_BUT,20,6,120,Digital Wallet,Online,4/3/2022,TRUE
TXN_4452311,CUST_23,Beverages,Item_11_BEV,20,8,160,Credit Card,Online,10/12/2022,TRUE
TXN_5171621,CUST_12,Computers And Electric Accessories,Item_3_CEA,8,2,16,Digital Wallet,Online,26/05/2023,TRUE
TXN_7279836,CUST_04,Food,Item_21_FOOD,35,8,280,Cash,Online,8/3/2023,TRUE
TXN_4558801,CUST_08,Electric Household Essentials,Item_23_EHE,38,6,228,Cash,In-Store,12/5/2024,FALSE
TXN_2666524,CUST_25,Furniture,Item_8_FUR,15.5,6,93,Credit Card,In-Store,22/09/2023,TRUE
TXN_2485997,CUST_09,Milk Products,Item_23_MILK,38,8,304,Cash,In-Store,12/10/2022,TRUE
TXN_6319740,CUST_04,Milk Products,Item_6_MILK,12.5,3,37.5,Credit Card,Online,16/11/2024,FALSE
TXN_3766245,CUST_01,Beverages,Item_7_BEV,14,6,84,Credit Card,In-Store,12/9/2024,FALSE
TXN_9136172,CUST_22,Milk Products,Item_11_MILK,20,7,140,Credit Card,Online,27/05/2024,TRUE
TXN_7282686,CUST_15,Food,Item_5_FOOD,11,8,88,Digital Wallet,In-Store,15/11/2022,TRUE
TXN_9850588,CUST_21,Computers And Electric Accessories,Item_13_CEA,23,8,184,Digital Wallet,Online,27/01/2023,TRUE
TXN_4905063,CUST_24,Butchers,Item_18_BUT,30.5,2,61,Digital Wallet,In-Store,1/2/2024,FALSE
TXN_5525894,CUST_18,Food,Item_16_FOOD,27.5,2,55,Credit Card,In-Store,11/7/2024,FALSE
TXN_7193311,CUST_21,Milk Products,Item_2_MILK,6.5,3,19.5,Digital Wallet,Online,9/7/2024,FALSE
TXN_9350737,CUST_10,Milk Products,Item_16_MILK,27.5,2,55,Cash,In-Store,29/11/2023,TRUE
TXN_7574833,CUST_04,Patisserie,Item_23_PAT,38,7,266,Digital Wallet,In-Store,21/04/2022,FALSE
TXN_6500682,CUST_19,Butchers,Item_4_BUT,9.5,1,9.5,Digital Wallet,Online,20/03/2022,TRUE
TXN_9635473,CUST_01,Food,Item_21_FOOD,35,6,210,Credit Card,In-Store,8/6/2023,FALSE
TXN_8869237,CUST_08,Patisserie,Item_18_PAT,30.5,2,61,Cash,Online,27/05/2023,TRUE
TXN_8836103,CUST_23,Electric Household Essentials,Item_14_EHE,24.5,5,122.5,Credit Card,In-Store,17/07/2023,TRUE
TXN_7765581,CUST_13,Electric Household Essentials,Item_13_EHE,23,8,184,Digital Wallet,Online,26/05/2022,FALSE
TXN_9533237,CUST_23,Computers And Electric Accessories,Item_23_CEA,38,1,38,Cash,In-Store,18/03/2024,FALSE
TXN_3443190,CUST_07,Food,Item_9_FOOD,17,4,68,Cash,In-Store,8/6/2024,TRUE
TXN_3008761,CUST_15,Patisserie,Item_1_PAT,5,8,40,Cash,Online,10/8/2023,TRUE
TXN_4534121,CUST_07,Electric Household Essentials,Item_22_EHE,36.5,4,146,Credit Card,Online,21/07/2023,FALSE
TXN_9425683,CUST_13,Beverages,Item_6_BEV,12.5,10,125,Credit Card,Online,23/02/2022,FALSE
TXN_7752590,CUST_06,Electric Household Essentials,Item_15_EHE,26,1,26,Credit Card,In-Store,12/8/2024,TRUE
TXN_8782421,CUST_05,Food,Item_14_FOOD,24.5,2,49,Cash,Online,17/03/2024,TRUE
TXN_7780264,CUST_07,Milk Products,Item_1_MILK,5,10,50,Credit Card,In-Store,8/1/2025,FALSE
TXN_5582053,CUST_25,Food,Item_25_FOOD,41,9,369,Credit Card,Online,10/8/2024,FALSE
TXN_8877404,CUST_24,Food,Item_17_FOOD,29,2,58,Digital Wallet,In-Store,24/12/2022,TRUE
TXN_9944884,CUST_25,Butchers,Item_21_BUT,35,7,245,Credit Card,Online,28/04/2024,TRUE
TXN_1681196,CUST_18,Food,Item_17_FOOD,29,4,116,Credit Card,In-Store,6/8/2022,FALSE
TXN_4678063,CUST_04,Computers And Electric Accessories,Item_10_CEA,18.5,1,18.5,Credit Card,In-Store,10/4/2022,FALSE
TXN_2944457,CUST_19,Electric Household Essentials,Item_14_EHE,24.5,7,171.5,Cash,In-Store,17/08/2022,TRUE
TXN_5449536,CUST_01,Butchers,Item_22_BUT,36.5,8,292,Digital Wallet,Online,19/05/2024,TRUE
TXN_5591807,CUST_11,Milk Products,Item_8_MILK,15.5,6,93,Digital Wallet,Online,2/3/2022,FALSE
TXN_9389617,CUST_21,Butchers,Item_7_BUT,14,4,56,Digital Wallet,Online,18/12/2024,TRUE
TXN_3416118,CUST_06,Computers And Electric Accessories,Item_10_CEA,18.5,9,166.5,Cash,In-Store,13/10/2023,TRUE
TXN_2605225,CUST_15,Butchers,Item_8_BUT,15.5,5,77.5,Digital Wallet,Online,23/07/2024,FALSE
TXN_8900578,CUST_01,Butchers,Item_18_BUT,30.5,5,152.5,Cash,Online,30/09/2024,FALSE
TXN_1772393,CUST_18,Furniture,Item_5_FUR,11,3,33,Digital Wallet,In-Store,29/03/2024,TRUE
TXN_3344378,CUST_07,Patisserie,Item_2_PAT,6.5,6,39,Cash,Online,29/12/2024,TRUE
TXN_3624008,CUST_09,Food,Item_24_FOOD,39.5,2,79,Digital Wallet,In-Store,28/01/2023,TRUE
TXN_9431847,CUST_09,Food,Item_9_FOOD,17,8,136,Cash,Online,25/02/2024,FALSE
TXN_8007376,CUST_07,Milk Products,Item_20_MILK,33.5,9,301.5,Credit Card,Online,6/10/2024,FALSE
TXN_6124315,CUST_15,Furniture,Item_7_FUR,14,1,14,Digital Wallet,Online,29/08/2022,TRUE
TXN_2527115,CUST_22,Beverages,Item_2_BEV,6.5,10,65,Digital Wallet,Online,15/06/2024,FALSE
TXN_7130562,CUST_07,Butchers,Item_8_BUT,15.5,7,108.5,Cash,Online,8/10/2022,FALSE
TXN_8017386,CUST_24,Electric Household Essentials,Item_6_EHE,12.5,6,75,Cash,Online,11/4/2023,TRUE
TXN_7151856,CUST_15,Patisserie,Item_22_PAT,36.5,10,365,Digital Wallet,In-Store,23/08/2023,TRUE
TXN_2239008,CUST_17,Milk Products,Item_18_MILK,30.5,4,122,Credit Card,In-Store,24/12/2024,TRUE
TXN_5192766,CUST_15,Food,Item_12_FOOD,21.5,9,193.5,Digital Wallet,Online,7/3/2024,FALSE
TXN_8203879,CUST_18,Butchers,Item_21_BUT,35,7,245,Digital Wallet,In-Store,1/12/2024,FALSE
TXN_5703601,CUST_20,Electric Household Essentials,Item_12_EHE,21.5,1,21.5,Digital Wallet,Online,18/12/2022,FALSE
TXN_9342543,CUST_22,Patisserie,Item_24_PAT,39.5,8,316,Digital Wallet,In-Store,20/03/2023,TRUE
TXN_5307105,CUST_21,Milk Products,Item_3_MILK,8,1,8,Cash,In-Store,14/07/2024,TRUE
TXN_1405939,CUST_22,Beverages,Item_3_BEV,8,7,56,Digital Wallet,In-Store,2/4/2022,FALSE
TXN_5721746,CUST_07,Electric Household Essentials,Item_10_EHE,18.5,7,129.5,Cash,In-Store,23/03/2022,FALSE
TXN_4537208,CUST_03,Butchers,Item_6_BUT,12.5,1,12.5,Digital Wallet,In-Store,21/11/2022,FALSE
TXN_2991066,CUST_07,Furniture,Item_10_FUR,18.5,6,111,Credit Card,Online,23/08/2023,FALSE
TXN_5728167,CUST_07,Patisserie,Item_8_PAT,15.5,4,62,Cash,Online,30/09/2024,FALSE
TXN_7133484,CUST_05,Milk Products,Item_15_MILK,26,6,156,Digital Wallet,Online,14/05/2024,TRUE
TXN_3287970,CUST_13,Milk Products,Item_18_MILK,30.5,3,91.5,Digital Wallet,In-Store,11/3/2024,TRUE
TXN_5358578,CUST_16,Milk Products,Item_13_MILK,23,10,230,Credit Card,In-Store,16/02/2023,FALSE
TXN_8932922,CUST_23,Patisserie,Item_12_PAT,21.5,10,215,Digital Wallet,Online,2/9/2022,FALSE
TXN_9454768,CUST_20,Electric Household Essentials,Item_15_EHE,26,10,260,Credit Card,Online,16/12/2022,TRUE
TXN_3832517,CUST_04,Butchers,Item_17_BUT,29,2,58,Digital Wallet,In-Store,12/6/2023,FALSE
TXN_3508176,CUST_08,Furniture,Item_8_FUR,15.5,6,93,Cash,In-Store,9/1/2025,TRUE
TXN_3647376,CUST_11,Computers And Electric Accessories,Item_20_CEA,33.5,2,67,Cash,In-Store,11/4/2022,TRUE
TXN_5069841,CUST_16,Electric Household Essentials,Item_8_EHE,15.5,7,108.5,Cash,Online,12/3/2022,TRUE
TXN_2844235,CUST_03,Milk Products,Item_6_MILK,12.5,1,12.5,Credit Card,Online,6/11/2024,FALSE
TXN_1513546,CUST_21,Patisserie,Item_20_PAT,33.5,3,100.5,Cash,In-Store,27/07/2024,TRUE
TXN_1608080,CUST_23,Butchers,Item_2_BUT,6.5,2,13,Credit Card,In-Store,1/5/2023,FALSE
TXN_1515270,CUST_19,Butchers,Item_6_BUT,12.5,8,100,Cash,In-Store,10/3/2023,TRUE
TXN_9800846,CUST_05,Furniture,Item_4_FUR,9.5,6,57,Digital Wallet,In-Store,15/03/2022,FALSE
TXN_5281103,CUST_12,Milk Products,Item_1_MILK,5,7,35,Digital Wallet,Online,22/01/2024,FALSE
TXN_1991242,CUST_15,Milk Products,Item_20_MILK,33.5,4,134,Credit Card,Online,3/8/2022,FALSE
TXN_2986216,CUST_17,Electric Household Essentials,Item_10_EHE,18.5,5,92.5,Credit Card,Online,19/10/2023,FALSE
TXN_3268543,CUST_24,Computers And Electric Accessories,Item_18_CEA,30.5,5,152.5,Credit Card,Online,23/08/2023,TRUE
TXN_5117599,CUST_18,Milk Products,Item_20_MILK,33.5,2,67,Digital Wallet,In-Store,13/09/2024,TRUE
TXN_6421356,CUST_21,Food,Item_9_FOOD,17,8,136,Digital Wallet,In-Store,1/9/2024,TRUE
TXN_8904317,CUST_15,Food,Item_4_FOOD,9.5,6,57,Cash,Online,18/05/2023,TRUE
TXN_5252548,CUST_03,Electric Household Essentials,Item_5_EHE,11,8,88,Credit Card,In-Store,28/12/2022,TRUE
TXN_7694831,CUST_15,Milk Products,Item_11_MILK,20,7,140,Credit Card,Online,23/07/2023,TRUE
TXN_7610612,CUST_09,Electric Household Essentials,Item_9_EHE,17,8,136,Digital Wallet,In-Store,25/03/2024,TRUE
TXN_9874732,CUST_07,Electric Household Essentials,Item_16_EHE,27.5,2,55,Credit Card,In-Store,27/08/2022,FALSE
TXN_7548617,CUST_12,Electric Household Essentials,Item_23_EHE,38,10,380,Digital Wallet,In-Store,7/10/2024,TRUE
TXN_2301934,CUST_20,Food,Item_20_FOOD,33.5,3,100.5,Credit Card,Online,7/9/2022,TRUE
TXN_8636007,CUST_06,Beverages,Item_13_BEV,23,10,230,Cash,Online,4/9/2022,FALSE
TXN_6696815,CUST_21,Computers And Electric Accessories,Item_8_CEA,15.5,9,139.5,Cash,Online,10/12/2022,FALSE
TXN_4962334,CUST_06,Electric Household Essentials,Item_23_EHE,38,8,304,Cash,Online,27/12/2023,FALSE
TXN_1282545,CUST_19,Butchers,Item_16_BUT,27.5,1,27.5,Credit Card,Online,17/08/2022,FALSE
TXN_1766741,CUST_08,Food,Item_25_FOOD,41,2,82,Cash,Online,22/06/2022,TRUE
TXN_9709127,CUST_06,Food,Item_23_FOOD,38,6,228,Cash,In-Store,19/02/2024,TRUE
TXN_7179624,CUST_04,Milk Products,Item_22_MILK,36.5,10,365,Credit Card,Online,8/11/2024,FALSE
TXN_6175359,CUST_14,Electric Household Essentials,Item_4_EHE,9.5,5,47.5,Cash,Online,13/04/2023,FALSE
TXN_1074265,CUST_17,Patisserie,Item_2_PAT,6.5,7,45.5,Credit Card,In-Store,16/03/2024,TRUE
TXN_3636944,CUST_22,Butchers,Item_15_BUT,26,4,104,Digital Wallet,Online,29/10/2024,TRUE
TXN_4205231,CUST_08,Computers And Electric Accessories,Item_19_CEA,32,3,96,Digital Wallet,Online,7/3/2024,TRUE
TXN_8122173,CUST_15,Electric Household Essentials,Item_23_EHE,38,8,304,Digital Wallet,Online,4/4/2023,FALSE
TXN_6709296,CUST_01,Computers And Electric Accessories,Item_17_CEA,29,2,58,Cash,In-Store,9/8/2024,FALSE
TXN_8566128,CUST_22,Patisserie,Item_15_PAT,26,6,156,Cash,In-Store,2/2/2024,TRUE
TXN_4289142,CUST_13,Butchers,Item_22_BUT,36.5,7,255.5,Cash,Online,21/12/2023,FALSE
TXN_5153449,CUST_09,Milk Products,Item_18_MILK,30.5,4,122,Credit Card,Online,16/06/2024,TRUE
TXN_2987709,CUST_24,Computers And Electric Accessories,Item_10_CEA,18.5,5,92.5,Cash,Online,28/03/2024,TRUE
TXN_6693770,CUST_04,Patisserie,Item_18_PAT,30.5,4,122,Credit Card,Online,3/6/2024,TRUE
TXN_8229538,CUST_14,Beverages,Item_21_BEV,35,5,175,Credit Card,In-Store,3/1/2023,TRUE
TXN_5165507,CUST_02,Patisserie,Item_15_PAT,26,5,130,Digital Wallet,In-Store,31/10/2022,FALSE
TXN_4641540,CUST_20,Electric Household Essentials,Item_18_EHE,30.5,6,183,Credit Card,Online,14/06/2023,TRUE
TXN_4854529,CUST_25,Butchers,Item_11_BUT,20,6,120,Cash,Online,30/11/2022,TRUE
TXN_5923084,CUST_10,Furniture,Item_21_FUR,35,8,280,Digital Wallet,In-Store,11/12/2022,FALSE
TXN_5321918,CUST_24,Furniture,Item_6_FUR,12.5,5,62.5,Credit Card,In-Store,18/01/2025,FALSE
TXN_1514611,CUST_07,Food,Item_22_FOOD,36.5,7,255.5,Digital Wallet,Online,24/07/2023,FALSE
TXN_9701250,CUST_22,Butchers,Item_25_BUT,41,5,205,Credit Card,Online,8/4/2022,FALSE
TXN_6698401,CUST_02,Electric Household Essentials,Item_25_EHE,41,3,123,Cash,Online,2/7/2024,FALSE
TXN_6429023,CUST_13,Patisserie,Item_7_PAT,14,5,70,Digital Wallet,Online,6/10/2022,FALSE
TXN_1862542,CUST_18,Butchers,Item_9_BUT,17,8,136,Credit Card,In-Store,25/08/2024,FALSE
TXN_1859813,CUST_05,Electric Household Essentials,Item_18_EHE,30.5,5,152.5,Cash,In-Store,29/08/2023,FALSE
TXN_5859101,CUST_21,Electric Household Essentials,Item_8_EHE,15.5,5,77.5,Cash,In-Store,19/01/2024,FALSE
TXN_8988079,CUST_19,Computers And Electric Accessories,Item_23_CEA,38,9,342,Credit Card,In-Store,10/6/2023,FALSE
TXN_2378312,CUST_09,Patisserie,Item_23_PAT,38,5,190,Digital Wallet,Online,27/05/2023,TRUE
TXN_3791096,CUST_20,Patisserie,Item_9_PAT,17,3,51,Cash,In-Store,30/08/2024,TRUE
TXN_5739751,CUST_15,Electric Household Essentials,Item_3_EHE,8,5,40,Cash,Online,22/01/2023,TRUE
TXN_7588153,CUST_16,Electric Household Essentials,Item_20_EHE,33.5,10,335,Digital Wallet,Online,24/03/2022,TRUE
TXN_1534522,CUST_05,Butchers,Item_2_BUT,6.5,6,39,Digital Wallet,Online,25/09/2024,TRUE
TXN_5500378,CUST_04,Electric Household Essentials,Item_20_EHE,33.5,7,234.5,Digital Wallet,In-Store,22/02/2022,FALSE
TXN_2900282,CUST_19,Furniture,Item_7_FUR,14,10,140,Cash,Online,4/4/2023,TRUE
TXN_6118432,CUST_08,Butchers,Item_16_BUT,27.5,1,27.5,Cash,Online,25/08/2022,FALSE
TXN_1398307,CUST_25,Butchers,Item_14_BUT,24.5,6,147,Cash,Online,3/1/2025,FALSE
TXN_5597499,CUST_08,Electric Household Essentials,Item_6_EHE,12.5,10,125,Cash,Online,7/12/2023,TRUE
TXN_9203083,CUST_07,Butchers,Item_4_BUT,9.5,6,57,Credit Card,Online,14/11/2022,TRUE
TXN_8691499,CUST_05,Milk Products,Item_17_MILK,29,8,232,Cash,In-Store,19/07/2022,FALSE
TXN_2481480,CUST_11,Electric Household Essentials,Item_20_EHE,33.5,8,268,Digital Wallet,Online,8/7/2022,FALSE
TXN_7839304,CUST_21,Milk Products,Item_14_MILK,24.5,10,245,Digital Wallet,In-Store,14/02/2024,TRUE
TXN_5881214,CUST_02,Patisserie,Item_11_PAT,20,3,60,Digital Wallet,Online,18/01/2022,TRUE
TXN_4037099,CUST_05,Patisserie,Item_8_PAT,15.5,5,77.5,Cash,Online,9/9/2024,TRUE
TXN_6395052,CUST_09,Food,Item_25_FOOD,41,8,328,Cash,Online,2/10/2024,TRUE
TXN_1818008,CUST_19,Electric Household Essentials,Item_7_EHE,14,1,14,Digital Wallet,Online,29/03/2022,FALSE
TXN_7949571,CUST_01,Furniture,Item_1_FUR,5,8,40,Credit Card,In-Store,24/05/2022,TRUE
TXN_4636584,CUST_15,Electric Household Essentials,Item_2_EHE,6.5,3,19.5,Credit Card,In-Store,2/1/2024,TRUE
TXN_1338239,CUST_17,Milk Products,Item_7_MILK,14,5,70,Digital Wallet,Online,11/1/2024,TRUE
TXN_5801836,CUST_23,Computers And Electric Accessories,Item_12_CEA,21.5,8,172,Credit Card,In-Store,13/10/2022,TRUE
TXN_9989610,CUST_20,Food,Item_11_FOOD,20,7,140,Digital Wallet,In-Store,12/11/2023,FALSE
TXN_8974501,CUST_24,Milk Products,Item_11_MILK,20,1,20,Cash,Online,22/06/2023,FALSE
TXN_7781176,CUST_05,Furniture,Item_5_FUR,11,7,77,Digital Wallet,Online,18/11/2022,TRUE
TXN_1021914,CUST_25,Electric Household Essentials,Item_15_EHE,26,8,208,Credit Card,In-Store,1/10/2022,FALSE
TXN_9069543,CUST_10,Furniture,Item_22_FUR,36.5,4,146,Cash,In-Store,13/03/2024,FALSE
TXN_7169866,CUST_25,Computers And Electric Accessories,Item_14_CEA,24.5,6,147,Cash,Online,3/3/2023,TRUE
TXN_8655378,CUST_12,Milk Products,Item_23_MILK,38,4,152,Credit Card,Online,16/07/2023,FALSE
TXN_2054145,CUST_06,Electric Household Essentials,Item_21_EHE,35,7,245,Cash,In-Store,28/05/2023,FALSE
TXN_3012172,CUST_04,Computers And Electric Accessories,Item_15_CEA,26,5,130,Cash,Online,9/2/2023,TRUE
TXN_4748533,CUST_10,Beverages,Item_14_BEV,24.5,8,196,Cash,In-Store,3/4/2024,FALSE
TXN_2739207,CUST_12,Beverages,Item_17_BEV,29,4,116,Credit Card,Online,4/12/2024,TRUE
TXN_3150131,CUST_02,Butchers,Item_1_BUT,5,2,10,Cash,In-Store,11/2/2022,FALSE
TXN_3576295,CUST_01,Beverages,Item_23_BEV,38,7,266,Digital Wallet,In-Store,6/8/2024,FALSE
TXN_2331907,CUST_17,Electric Household Essentials,Item_15_EHE,26,9,234,Digital Wallet,Online,8/11/2024,TRUE
TXN_1980053,CUST_13,Milk Products,Item_17_MILK,29,10,290,Cash,In-Store,26/09/2022,FALSE
TXN_5678403,CUST_04,Computers And Electric Accessories,Item_19_CEA,32,7,224,Cash,In-Store,19/09/2023,FALSE
TXN_5721686,CUST_04,Furniture,Item_2_FUR,6.5,6,39,Cash,In-Store,15/06/2024,FALSE
TXN_2256891,CUST_08,Milk Products,Item_13_MILK,23,4,92,Cash,Online,26/03/2022,FALSE
TXN_4224556,CUST_06,Furniture,Item_23_FUR,38,5,190,Credit Card,In-Store,21/07/2022,FALSE
TXN_3066671,CUST_07,Furniture,Item_22_FUR,36.5,5,182.5,Digital Wallet,In-Store,5/8/2023,FALSE
TXN_1518573,CUST_11,Furniture,Item_24_FUR,39.5,4,158,Digital Wallet,Online,28/08/2024,TRUE
TXN_9731608,CUST_21,Patisserie,Item_1_PAT,5,3,15,Cash,Online,1/1/2024,FALSE
TXN_4324046,CUST_17,Beverages,Item_20_BEV,33.5,6,201,Digital Wallet,In-Store,2/12/2022,TRUE
TXN_5100596,CUST_04,Butchers,Item_13_BUT,23,10,230,Credit Card,Online,14/06/2022,TRUE
TXN_6651159,CUST_15,Computers And Electric Accessories,Item_19_CEA,32,7,224,Credit Card,Online,22/12/2022,FALSE
TXN_6510149,CUST_01,Electric Household Essentials,Item_12_EHE,21.5,8,172,Credit Card,In-Store,19/08/2024,TRUE
TXN_5219312,CUST_04,Butchers,Item_12_BUT,21.5,6,129,Credit Card,Online,20/09/2022,TRUE
TXN_1235721,CUST_20,Electric Household Essentials,Item_16_EHE,27.5,3,82.5,Credit Card,In-Store,24/02/2024,TRUE
TXN_3220505,CUST_13,Furniture,Item_15_FUR,26,10,260,Cash,Online,23/10/2022,TRUE
TXN_6115131,CUST_11,Electric Household Essentials,Item_8_EHE,15.5,7,108.5,Credit Card,Online,27/11/2024,FALSE
TXN_6053836,CUST_11,Furniture,Item_11_FUR,20,1,20,Cash,In-Store,12/12/2023,TRUE
TXN_9416079,CUST_24,Patisserie,Item_1_PAT,5,4,20,Cash,Online,5/3/2022,FALSE
TXN_6685616,CUST_08,Butchers,Item_2_BUT,6.5,2,13,Credit Card,In-Store,21/01/2022,TRUE
TXN_7670020,CUST_13,Food,Item_3_FOOD,8,6,48,Digital Wallet,Online,20/03/2023,FALSE
TXN_2497415,CUST_05,Furniture,Item_21_FUR,35,3,105,Cash,Online,12/9/2024,TRUE
TXN_4832015,CUST_12,Beverages,Item_18_BEV,30.5,8,244,Credit Card,In-Store,28/03/2024,TRUE
TXN_2714155,CUST_18,Computers And Electric Accessories,Item_8_CEA,15.5,1,15.5,Digital Wallet,Online,3/6/2023,FALSE
TXN_3362535,CUST_21,Furniture,Item_11_FUR,20,1,20,Cash,Online,3/2/2024,TRUE
TXN_8805006,CUST_12,Patisserie,Item_7_PAT,14,2,28,Credit Card,Online,13/01/2022,FALSE
TXN_6045260,CUST_25,Beverages,Item_11_BEV,20,3,60,Digital Wallet,In-Store,1/7/2024,FALSE
TXN_2882366,CUST_25,Food,Item_15_FOOD,26,10,260,Digital Wallet,Online,23/01/2023,TRUE
TXN_9460532,CUST_12,Computers And Electric Accessories,Item_20_CEA,33.5,7,234.5,Digital Wallet,In-Store,8/6/2022,TRUE
TXN_4043491,CUST_02,Food,Item_17_FOOD,29,3,87,Credit Card,In-Store,11/7/2023,TRUE
TXN_8225628,CUST_05,Electric Household Essentials,Item_20_EHE,33.5,1,33.5,Cash,Online,12/8/2022,TRUE
TXN_5502375,CUST_03,Butchers,Item_1_BUT,5,7,35,Cash,Online,20/06/2024,TRUE
TXN_1312186,CUST_17,Computers And Electric Accessories,Item_6_CEA,12.5,2,25,Credit Card,Online,24/12/2024,TRUE
TXN_3671598,CUST_23,Food,Item_9_FOOD,17,4,68,Digital Wallet,Online,15/07/2023,TRUE
TXN_7017414,CUST_20,Beverages,Item_21_BEV,35,3,105,Cash,In-Store,3/8/2022,FALSE
TXN_6877528,CUST_10,Butchers,Item_21_BUT,35,5,175,Digital Wallet,Online,19/04/2022,TRUE
TXN_3664114,CUST_21,Milk Products,Item_5_MILK,11,4,44,Cash,In-Store,2/10/2024,TRUE
TXN_9413476,CUST_25,Electric Household Essentials,Item_9_EHE,17,1,17,Credit Card,In-Store,17/08/2023,FALSE
TXN_1135069,CUST_01,Computers And Electric Accessories,Item_10_CEA,18.5,2,37,Digital Wallet,Online,15/12/2024,TRUE
TXN_9629561,CUST_11,Electric Household Essentials,Item_6_EHE,12.5,5,62.5,Cash,In-Store,21/06/2023,FALSE
TXN_5210678,CUST_05,Milk Products,Item_5_MILK,11,8,88,Credit Card,In-Store,31/10/2023,TRUE
TXN_2027461,CUST_15,Electric Household Essentials,Item_11_EHE,20,7,140,Cash,In-Store,24/11/2022,FALSE
TXN_8489499,CUST_12,Butchers,Item_23_BUT,38,3,114,Credit Card,Online,28/04/2024,TRUE
TXN_5486919,CUST_12,Food,Item_14_FOOD,24.5,10,245,Cash,Online,27/07/2022,FALSE
TXN_6806724,CUST_14,Furniture,Item_4_FUR,9.5,4,38,Digital Wallet,Online,13/04/2024,FALSE
TXN_4975949,CUST_23,Patisserie,Item_16_PAT,27.5,3,82.5,Cash,Online,10/3/2022,TRUE
TXN_4832164,CUST_07,Electric Household Essentials,Item_15_EHE,26,5,130,Credit Card,Online,8/9/2024,FALSE
TXN_4290067,CUST_03,Milk Products,Item_4_MILK,9.5,10,95,Cash,Online,4/7/2023,FALSE
TXN_9237182,CUST_12,Milk Products,Item_17_MILK,29,8,232,Digital Wallet,Online,16/09/2023,FALSE
TXN_4011197,CUST_06,Food,Item_13_FOOD,23,5,115,Cash,In-Store,2/3/2023,TRUE
TXN_2748100,CUST_06,Beverages,Item_20_BEV,33.5,3,100.5,Cash,In-Store,3/5/2023,FALSE
TXN_9205907,CUST_23,Milk Products,Item_23_MILK,38,7,266,Credit Card,In-Store,11/11/2022,TRUE
TXN_2161304,CUST_25,Beverages,Item_17_BEV,29,9,261,Credit Card,Online,12/10/2023,FALSE
TXN_9532162,CUST_16,Beverages,Item_16_BEV,27.5,1,27.5,Credit Card,In-Store,23/09/2023,FALSE
TXN_4454635,CUST_02,Food,Item_18_FOOD,30.5,10,305,Cash,In-Store,23/10/2024,FALSE
TXN_2442220,CUST_11,Patisserie,Item_17_PAT,29,7,203,Digital Wallet,Online,29/03/2022,TRUE
TXN_9233022,CUST_24,Food,Item_10_FOOD,18.5,6,111,Cash,Online,13/06/2023,FALSE
TXN_3554015,CUST_24,Milk Products,Item_1_MILK,5,2,10,Credit Card,In-Store,14/02/2024,FALSE
TXN_6934967,CUST_23,Computers And Electric Accessories,Item_24_CEA,39.5,8,316,Cash,In-Store,17/12/2022,FALSE
TXN_9282140,CUST_20,Milk Products,Item_23_MILK,38,5,190,Digital Wallet,Online,28/10/2024,FALSE
TXN_4974891,CUST_07,Electric Household Essentials,Item_20_EHE,33.5,3,100.5,Credit Card,Online,25/06/2023,TRUE
TXN_3525754,CUST_06,Beverages,Item_7_BEV,14,1,14,Credit Card,In-Store,16/02/2024,TRUE
TXN_4279673,CUST_07,Electric Household Essentials,Item_5_EHE,11,3,33,Credit Card,Online,2/7/2023,TRUE
TXN_5035012,CUST_03,Patisserie,Item_6_PAT,12.5,7,87.5,Credit Card,In-Store,27/11/2024,FALSE
TXN_3066628,CUST_07,Beverages,Item_21_BEV,35,10,350,Cash,Online,31/12/2023,TRUE
TXN_1238927,CUST_01,Patisserie,Item_7_PAT,14,1,14,Digital Wallet,In-Store,23/12/2022,TRUE
TXN_2501720,CUST_15,Computers And Electric Accessories,Item_1_CEA,5,9,45,Digital Wallet,Online,23/06/2022,FALSE
TXN_1869204,CUST_07,Butchers,Item_21_BUT,35,5,175,Digital Wallet,In-Store,25/10/2023,TRUE
TXN_1540809,CUST_17,Butchers,Item_2_BUT,6.5,6,39,Credit Card,Online,19/08/2022,TRUE
TXN_6734375,CUST_23,Electric Household Essentials,Item_11_EHE,20,8,160,Credit Card,In-Store,18/08/2023,FALSE
TXN_6780379,CUST_17,Beverages,Item_12_BEV,21.5,8,172,Credit Card,In-Store,26/02/2022,TRUE
TXN_8623799,CUST_24,Electric Household Essentials,Item_5_EHE,11,1,11,Cash,Online,24/04/2024,FALSE
TXN_1316715,CUST_05,Beverages,Item_16_BEV,27.5,2,55,Digital Wallet,Online,30/12/2023,FALSE
TXN_8700100,CUST_12,Patisserie,Item_20_PAT,33.5,7,234.5,Credit Card,In-Store,20/01/2024,TRUE
TXN_9967438,CUST_02,Milk Products,Item_16_MILK,27.5,2,55,Digital Wallet,Online,22/02/2024,FALSE
TXN_1974758,CUST_04,Beverages,Item_12_BEV,21.5,2,43,Cash,In-Store,31/07/2022,TRUE
TXN_2940238,CUST_16,Electric Household Essentials,Item_2_EHE,6.5,2,13,Credit Card,Online,28/07/2022,FALSE
TXN_4533445,CUST_07,Beverages,Item_24_BEV,39.5,2,79,Cash,Online,2/2/2024,TRUE
TXN_5356491,CUST_24,Milk Products,Item_3_MILK,8,4,32,Digital Wallet,Online,7/9/2023,TRUE
TXN_5027059,CUST_08,Beverages,Item_3_BEV,8,5,40,Cash,In-Store,12/10/2024,TRUE
TXN_2684604,CUST_06,Computers And Electric Accessories,Item_7_CEA,14,3,42,Digital Wallet,In-Store,7/3/2024,TRUE
TXN_3684265,CUST_15,Food,Item_6_FOOD,12.5,10,125,Credit Card,Online,15/12/2023,TRUE
TXN_6064040,CUST_08,Computers And Electric Accessories,Item_15_CEA,26,6,156,Cash,Online,8/6/2023,FALSE
TXN_8393818,CUST_13,Butchers,Item_24_BUT,39.5,1,39.5,Digital Wallet,Online,31/12/2023,FALSE
TXN_3476786,CUST_07,Beverages,Item_12_BEV,21.5,4,86,Digital Wallet,In-Store,21/05/2023,FALSE
TXN_2271740,CUST_01,Furniture,Item_11_FUR,20,4,80,Digital Wallet,In-Store,6/1/2023,FALSE
TXN_5210938,CUST_10,Beverages,Item_5_BEV,11,8,88,Credit Card,In-Store,30/11/2022,FALSE
TXN_2253495,CUST_21,Butchers,Item_19_BUT,32,5,160,Digital Wallet,Online,25/06/2024,FALSE
TXN_2374919,CUST_24,Furniture,Item_8_FUR,15.5,10,155,Cash,In-Store,31/03/2022,FALSE
TXN_9810114,CUST_09,Milk Products,Item_3_MILK,8,1,8,Cash,Online,14/08/2023,FALSE
TXN_7824771,CUST_24,Furniture,Item_18_FUR,30.5,3,91.5,Digital Wallet,Online,25/12/2023,TRUE
TXN_5389189,CUST_04,Beverages,Item_4_BEV,9.5,8,76,Cash,In-Store,23/12/2024,TRUE
TXN_5702698,CUST_16,Butchers,Item_9_BUT,17,8,136,Cash,Online,20/06/2023,TRUE
TXN_1475185,CUST_04,Furniture,Item_24_FUR,39.5,9,355.5,Credit Card,Online,28/05/2023,FALSE
TXN_4098880,CUST_16,Food,Item_22_FOOD,36.5,4,146,Credit Card,In-Store,8/11/2022,TRUE
TXN_6554226,CUST_04,Beverages,Item_25_BEV,41,2,82,Digital Wallet,In-Store,2/1/2022,TRUE
TXN_1361319,CUST_11,Butchers,Item_24_BUT,39.5,9,355.5,Credit Card,In-Store,10/2/2022,TRUE
TXN_3294760,CUST_23,Beverages,Item_9_BEV,17,7,119,Cash,Online,16/02/2022,FALSE
TXN_6071236,CUST_04,Beverages,Item_11_BEV,20,3,60,Digital Wallet,Online,14/11/2024,FALSE
TXN_9684520,CUST_13,Butchers,Item_11_BUT,20,7,140,Digital Wallet,Online,1/9/2022,TRUE
TXN_8910219,CUST_19,Furniture,Item_3_FUR,8,10,80,Digital Wallet,Online,18/08/2023,TRUE
TXN_3437398,CUST_18,Butchers,Item_22_BUT,36.5,7,255.5,Cash,In-Store,22/03/2023,TRUE
TXN_6383474,CUST_13,Milk Products,Item_8_MILK,15.5,5,77.5,Credit Card,In-Store,16/11/2024,FALSE
TXN_5321202,CUST_13,Beverages,Item_7_BEV,14,9,126,Cash,Online,25/02/2024,TRUE
TXN_7755695,CUST_22,Furniture,Item_1_FUR,5,7,35,Digital Wallet,In-Store,7/3/2022,TRUE
TXN_8855788,CUST_11,Food,Item_4_FOOD,9.5,4,38,Digital Wallet,In-Store,28/12/2024,TRUE
TXN_1334354,CUST_02,Milk Products,Item_19_MILK,32,10,320,Credit Card,Online,10/9/2024,TRUE
TXN_1432078,CUST_09,Computers And Electric Accessories,Item_10_CEA,18.5,8,148,Credit Card,Online,7/12/2022,TRUE
TXN_1365756,CUST_18,Beverages,Item_7_BEV,14,9,126,Credit Card,In-Store,1/8/2024,TRUE
TXN_6569843,CUST_04,Beverages,Item_18_BEV,30.5,6,183,Cash,Online,28/06/2022,FALSE
TXN_7385950,CUST_07,Patisserie,Item_3_PAT,8,10,80,Digital Wallet,In-Store,24/07/2022,TRUE
TXN_7582930,CUST_01,Patisserie,Item_24_PAT,39.5,2,79,Credit Card,Online,27/09/2023,FALSE
TXN_6234282,CUST_20,Milk Products,Item_19_MILK,32,9,288,Digital Wallet,Online,13/12/2024,FALSE
TXN_3546074,CUST_10,Beverages,Item_3_BEV,8,7,56,Cash,Online,20/11/2024,FALSE
TXN_6564035,CUST_10,Electric Household Essentials,Item_15_EHE,26,9,234,Credit Card,Online,7/9/2024,FALSE
TXN_8575100,CUST_16,Furniture,Item_2_FUR,6.5,10,65,Cash,In-Store,21/04/2024,FALSE
TXN_5002416,CUST_10,Electric Household Essentials,Item_12_EHE,21.5,4,86,Digital Wallet,Online,18/02/2022,FALSE
TXN_7936044,CUST_16,Computers And Electric Accessories,Item_13_CEA,23,5,115,Credit Card,Online,5/1/2023,FALSE
TXN_9062805,CUST_15,Food,Item_17_FOOD,29,5,145,Digital Wallet,In-Store,3/1/2022,FALSE
TXN_4541742,CUST_04,Beverages,Item_1_BEV,5,2,10,Credit Card,Online,21/02/2024,FALSE
TXN_6533713,CUST_21,Food,Item_14_FOOD,24.5,2,49,Cash,Online,4/10/2024,FALSE
TXN_7816064,CUST_14,Butchers,Item_19_BUT,32,10,320,Digital Wallet,Online,1/4/2022,TRUE
TXN_3206633,CUST_16,Computers And Electric Accessories,Item_2_CEA,6.5,2,13,Digital Wallet,Online,14/10/2023,FALSE
TXN_5543548,CUST_13,Patisserie,Item_8_PAT,15.5,2,31,Credit Card,Online,1/1/2023,FALSE
TXN_8943264,CUST_22,Electric Household Essentials,Item_9_EHE,17,2,34,Digital Wallet,Online,28/02/2023,FALSE
TXN_1744579,CUST_17,Beverages,Item_25_BEV,41,5,205,Credit Card,Online,16/12/2024,TRUE
TXN_8744758,CUST_19,Computers And Electric Accessories,Item_11_CEA,20,10,200,Digital Wallet,In-Store,24/11/2023,FALSE
TXN_8954012,CUST_13,Patisserie,Item_24_PAT,39.5,6,237,Digital Wallet,In-Store,4/1/2025,TRUE
TXN_4078421,CUST_04,Computers And Electric Accessories,Item_21_CEA,35,8,280,Credit Card,Online,24/06/2022,FALSE
TXN_3511587,CUST_15,Food,Item_13_FOOD,23,6,138,Digital Wallet,In-Store,27/09/2023,TRUE
TXN_4372415,CUST_17,Beverages,Item_2_BEV,6.5,6,39,Cash,In-Store,20/03/2023,FALSE
TXN_8912253,CUST_22,Computers And Electric Accessories,Item_21_CEA,35,10,350,Credit Card,Online,11/12/2022,FALSE
TXN_2167451,CUST_23,Milk Products,Item_18_MILK,30.5,2,61,Credit Card,In-Store,10/11/2023,FALSE
TXN_9937951,CUST_25,Milk Products,Item_22_MILK,36.5,2,73,Cash,Online,20/09/2022,TRUE
TXN_2859355,CUST_05,Electric Household Essentials,Item_2_EHE,6.5,9,58.5,Credit Card,Online,11/7/2022,TRUE
TXN_2109158,CUST_19,Milk Products,Item_8_MILK,15.5,3,46.5,Digital Wallet,Online,8/8/2022,TRUE
TXN_6018241,CUST_20,Milk Products,Item_6_MILK,12.5,3,37.5,Credit Card,Online,16/10/2024,FALSE
TXN_3579349,CUST_11,Furniture,Item_15_FUR,26,7,182,Credit Card,In-Store,11/12/2022,FALSE
TXN_2890875,CUST_15,Computers And Electric Accessories,Item_5_CEA,11,5,55,Digital Wallet,In-Store,19/08/2022,FALSE
TXN_8849165,CUST_25,Computers And Electric Accessories,Item_5_CEA,11,7,77,Digital Wallet,Online,19/07/2023,FALSE
TXN_5433450,CUST_06,Furniture,Item_1_FUR,5,7,35,Credit Card,Online,18/02/2022,FALSE
TXN_8762559,CUST_19,Patisserie,Item_23_PAT,38,10,380,Digital Wallet,Online,23/07/2023,FALSE
TXN_4527650,CUST_23,Computers And Electric Accessories,Item_21_CEA,35,1,35,Credit Card,In-Store,14/04/2022,FALSE
TXN_5474573,CUST_03,Food,Item_10_FOOD,18.5,3,55.5,Digital Wallet,Online,12/9/2023,TRUE
TXN_3689994,CUST_23,Milk Products,Item_4_MILK,9.5,1,9.5,Digital Wallet,In-Store,23/07/2022,FALSE
TXN_7640925,CUST_09,Furniture,Item_21_FUR,35,1,35,Cash,Online,15/02/2022,FALSE
TXN_9633310,CUST_21,Beverages,Item_12_BEV,21.5,2,43,Cash,In-Store,14/06/2024,TRUE
TXN_5111334,CUST_12,Milk Products,Item_19_MILK,32,6,192,Cash,In-Store,14/09/2023,TRUE
TXN_7940860,CUST_18,Computers And Electric Accessories,Item_19_CEA,32,4,128,Digital Wallet,In-Store,24/11/2022,TRUE
TXN_6509903,CUST_21,Furniture,Item_5_FUR,11,2,22,Credit Card,Online,26/08/2022,TRUE
TXN_3163611,CUST_25,Computers And Electric Accessories,Item_22_CEA,36.5,8,292,Digital Wallet,In-Store,30/12/2023,FALSE
TXN_3346189,CUST_09,Milk Products,Item_11_MILK,20,8,160,Cash,Online,1/12/2024,TRUE
TXN_3871665,CUST_11,Patisserie,Item_13_PAT,23,8,184,Credit Card,Online,9/2/2023,TRUE
TXN_7535754,CUST_23,Computers And Electric Accessories,Item_20_CEA,33.5,4,134,Digital Wallet,In-Store,20/06/2023,TRUE
TXN_2482739,CUST_04,Beverages,Item_8_BEV,15.5,6,93,Cash,In-Store,1/3/2022,TRUE
TXN_5230472,CUST_09,Computers And Electric Accessories,Item_20_CEA,33.5,4,134,Credit Card,Online,20/09/2023,TRUE
TXN_5989344,CUST_16,Patisserie,Item_14_PAT,24.5,9,220.5,Digital Wallet,In-Store,13/06/2024,TRUE
TXN_9353467,CUST_13,Furniture,Item_12_FUR,21.5,7,150.5,Credit Card,Online,7/10/2024,TRUE
TXN_8392495,CUST_06,Milk Products,Item_14_MILK,24.5,6,147,Cash,In-Store,15/12/2024,TRUE
TXN_2221521,CUST_08,Furniture,Item_25_FUR,41,3,123,Cash,Online,14/07/2024,FALSE
TXN_5955516,CUST_11,Patisserie,Item_1_PAT,5,8,40,Credit Card,In-Store,25/06/2022,TRUE
TXN_8609493,CUST_17,Food,Item_22_FOOD,36.5,9,328.5,Credit Card,Online,9/4/2024,FALSE
TXN_6852631,CUST_24,Beverages,Item_15_BEV,26,3,78,Credit Card,In-Store,2/6/2024,FALSE
TXN_9080064,CUST_05,Butchers,Item_18_BUT,30.5,6,183,Credit Card,Online,20/07/2023,TRUE
TXN_6832172,CUST_19,Computers And Electric Accessories,Item_2_CEA,6.5,6,39,Digital Wallet,In-Store,16/01/2024,FALSE
TXN_8937865,CUST_19,Furniture,Item_16_FUR,27.5,2,55,Credit Card,In-Store,9/7/2024,FALSE
TXN_7187748,CUST_18,Butchers,Item_5_BUT,11,8,88,Cash,Online,7/4/2024,TRUE
TXN_3672693,CUST_07,Food,Item_11_FOOD,20,3,60,Cash,In-Store,11/7/2024,TRUE
TXN_4488468,CUST_05,Milk Products,Item_6_MILK,12.5,1,12.5,Cash,In-Store,15/05/2023,TRUE
TXN_4500615,CUST_22,Food,Item_12_FOOD,21.5,6,129,Cash,Online,3/3/2023,FALSE
TXN_6020454,CUST_12,Milk Products,Item_3_MILK,8,3,24,Digital Wallet,Online,16/09/2023,FALSE
TXN_6063963,CUST_06,Computers And Electric Accessories,Item_23_CEA,38,9,342,Credit Card,In-Store,13/05/2022,FALSE
TXN_9093222,CUST_02,Butchers,Item_11_BUT,20,1,20,Credit Card,Online,11/3/2022,TRUE
TXN_7497608,CUST_16,Butchers,Item_12_BUT,21.5,6,129,Digital Wallet,In-Store,26/09/2022,FALSE
TXN_5951378,CUST_13,Furniture,Item_16_FUR,27.5,7,192.5,Credit Card,In-Store,23/08/2024,FALSE
TXN_6700115,CUST_19,Patisserie,Item_21_PAT,35,5,175,Digital Wallet,Online,7/2/2022,TRUE
TXN_8043465,CUST_21,Electric Household Essentials,Item_17_EHE,29,8,232,Digital Wallet,In-Store,13/04/2022,FALSE
TXN_4597899,CUST_07,Beverages,Item_19_BEV,32,1,32,Cash,Online,26/05/2024,TRUE
TXN_9381194,CUST_01,Furniture,Item_19_FUR,32,6,192,Cash,Online,10/2/2023,FALSE
TXN_4600404,CUST_25,Patisserie,Item_8_PAT,15.5,1,15.5,Cash,Online,5/7/2024,FALSE
TXN_7102763,CUST_12,Butchers,Item_12_BUT,21.5,9,193.5,Credit Card,Online,23/02/2024,TRUE
TXN_1611841,CUST_04,Food,Item_1_FOOD,5,7,35,Cash,In-Store,28/07/2022,TRUE
TXN_2283732,CUST_19,Patisserie,Item_1_PAT,5,2,10,Credit Card,Online,21/11/2022,FALSE
TXN_2078985,CUST_01,Patisserie,Item_9_PAT,17,8,136,Cash,Online,7/11/2023,TRUE
TXN_4772232,CUST_02,Beverages,Item_16_BEV,27.5,8,220,Digital Wallet,Online,10/9/2023,TRUE
TXN_7340887,CUST_22,Computers And Electric Accessories,Item_12_CEA,21.5,2,43,Cash,Online,1/6/2024,TRUE
TXN_8358524,CUST_19,Electric Household Essentials,Item_24_EHE,39.5,6,237,Cash,Online,9/7/2024,FALSE
TXN_9275757,CUST_19,Electric Household Essentials,Item_13_EHE,23,1,23,Credit Card,In-Store,16/06/2024,TRUE
TXN_1076981,CUST_06,Milk Products,Item_11_MILK,20,3,60,Digital Wallet,In-Store,11/11/2023,TRUE
TXN_9043280,CUST_12,Computers And Electric Accessories,Item_11_CEA,20,7,140,Cash,In-Store,22/06/2023,TRUE
TXN_5400932,CUST_15,Food,Item_14_FOOD,24.5,10,245,Credit Card,Online,1/3/2023,FALSE
TXN_3978068,CUST_10,Food,Item_21_FOOD,35,1,35,Cash,In-Store,28/07/2023,TRUE
TXN_4538100,CUST_01,Butchers,Item_6_BUT,12.5,2,25,Cash,In-Store,4/10/2022,TRUE
TXN_5229606,CUST_10,Butchers,Item_6_BUT,12.5,1,12.5,Cash,In-Store,29/05/2022,TRUE
TXN_5451213,CUST_12,Beverages,Item_21_BEV,35,9,315,Digital Wallet,In-Store,12/1/2024,TRUE
TXN_1500424,CUST_06,Butchers,Item_24_BUT,39.5,9,355.5,Digital Wallet,Online,19/02/2022,FALSE
TXN_3903796,CUST_03,Furniture,Item_21_FUR,35,8,280,Credit Card,Online,26/10/2023,FALSE
TXN_9490479,CUST_07,Butchers,Item_16_BUT,27.5,8,220,Digital Wallet,In-Store,13/06/2024,TRUE
TXN_4742699,CUST_08,Furniture,Item_6_FUR,12.5,9,112.5,Credit Card,In-Store,6/10/2023,TRUE
TXN_1614186,CUST_05,Computers And Electric Accessories,Item_15_CEA,26,5,130,Digital Wallet,In-Store,19/09/2024,TRUE
TXN_4422429,CUST_15,Electric Household Essentials,Item_24_EHE,39.5,10,395,Cash,Online,10/6/2024,FALSE
TXN_3760555,CUST_16,Furniture,Item_11_FUR,20,2,40,Cash,In-Store,12/7/2022,TRUE
TXN_8473780,CUST_14,Beverages,Item_2_BEV,6.5,8,52,Digital Wallet,Online,4/6/2022,TRUE
TXN_1162568,CUST_15,Electric Household Essentials,Item_12_EHE,21.5,10,215,Cash,Online,14/05/2022,TRUE
TXN_2312836,CUST_09,Butchers,Item_23_BUT,38,5,190,Digital Wallet,Online,14/12/2023,FALSE
TXN_6288656,CUST_20,Furniture,Item_4_FUR,9.5,10,95,Credit Card,Online,10/1/2023,FALSE
TXN_6062230,CUST_18,Patisserie,Item_4_PAT,9.5,4,38,Credit Card,In-Store,19/02/2023,TRUE
TXN_6447649,CUST_09,Food,Item_14_FOOD,24.5,4,98,Cash,Online,12/8/2024,FALSE
TXN_8572474,CUST_17,Food,Item_17_FOOD,29,4,116,Cash,Online,19/11/2024,TRUE
TXN_4923775,CUST_04,Computers And Electric Accessories,Item_13_CEA,23,1,23,Digital Wallet,In-Store,27/08/2024,FALSE
TXN_5653315,CUST_18,Computers And Electric Accessories,Item_24_CEA,39.5,8,316,Cash,In-Store,26/06/2023,FALSE
TXN_3226342,CUST_12,Milk Products,Item_2_MILK,6.5,8,52,Digital Wallet,Online,19/05/2024,TRUE
TXN_3599175,CUST_06,Patisserie,Item_6_PAT,12.5,5,62.5,Cash,In-Store,9/3/2024,FALSE
TXN_7384325,CUST_20,Butchers,Item_24_BUT,39.5,6,237,Cash,Online,21/05/2023,FALSE
TXN_3125910,CUST_09,Computers And Electric Accessories,Item_23_CEA,38,9,342,Digital Wallet,In-Store,8/2/2022,FALSE
TXN_5701415,CUST_12,Furniture,Item_8_FUR,15.5,10,155,Credit Card,Online,30/06/2022,TRUE
TXN_2394851,CUST_15,Patisserie,Item_15_PAT,26,2,52,Digital Wallet,Online,25/10/2023,TRUE
TXN_7908840,CUST_15,Patisserie,Item_24_PAT,39.5,7,276.5,Digital Wallet,Online,28/04/2023,TRUE
TXN_2602423,CUST_09,Beverages,Item_17_BEV,29,8,232,Digital Wallet,Online,13/07/2023,TRUE
TXN_4494180,CUST_19,Furniture,Item_10_FUR,18.5,4,74,Credit Card,Online,12/3/2022,TRUE
TXN_3395055,CUST_22,Food,Item_10_FOOD,18.5,7,129.5,Cash,In-Store,13/04/2022,TRUE
TXN_1854685,CUST_18,Computers And Electric Accessories,Item_6_CEA,12.5,10,125,Credit Card,Online,19/02/2024,FALSE
TXN_2100495,CUST_19,Computers And Electric Accessories,Item_21_CEA,35,7,245,Cash,In-Store,23/06/2022,TRUE
TXN_8231269,CUST_02,Electric Household Essentials,Item_20_EHE,33.5,10,335,Digital Wallet,Online,9/11/2024,TRUE
TXN_7985058,CUST_06,Food,Item_17_FOOD,29,5,145,Cash,In-Store,23/02/2023,FALSE
TXN_5151843,CUST_16,Furniture,Item_19_FUR,32,2,64,Cash,Online,9/2/2023,TRUE
TXN_5061076,CUST_18,Food,Item_5_FOOD,11,3,33,Cash,In-Store,26/08/2023,TRUE
TXN_1777447,CUST_08,Patisserie,Item_15_PAT,26,6,156,Credit Card,Online,22/03/2022,FALSE
TXN_9863754,CUST_09,Butchers,Item_18_BUT,30.5,7,213.5,Digital Wallet,In-Store,24/10/2022,TRUE
TXN_2006169,CUST_23,Beverages,Item_1_BEV,5,1,5,Digital Wallet,Online,9/9/2024,TRUE
TXN_8286464,CUST_18,Butchers,Item_13_BUT,23,7,161,Credit Card,In-Store,23/01/2022,TRUE
TXN_6837191,CUST_20,Food,Item_9_FOOD,17,5,85,Digital Wallet,In-Store,31/03/2023,FALSE
TXN_5077047,CUST_05,Milk Products,Item_8_MILK,15.5,4,62,Digital Wallet,Online,11/4/2023,TRUE
TXN_2941903,CUST_14,Furniture,Item_7_FUR,14,3,42,Credit Card,In-Store,27/09/2022,TRUE
TXN_9760843,CUST_17,Computers And Electric Accessories,Item_13_CEA,23,1,23,Credit Card,In-Store,28/12/2023,FALSE
TXN_7219724,CUST_24,Milk Products,Item_24_MILK,39.5,6,237,Digital Wallet,Online,7/12/2024,FALSE
TXN_8388538,CUST_06,Butchers,Item_23_BUT,38,7,266,Digital Wallet,Online,11/7/2022,FALSE
TXN_8782115,CUST_14,Food,Item_19_FOOD,32,9,288,Credit Card,In-Store,28/11/2023,FALSE
TXN_5268986,CUST_22,Furniture,Item_16_FUR,27.5,4,110,Digital Wallet,In-Store,16/07/2023,TRUE
TXN_4421008,CUST_24,Butchers,Item_1_BUT,5,3,15,Credit Card,In-Store,12/2/2024,FALSE
TXN_7097180,CUST_12,Computers And Electric Accessories,Item_25_CEA,41,8,328,Credit Card,Online,9/4/2024,FALSE
TXN_3366166,CUST_15,Milk Products,Item_22_MILK,36.5,3,109.5,Cash,Online,1/12/2023,TRUE
TXN_9045946,CUST_15,Food,Item_16_FOOD,27.5,8,220,Credit Card,In-Store,5/1/2024,TRUE
TXN_7468191,CUST_07,Milk Products,Item_19_MILK,32,5,160,Credit Card,In-Store,12/1/2022,FALSE
TXN_8067292,CUST_17,Butchers,Item_7_BUT,14,7,98,Digital Wallet,Online,20/01/2024,FALSE
TXN_1076822,CUST_13,Computers And Electric Accessories,Item_16_CEA,27.5,2,55,Cash,In-Store,6/10/2022,TRUE
TXN_1539113,CUST_02,Beverages,Item_14_BEV,24.5,4,98,Credit Card,Online,8/12/2022,TRUE
TXN_3744905,CUST_12,Furniture,Item_5_FUR,11,9,99,Cash,In-Store,20/04/2022,FALSE
TXN_7186993,CUST_02,Computers And Electric Accessories,Item_5_CEA,11,8,88,Credit Card,Online,1/5/2022,FALSE
TXN_7654213,CUST_23,Patisserie,Item_11_PAT,20,10,200,Digital Wallet,Online,29/05/2024,TRUE
TXN_3780086,CUST_01,Electric Household Essentials,Item_16_EHE,27.5,8,220,Credit Card,Online,31/08/2022,FALSE
TXN_3966470,CUST_15,Furniture,Item_10_FUR,18.5,8,148,Digital Wallet,In-Store,24/07/2022,FALSE
TXN_7808804,CUST_16,Butchers,Item_20_BUT,33.5,1,33.5,Cash,Online,21/08/2022,FALSE
TXN_9479028,CUST_23,Patisserie,Item_21_PAT,35,5,175,Cash,In-Store,20/01/2024,FALSE
TXN_2206004,CUST_10,Beverages,Item_1_BEV,5,3,15,Digital Wallet,In-Store,18/11/2024,TRUE
TXN_1692396,CUST_03,Electric Household Essentials,Item_9_EHE,17,5,85,Digital Wallet,In-Store,4/12/2024,TRUE
TXN_8498323,CUST_18,Food,Item_10_FOOD,18.5,10,185,Cash,Online,17/01/2025,TRUE
TXN_5043649,CUST_19,Butchers,Item_15_BUT,26,7,182,Digital Wallet,Online,12/7/2022,TRUE
TXN_1392572,CUST_23,Food,Item_11_FOOD,20,10,200,Digital Wallet,In-Store,10/12/2024,TRUE
TXN_4192360,CUST_22,Milk Products,Item_14_MILK,24.5,6,147,Digital Wallet,In-Store,24/11/2022,TRUE
TXN_3158542,CUST_24,Beverages,Item_20_BEV,33.5,1,33.5,Digital Wallet,In-Store,24/09/2024,TRUE
TXN_5740962,CUST_14,Beverages,Item_17_BEV,29,6,174,Cash,In-Store,11/12/2024,TRUE
TXN_5869329,CUST_01,Beverages,Item_14_BEV,24.5,6,147,Credit Card,In-Store,6/5/2023,FALSE
TXN_4832058,CUST_23,Computers And Electric Accessories,Item_9_CEA,17,5,85,Credit Card,Online,5/7/2023,FALSE
TXN_5409965,CUST_23,Food,Item_7_FOOD,14,7,98,Cash,In-Store,27/05/2023,FALSE
TXN_7609800,CUST_05,Patisserie,Item_23_PAT,38,4,152,Credit Card,In-Store,30/10/2024,TRUE
TXN_6415667,CUST_10,Computers And Electric Accessories,Item_3_CEA,8,2,16,Cash,Online,5/9/2022,TRUE
TXN_8184279,CUST_22,Food,Item_20_FOOD,33.5,7,234.5,Credit Card,In-Store,2/10/2022,FALSE
TXN_2646671,CUST_23,Patisserie,Item_15_PAT,26,5,130,Credit Card,Online,5/3/2024,TRUE
TXN_2057291,CUST_24,Patisserie,Item_16_PAT,27.5,4,110,Cash,Online,10/5/2022,TRUE
TXN_2315839,CUST_06,Food,Item_4_FOOD,9.5,6,57,Cash,In-Store,27/07/2023,FALSE
TXN_5629754,CUST_04,Beverages,Item_20_BEV,33.5,9,301.5,Credit Card,Online,20/02/2022,FALSE
TXN_4483784,CUST_14,Furniture,Item_19_FUR,32,6,192,Credit Card,Online,4/11/2022,TRUE
TXN_5870039,CUST_08,Butchers,Item_4_BUT,9.5,1,9.5,Credit Card,Online,28/03/2022,TRUE
TXN_3964097,CUST_18,Furniture,Item_23_FUR,38,1,38,Cash,Online,17/04/2023,FALSE
TXN_6215670,CUST_19,Patisserie,Item_17_PAT,29,8,232,Digital Wallet,Online,4/12/2023,TRUE
TXN_4237426,CUST_13,Computers And Electric Accessories,Item_19_CEA,32,7,224,Digital Wallet,Online,24/01/2022,TRUE
TXN_4662762,CUST_12,Electric Household Essentials,Item_15_EHE,26,9,234,Credit Card,In-Store,12/1/2025,FALSE
TXN_8676808,CUST_06,Butchers,Item_1_BUT,5,8,40,Cash,In-Store,17/02/2024,TRUE
TXN_7898890,CUST_09,Computers And Electric Accessories,Item_12_CEA,21.5,9,193.5,Cash,In-Store,27/07/2024,TRUE
TXN_7002185,CUST_04,Butchers,Item_23_BUT,38,4,152,Credit Card,Online,11/5/2023,TRUE
TXN_9042764,CUST_18,Patisserie,Item_1_PAT,5,1,5,Digital Wallet,In-Store,14/07/2024,TRUE
TXN_4942678,CUST_11,Patisserie,Item_8_PAT,15.5,1,15.5,Credit Card,In-Store,27/08/2024,TRUE
TXN_1028025,CUST_05,Milk Products,Item_11_MILK,20,5,100,Digital Wallet,Online,18/05/2023,FALSE
TXN_3994985,CUST_18,Milk Products,Item_13_MILK,23,5,115,Credit Card,In-Store,2/2/2024,TRUE
TXN_1417704,CUST_12,Patisserie,Item_24_PAT,39.5,7,276.5,Digital Wallet,Online,2/2/2024,TRUE
TXN_8230124,CUST_23,Electric Household Essentials,Item_2_EHE,6.5,4,26,Cash,In-Store,26/09/2023,FALSE
TXN_1673701,CUST_16,Furniture,Item_20_FUR,33.5,2,67,Digital Wallet,In-Store,19/05/2023,TRUE
TXN_3988639,CUST_07,Patisserie,Item_10_PAT,18.5,7,129.5,Credit Card,Online,8/7/2024,FALSE
TXN_7144471,CUST_13,Beverages,Item_25_BEV,41,8,328,Credit Card,Online,28/09/2023,FALSE
TXN_9996492,CUST_22,Milk Products,Item_7_MILK,14,8,112,Credit Card,Online,30/07/2024,FALSE
TXN_2879758,CUST_25,Computers And Electric Accessories,Item_13_CEA,23,10,230,Cash,In-Store,25/01/2024,TRUE
TXN_6915562,CUST_03,Electric Household Essentials,Item_2_EHE,6.5,7,45.5,Credit Card,In-Store,19/12/2022,TRUE
TXN_4286060,CUST_09,Butchers,Item_14_BUT,24.5,9,220.5,Digital Wallet,Online,8/10/2024,FALSE
TXN_5109989,CUST_10,Beverages,Item_18_BEV,30.5,7,213.5,Digital Wallet,Online,13/08/2022,TRUE
TXN_8187246,CUST_02,Patisserie,Item_16_PAT,27.5,6,165,Cash,In-Store,1/8/2023,FALSE
TXN_2284344,CUST_20,Butchers,Item_16_BUT,27.5,7,192.5,Cash,In-Store,21/01/2022,FALSE
TXN_6288657,CUST_24,Patisserie,Item_9_PAT,17,7,119,Credit Card,Online,7/10/2022,TRUE
TXN_6560278,CUST_12,Furniture,Item_25_FUR,41,1,41,Credit Card,Online,3/1/2025,FALSE
TXN_1400981,CUST_10,Milk Products,Item_8_MILK,15.5,7,108.5,Cash,In-Store,15/07/2023,FALSE
TXN_7755538,CUST_13,Electric Household Essentials,Item_23_EHE,38,8,304,Credit Card,Online,9/12/2024,TRUE
TXN_4437254,CUST_11,Food,Item_3_FOOD,8,4,32,Digital Wallet,Online,22/07/2023,TRUE
TXN_7548856,CUST_23,Beverages,Item_12_BEV,21.5,3,64.5,Cash,Online,16/06/2024,FALSE
TXN_7614106,CUST_13,Furniture,Item_24_FUR,39.5,3,118.5,Credit Card,In-Store,4/6/2024,FALSE
TXN_7358557,CUST_18,Furniture,Item_17_FUR,29,5,145,Digital Wallet,In-Store,2/2/2022,FALSE
TXN_9166176,CUST_17,Patisserie,Item_17_PAT,29,2,58,Digital Wallet,In-Store,20/12/2024,FALSE
TXN_1833446,CUST_13,Beverages,Item_24_BEV,39.5,5,197.5,Credit Card,In-Store,11/12/2023,TRUE
TXN_9185602,CUST_04,Electric Household Essentials,Item_15_EHE,26,5,130,Credit Card,Online,10/6/2023,TRUE
TXN_3620925,CUST_16,Electric Household Essentials,Item_25_EHE,41,3,123,Cash,Online,22/04/2022,FALSE
TXN_4891106,CUST_03,Beverages,Item_18_BEV,30.5,10,305,Cash,Online,6/6/2022,FALSE
TXN_7842054,CUST_03,Milk Products,Item_16_MILK,27.5,10,275,Cash,In-Store,14/07/2023,TRUE
TXN_8746609,CUST_23,Computers And Electric Accessories,Item_1_CEA,5,1,5,Cash,Online,12/4/2022,TRUE
TXN_1421687,CUST_19,Beverages,Item_23_BEV,38,7,266,Cash,Online,14/09/2022,TRUE
TXN_8127659,CUST_15,Beverages,Item_23_BEV,38,6,228,Digital Wallet,Online,15/04/2022,TRUE
TXN_6007278,CUST_17,Beverages,Item_16_BEV,27.5,10,275,Credit Card,In-Store,31/03/2023,FALSE
TXN_3168114,CUST_21,Butchers,Item_6_BUT,12.5,9,112.5,Digital Wallet,Online,13/06/2024,TRUE
TXN_5138253,CUST_20,Beverages,Item_3_BEV,8,2,16,Cash,Online,18/12/2023,TRUE
TXN_4340228,CUST_24,Patisserie,Item_5_PAT,11,5,55,Credit Card,Online,1/11/2024,TRUE
TXN_3327657,CUST_03,Computers And Electric Accessories,Item_10_CEA,18.5,6,111,Cash,In-Store,2/11/2022,FALSE
TXN_5415838,CUST_02,Beverages,Item_21_BEV,35,5,175,Digital Wallet,In-Store,9/12/2022,FALSE
TXN_9749270,CUST_05,Patisserie,Item_12_PAT,21.5,10,215,Cash,Online,17/03/2022,TRUE
TXN_5437649,CUST_06,Food,Item_21_FOOD,35,2,70,Cash,Online,14/02/2022,FALSE
TXN_1135577,CUST_20,Beverages,Item_12_BEV,21.5,3,64.5,Credit Card,In-Store,28/08/2023,FALSE
TXN_4033809,CUST_24,Beverages,Item_7_BEV,14,3,42,Cash,In-Store,24/04/2023,TRUE
TXN_2691463,CUST_19,Patisserie,Item_20_PAT,33.5,9,301.5,Digital Wallet,In-Store,25/08/2024,FALSE
TXN_5248957,CUST_19,Food,Item_14_FOOD,24.5,2,49,Credit Card,In-Store,24/06/2023,TRUE
TXN_5711029,CUST_21,Butchers,Item_25_BUT,41,3,123,Cash,In-Store,18/10/2024,FALSE
TXN_7960911,CUST_19,Food,Item_22_FOOD,36.5,4,146,Credit Card,In-Store,12/6/2023,FALSE
TXN_7352619,CUST_18,Electric Household Essentials,Item_19_EHE,32,8,256,Cash,Online,22/06/2022,FALSE
TXN_1928195,CUST_09,Butchers,Item_15_BUT,26,2,52,Credit Card,In-Store,13/07/2023,FALSE
TXN_7254114,CUST_13,Beverages,Item_14_BEV,24.5,10,245,Cash,In-Store,8/6/2023,FALSE
TXN_4974603,CUST_10,Computers And Electric Accessories,Item_11_CEA,20,8,160,Digital Wallet,Online,6/1/2023,TRUE
TXN_2598563,CUST_01,Milk Products,Item_16_MILK,27.5,7,192.5,Credit Card,In-Store,17/09/2023,TRUE
TXN_7539741,CUST_06,Patisserie,Item_4_PAT,9.5,1,9.5,Digital Wallet,In-Store,17/10/2024,TRUE
TXN_8023602,CUST_21,Beverages,Item_15_BEV,26,8,208,Digital Wallet,In-Store,23/05/2024,TRUE
TXN_1470767,CUST_02,Computers And Electric Accessories,Item_8_CEA,15.5,6,93,Cash,In-Store,11/10/2022,TRUE
TXN_3097234,CUST_16,Computers And Electric Accessories,Item_22_CEA,36.5,6,219,Credit Card,Online,14/01/2023,TRUE
TXN_3842407,CUST_08,Furniture,Item_5_FUR,11,8,88,Digital Wallet,In-Store,17/12/2022,FALSE
TXN_8260473,CUST_01,Food,Item_12_FOOD,21.5,6,129,Credit Card,Online,7/2/2024,FALSE
TXN_5259443,CUST_15,Milk Products,Item_17_MILK,29,9,261,Digital Wallet,In-Store,6/3/2024,FALSE
TXN_9153686,CUST_04,Electric Household Essentials,Item_4_EHE,9.5,1,9.5,Cash,Online,14/04/2024,TRUE
TXN_3736556,CUST_14,Patisserie,Item_11_PAT,20,6,120,Digital Wallet,Online,2/11/2022,TRUE
TXN_1112566,CUST_22,Beverages,Item_17_BEV,29,2,58,Cash,Online,19/07/2022,FALSE
TXN_2722898,CUST_21,Beverages,Item_6_BEV,12.5,10,125,Digital Wallet,In-Store,30/05/2024,FALSE
TXN_1701445,CUST_22,Butchers,Item_16_BUT,27.5,5,137.5,Credit Card,In-Store,26/05/2022,FALSE
TXN_6855605,CUST_07,Butchers,Item_15_BUT,26,1,26,Credit Card,Online,9/2/2024,FALSE
TXN_8643512,CUST_09,Furniture,Item_14_FUR,24.5,10,245,Cash,In-Store,18/02/2022,FALSE
TXN_1857948,CUST_12,Beverages,Item_24_BEV,39.5,9,355.5,Credit Card,In-Store,4/7/2022,TRUE
TXN_7009289,CUST_24,Patisserie,Item_7_PAT,14,4,56,Cash,In-Store,16/07/2022,TRUE
TXN_6327819,CUST_01,Computers And Electric Accessories,Item_19_CEA,32,3,96,Cash,Online,12/9/2022,FALSE
TXN_8941388,CUST_19,Beverages,Item_17_BEV,29,8,232,Digital Wallet,In-Store,9/5/2022,TRUE
TXN_9501007,CUST_03,Patisserie,Item_13_PAT,23,6,138,Digital Wallet,In-Store,26/09/2022,FALSE
TXN_1694123,CUST_06,Beverages,Item_9_BEV,17,10,170,Digital Wallet,Online,6/8/2023,TRUE
TXN_8868134,CUST_20,Beverages,Item_13_BEV,23,1,23,Cash,Online,21/02/2022,TRUE
TXN_7207545,CUST_18,Butchers,Item_4_BUT,9.5,4,38,Digital Wallet,Online,9/8/2024,TRUE
TXN_5392536,CUST_11,Butchers,Item_25_BUT,41,6,246,Digital Wallet,Online,22/06/2023,TRUE
TXN_6057467,CUST_07,Milk Products,Item_7_MILK,14,1,14,Credit Card,In-Store,3/11/2024,TRUE
TXN_3594131,CUST_11,Food,Item_9_FOOD,17,2,34,Digital Wallet,Online,22/03/2024,TRUE
TXN_5390097,CUST_02,Beverages,Item_19_BEV,32,3,96,Credit Card,In-Store,10/12/2022,TRUE
TXN_8805325,CUST_04,Patisserie,Item_4_PAT,9.5,7,66.5,Cash,In-Store,19/06/2024,FALSE
TXN_7186832,CUST_08,Milk Products,Item_4_MILK,9.5,10,95,Cash,In-Store,25/01/2023,FALSE
TXN_1512299,CUST_21,Furniture,Item_21_FUR,35,8,280,Credit Card,In-Store,16/06/2023,TRUE
TXN_3244604,CUST_09,Electric Household Essentials,Item_17_EHE,29,9,261,Credit Card,In-Store,10/9/2022,TRUE
TXN_8834540,CUST_25,Beverages,Item_12_BEV,21.5,5,107.5,Digital Wallet,In-Store,24/02/2023,FALSE
TXN_7104996,CUST_15,Electric Household Essentials,Item_25_EHE,41,4,164,Credit Card,In-Store,27/02/2024,FALSE
TXN_7688189,CUST_23,Butchers,Item_1_BUT,5,2,10,Cash,In-Store,2/1/2022,FALSE
TXN_8165056,CUST_09,Computers And Electric Accessories,Item_14_CEA,24.5,4,98,Cash,Online,17/07/2023,FALSE
TXN_4601804,CUST_23,Electric Household Essentials,Item_7_EHE,14,5,70,Credit Card,Online,11/8/2023,TRUE
TXN_3846767,CUST_07,Butchers,Item_24_BUT,39.5,10,395,Cash,In-Store,24/08/2022,FALSE
TXN_7889351,CUST_20,Computers And Electric Accessories,Item_2_CEA,6.5,9,58.5,Credit Card,Online,7/5/2023,TRUE
TXN_2061240,CUST_09,Electric Household Essentials,Item_3_EHE,8,9,72,Cash,In-Store,1/3/2023,FALSE
TXN_3409198,CUST_16,Beverages,Item_12_BEV,21.5,1,21.5,Credit Card,In-Store,20/12/2022,FALSE
TXN_1358906,CUST_16,Beverages,Item_15_BEV,26,10,260,Digital Wallet,Online,28/02/2024,FALSE
TXN_7836458,CUST_14,Computers And Electric Accessories,Item_19_CEA,32,10,320,Cash,Online,12/5/2024,FALSE
TXN_8001268,CUST_24,Food,Item_24_FOOD,39.5,7,276.5,Digital Wallet,Online,25/10/2022,FALSE
TXN_1691068,CUST_23,Patisserie,Item_2_PAT,6.5,9,58.5,Cash,In-Store,11/8/2022,FALSE
TXN_2362264,CUST_20,Food,Item_7_FOOD,14,3,42,Cash,Online,22/01/2023,FALSE
TXN_2238459,CUST_10,Beverages,Item_16_BEV,27.5,5,137.5,Digital Wallet,In-Store,10/1/2023,FALSE
TXN_9395578,CUST_10,Furniture,Item_20_FUR,33.5,8,268,Cash,In-Store,24/05/2022,TRUE
TXN_9195331,CUST_25,Butchers,Item_9_BUT,17,9,153,Cash,Online,23/03/2022,TRUE
TXN_8103285,CUST_20,Electric Household Essentials,Item_8_EHE,15.5,9,139.5,Digital Wallet,In-Store,21/01/2022,FALSE
TXN_5754863,CUST_05,Food,Item_4_FOOD,9.5,6,57,Digital Wallet,In-Store,30/04/2022,FALSE
TXN_6473625,CUST_20,Electric Household Essentials,Item_11_EHE,20,7,140,Digital Wallet,Online,25/04/2024,TRUE
TXN_2897677,CUST_20,Computers And Electric Accessories,Item_8_CEA,15.5,8,124,Credit Card,In-Store,16/12/2022,TRUE
TXN_6077372,CUST_12,Food,Item_20_FOOD,33.5,6,201,Digital Wallet,Online,20/10/2023,TRUE
TXN_5684003,CUST_14,Milk Products,Item_11_MILK,20,4,80,Digital Wallet,Online,1/1/2023,FALSE
TXN_8700769,CUST_01,Butchers,Item_20_BUT,33.5,10,335,Digital Wallet,In-Store,14/05/2024,FALSE
TXN_4102275,CUST_12,Milk Products,Item_5_MILK,11,5,55,Cash,Online,7/4/2022,TRUE
TXN_2563981,CUST_10,Butchers,Item_22_BUT,36.5,7,255.5,Credit Card,In-Store,19/05/2024,FALSE
TXN_9265528,CUST_24,Butchers,Item_17_BUT,29,2,58,Credit Card,In-Store,10/10/2024,FALSE
TXN_7243315,CUST_07,Milk Products,Item_24_MILK,39.5,5,197.5,Credit Card,Online,26/01/2022,TRUE
TXN_1285698,CUST_12,Furniture,Item_21_FUR,35,7,245,Cash,Online,18/10/2022,TRUE
TXN_1686639,CUST_04,Electric Household Essentials,Item_21_EHE,35,9,315,Credit Card,Online,23/05/2023,TRUE
TXN_1221709,CUST_12,Patisserie,Item_8_PAT,15.5,4,62,Cash,Online,23/12/2022,FALSE
TXN_8751570,CUST_02,Beverages,Item_25_BEV,41,6,246,Digital Wallet,In-Store,13/03/2024,TRUE
TXN_9473262,CUST_24,Electric Household Essentials,Item_14_EHE,24.5,9,220.5,Credit Card,Online,19/10/2023,TRUE
TXN_1429617,CUST_12,Milk Products,Item_6_MILK,12.5,8,100,Cash,In-Store,14/07/2022,TRUE
TXN_6457304,CUST_09,Patisserie,Item_17_PAT,29,4,116,Digital Wallet,In-Store,26/09/2023,FALSE
TXN_6645010,CUST_12,Food,Item_21_FOOD,35,2,70,Cash,In-Store,12/1/2025,TRUE
TXN_7235714,CUST_06,Computers And Electric Accessories,Item_13_CEA,23,4,92,Credit Card,Online,12/6/2024,TRUE
TXN_5511793,CUST_14,Computers And Electric Accessories,Item_14_CEA,24.5,10,245,Digital Wallet,In-Store,16/04/2023,FALSE
TXN_5239775,CUST_23,Electric Household Essentials,Item_12_EHE,21.5,2,43,Cash,Online,22/06/2024,FALSE
TXN_4058445,CUST_17,Electric Household Essentials,Item_6_EHE,12.5,5,62.5,Cash,In-Store,4/8/2022,FALSE
TXN_6960283,CUST_11,Beverages,Item_25_BEV,41,5,205,Credit Card,Online,20/06/2022,FALSE
TXN_2683008,CUST_17,Patisserie,Item_18_PAT,30.5,6,183,Credit Card,Online,10/1/2022,FALSE
TXN_1448231,CUST_24,Furniture,Item_24_FUR,39.5,8,316,Digital Wallet,In-Store,30/08/2023,TRUE
TXN_2580755,CUST_21,Butchers,Item_20_BUT,33.5,10,335,Cash,In-Store,28/02/2022,FALSE
TXN_9433976,CUST_19,Butchers,Item_8_BUT,15.5,9,139.5,Credit Card,Online,1/5/2022,FALSE
TXN_2330418,CUST_03,Butchers,Item_10_BUT,18.5,1,18.5,Digital Wallet,In-Store,24/11/2023,FALSE
TXN_7107246,CUST_22,Patisserie,Item_7_PAT,14,6,84,Credit Card,Online,20/05/2022,TRUE
TXN_9989291,CUST_06,Electric Household Essentials,Item_5_EHE,11,8,88,Digital Wallet,In-Store,9/7/2023,FALSE
TXN_7926031,CUST_22,Electric Household Essentials,Item_25_EHE,41,6,246,Credit Card,Online,16/07/2024,TRUE
TXN_3088437,CUST_11,Butchers,Item_22_BUT,36.5,8,292,Cash,Online,19/10/2024,TRUE
TXN_9408487,CUST_11,Patisserie,Item_7_PAT,14,8,112,Cash,Online,9/2/2022,FALSE
TXN_8673963,CUST_13,Computers And Electric Accessories,Item_10_CEA,18.5,3,55.5,Credit Card,Online,19/08/2023,TRUE
TXN_1133322,CUST_16,Beverages,Item_1_BEV,5,10,50,Credit Card,Online,6/8/2022,FALSE
TXN_7635738,CUST_02,Computers And Electric Accessories,Item_13_CEA,23,5,115,Digital Wallet,In-Store,11/1/2024,TRUE
TXN_1453723,CUST_14,Butchers,Item_15_BUT,26,6,156,Cash,In-Store,31/07/2022,TRUE
TXN_2226766,CUST_01,Computers And Electric Accessories,Item_21_CEA,35,10,350,Credit Card,Online,28/04/2024,FALSE
TXN_3155102,CUST_17,Computers And Electric Accessories,Item_25_CEA,41,9,369,Digital Wallet,In-Store,19/03/2024,FALSE
TXN_7300159,CUST_05,Milk Products,Item_19_MILK,32,5,160,Credit Card,In-Store,10/11/2023,FALSE
TXN_3677192,CUST_23,Butchers,Item_12_BUT,21.5,7,150.5,Credit Card,Online,26/02/2024,FALSE
TXN_8244193,CUST_13,Butchers,Item_7_BUT,14,8,112,Cash,Online,20/06/2022,TRUE
TXN_2279728,CUST_07,Beverages,Item_3_BEV,8,1,8,Cash,In-Store,12/11/2024,TRUE
TXN_1457601,CUST_07,Computers And Electric Accessories,Item_12_CEA,21.5,1,21.5,Digital Wallet,In-Store,19/03/2023,FALSE
TXN_2556108,CUST_10,Furniture,Item_11_FUR,20,10,200,Digital Wallet,In-Store,12/10/2023,FALSE
TXN_7188878,CUST_07,Butchers,Item_19_BUT,32,4,128,Credit Card,Online,3/11/2022,FALSE
TXN_2841201,CUST_11,Food,Item_6_FOOD,12.5,7,87.5,Digital Wallet,Online,27/03/2022,TRUE
TXN_5000633,CUST_12,Food,Item_10_FOOD,18.5,3,55.5,Digital Wallet,In-Store,9/2/2022,TRUE
TXN_6096957,CUST_05,Patisserie,Item_22_PAT,36.5,10,365,Credit Card,In-Store,10/2/2024,TRUE
TXN_5136166,CUST_18,Computers And Electric Accessories,Item_2_CEA,6.5,6,39,Credit Card,In-Store,7/12/2022,FALSE
TXN_3148275,CUST_10,Food,Item_23_FOOD,38,7,266,Digital Wallet,In-Store,10/12/2022,FALSE
TXN_9659420,CUST_10,Furniture,Item_13_FUR,23,6,138,Cash,In-Store,23/01/2022,TRUE
TXN_9319671,CUST_22,Beverages,Item_16_BEV,27.5,4,110,Cash,In-Store,18/02/2022,TRUE
TXN_1516336,CUST_09,Beverages,Item_3_BEV,8,8,64,Digital Wallet,Online,7/8/2024,TRUE
TXN_7426761,CUST_16,Food,Item_6_FOOD,12.5,8,100,Credit Card,Online,8/8/2022,FALSE
TXN_7332336,CUST_01,Furniture,Item_5_FUR,11,10,110,Digital Wallet,In-Store,13/01/2023,TRUE
TXN_3989303,CUST_08,Patisserie,Item_4_PAT,9.5,7,66.5,Digital Wallet,In-Store,21/07/2022,FALSE
TXN_4935375,CUST_01,Furniture,Item_9_FUR,17,6,102,Digital Wallet,In-Store,26/11/2024,TRUE
TXN_3827138,CUST_01,Food,Item_13_FOOD,23,4,92,Digital Wallet,In-Store,11/8/2023,TRUE
TXN_4800149,CUST_01,Butchers,Item_15_BUT,26,1,26,Credit Card,In-Store,6/11/2023,FALSE
TXN_1331679,CUST_20,Butchers,Item_5_BUT,11,1,11,Cash,In-Store,17/11/2022,TRUE
TXN_5506088,CUST_24,Patisserie,Item_22_PAT,36.5,2,73,Digital Wallet,Online,31/05/2022,TRUE
TXN_4607212,CUST_17,Patisserie,Item_7_PAT,14,10,140,Cash,In-Store,23/09/2023,FALSE
TXN_7651449,CUST_25,Computers And Electric Accessories,Item_15_CEA,26,5,130,Credit Card,Online,23/06/2022,FALSE
TXN_4406536,CUST_18,Patisserie,Item_9_PAT,17,2,34,Cash,Online,21/02/2024,FALSE
TXN_6562327,CUST_14,Food,Item_9_FOOD,17,8,136,Credit Card,Online,23/05/2022,FALSE
TXN_9369177,CUST_07,Electric Household Essentials,Item_2_EHE,6.5,5,32.5,Credit Card,In-Store,5/10/2022,FALSE
TXN_3710680,CUST_20,Milk Products,Item_8_MILK,15.5,6,93,Digital Wallet,In-Store,26/05/2022,TRUE
TXN_7401761,CUST_19,Electric Household Essentials,Item_23_EHE,38,9,342,Cash,Online,23/05/2023,FALSE
TXN_7336047,CUST_11,Butchers,Item_15_BUT,26,7,182,Credit Card,Online,24/11/2022,FALSE
TXN_1725123,CUST_19,Beverages,Item_7_BEV,14,7,98,Credit Card,Online,26/05/2023,TRUE
TXN_9493430,CUST_02,Furniture,Item_8_FUR,15.5,4,62,Credit Card,In-Store,6/8/2024,TRUE
TXN_6494987,CUST_21,Beverages,Item_19_BEV,32,7,224,Credit Card,Online,4/5/2022,TRUE
TXN_9777548,CUST_18,Patisserie,Item_15_PAT,26,7,182,Digital Wallet,Online,11/2/2023,TRUE
TXN_4127270,CUST_18,Beverages,Item_22_BEV,36.5,2,73,Cash,In-Store,5/4/2022,FALSE
TXN_9509119,CUST_15,Food,Item_9_FOOD,17,1,17,Credit Card,In-Store,12/11/2023,FALSE
TXN_7014970,CUST_13,Food,Item_17_FOOD,29,3,87,Cash,In-Store,12/8/2023,TRUE
TXN_2542482,CUST_16,Beverages,Item_19_BEV,32,6,192,Credit Card,In-Store,4/11/2022,FALSE
TXN_6400478,CUST_12,Patisserie,Item_18_PAT,30.5,8,244,Credit Card,Online,3/9/2022,TRUE
TXN_7000155,CUST_14,Furniture,Item_6_FUR,12.5,4,50,Credit Card,In-Store,17/04/2024,FALSE
TXN_2141766,CUST_07,Electric Household Essentials,Item_25_EHE,41,7,287,Cash,In-Store,3/3/2023,TRUE
TXN_1946735,CUST_25,Food,Item_5_FOOD,11,4,44,Digital Wallet,Online,8/8/2023,TRUE
TXN_7440605,CUST_10,Beverages,Item_25_BEV,41,4,164,Digital Wallet,In-Store,15/08/2024,TRUE
TXN_3282291,CUST_09,Computers And Electric Accessories,Item_25_CEA,41,6,246,Credit Card,In-Store,2/1/2025,FALSE
TXN_4287831,CUST_22,Computers And Electric Accessories,Item_9_CEA,17,5,85,Digital Wallet,Online,17/08/2024,FALSE
TXN_4508836,CUST_21,Electric Household Essentials,Item_22_EHE,36.5,10,365,Digital Wallet,In-Store,17/01/2024,TRUE
TXN_6470632,CUST_10,Food,Item_14_FOOD,24.5,10,245,Digital Wallet,In-Store,8/4/2023,TRUE
TXN_7254832,CUST_08,Patisserie,Item_14_PAT,24.5,7,171.5,Digital Wallet,Online,27/06/2023,TRUE
TXN_8914458,CUST_25,Patisserie,Item_25_PAT,41,3,123,Digital Wallet,In-Store,21/10/2024,TRUE
TXN_8943969,CUST_17,Butchers,Item_15_BUT,26,5,130,Cash,Online,5/2/2023,FALSE
TXN_5815945,CUST_12,Furniture,Item_11_FUR,20,6,120,Credit Card,Online,5/9/2023,FALSE
TXN_7767926,CUST_19,Computers And Electric Accessories,Item_25_CEA,41,5,205,Digital Wallet,Online,22/05/2022,TRUE
TXN_4539548,CUST_21,Food,Item_3_FOOD,8,9,72,Digital Wallet,Online,17/05/2023,FALSE
TXN_7601000,CUST_09,Butchers,Item_7_BUT,14,4,56,Digital Wallet,In-Store,18/01/2024,FALSE
TXN_7272612,CUST_24,Butchers,Item_16_BUT,27.5,3,82.5,Cash,In-Store,27/07/2024,FALSE
TXN_5153387,CUST_14,Electric Household Essentials,Item_13_EHE,23,10,230,Credit Card,Online,14/07/2022,FALSE
TXN_6841966,CUST_21,Milk Products,Item_1_MILK,5,8,40,Credit Card,Online,17/10/2024,TRUE
TXN_3206883,CUST_12,Electric Household Essentials,Item_10_EHE,18.5,10,185,Digital Wallet,Online,24/10/2024,TRUE
TXN_9590909,CUST_03,Electric Household Essentials,Item_18_EHE,30.5,10,305,Digital Wallet,Online,29/12/2024,FALSE
TXN_4469536,CUST_11,Furniture,Item_25_FUR,41,4,164,Cash,In-Store,12/1/2024,TRUE
TXN_4221038,CUST_10,Computers And Electric Accessories,Item_7_CEA,14,3,42,Digital Wallet,Online,18/08/2024,FALSE
TXN_6820017,CUST_05,Electric Household Essentials,Item_21_EHE,35,2,70,Digital Wallet,Online,30/03/2022,TRUE
TXN_9468678,CUST_10,Electric Household Essentials,Item_2_EHE,6.5,7,45.5,Cash,In-Store,3/6/2024,TRUE
TXN_9824720,CUST_11,Patisserie,Item_23_PAT,38,1,38,Credit Card,Online,20/05/2024,FALSE
TXN_1521156,CUST_08,Computers And Electric Accessories,Item_16_CEA,27.5,9,247.5,Cash,Online,11/10/2024,TRUE
TXN_7522989,CUST_06,Electric Household Essentials,Item_1_EHE,5,3,15,Credit Card,Online,16/03/2022,TRUE
TXN_5762983,CUST_24,Furniture,Item_2_FUR,6.5,10,65,Credit Card,Online,15/07/2023,FALSE
TXN_3531543,CUST_21,Computers And Electric Accessories,Item_3_CEA,8,7,56,Credit Card,Online,17/07/2024,TRUE
TXN_8605252,CUST_01,Milk Products,Item_23_MILK,38,7,266,Cash,In-Store,5/12/2022,TRUE
TXN_4740770,CUST_09,Food,Item_8_FOOD,15.5,5,77.5,Digital Wallet,In-Store,21/12/2024,FALSE
TXN_3240995,CUST_14,Butchers,Item_10_BUT,18.5,8,148,Cash,In-Store,6/7/2024,TRUE
TXN_1767820,CUST_18,Beverages,Item_25_BEV,41,7,287,Digital Wallet,In-Store,17/01/2025,FALSE
TXN_3082732,CUST_17,Electric Household Essentials,Item_23_EHE,38,5,190,Digital Wallet,Online,20/06/2024,TRUE
TXN_5675288,CUST_01,Computers And Electric Accessories,Item_20_CEA,33.5,3,100.5,Credit Card,Online,18/02/2024,TRUE
TXN_2045668,CUST_15,Computers And Electric Accessories,Item_22_CEA,36.5,5,182.5,Digital Wallet,Online,29/09/2024,TRUE
TXN_8359279,CUST_20,Food,Item_13_FOOD,23,7,161,Cash,Online,4/10/2022,FALSE
TXN_3668726,CUST_19,Electric Household Essentials,Item_16_EHE,27.5,5,137.5,Cash,Online,14/05/2022,TRUE
TXN_8997863,CUST_20,Butchers,Item_17_BUT,29,1,29,Credit Card,Online,10/10/2024,TRUE
TXN_1772948,CUST_11,Food,Item_21_FOOD,35,9,315,Credit Card,In-Store,29/11/2024,FALSE
TXN_4354004,CUST_01,Electric Household Essentials,Item_10_EHE,18.5,10,185,Cash,Online,16/12/2024,FALSE
TXN_4173894,CUST_02,Electric Household Essentials,Item_22_EHE,36.5,7,255.5,Cash,In-Store,12/11/2023,TRUE
TXN_6490745,CUST_04,Food,Item_13_FOOD,23,7,161,Cash,In-Store,1/12/2024,FALSE
TXN_6787727,CUST_12,Furniture,Item_6_FUR,12.5,4,50,Credit Card,In-Store,7/8/2022,TRUE
TXN_9125500,CUST_21,Food,Item_13_FOOD,23,5,115,Cash,Online,21/03/2023,FALSE
TXN_3030052,CUST_13,Food,Item_24_FOOD,39.5,2,79,Cash,Online,6/2/2022,FALSE
TXN_3675657,CUST_17,Milk Products,Item_20_MILK,33.5,8,268,Digital Wallet,Online,24/11/2022,FALSE
TXN_5270554,CUST_16,Electric Household Essentials,Item_18_EHE,30.5,2,61,Cash,In-Store,29/08/2023,FALSE
TXN_7649427,CUST_10,Milk Products,Item_11_MILK,20,5,100,Digital Wallet,Online,16/11/2023,FALSE
TXN_1961640,CUST_10,Electric Household Essentials,Item_13_EHE,23,2,46,Cash,In-Store,12/12/2023,TRUE
TXN_5148932,CUST_06,Computers And Electric Accessories,Item_21_CEA,35,4,140,Credit Card,Online,19/09/2023,FALSE
TXN_6434833,CUST_20,Food,Item_21_FOOD,35,6,210,Cash,Online,15/09/2022,TRUE
TXN_9538673,CUST_15,Butchers,Item_23_BUT,38,6,228,Cash,Online,21/01/2022,TRUE
TXN_3481766,CUST_05,Beverages,Item_1_BEV,5,1,5,Digital Wallet,Online,30/05/2024,TRUE
TXN_2062102,CUST_23,Butchers,Item_23_BUT,38,10,380,Digital Wallet,In-Store,9/4/2024,TRUE
TXN_8363354,CUST_12,Patisserie,Item_22_PAT,36.5,8,292,Credit Card,Online,8/1/2024,TRUE
TXN_4793830,CUST_13,Electric Household Essentials,Item_24_EHE,39.5,1,39.5,Cash,Online,16/03/2023,FALSE
TXN_3704598,CUST_25,Food,Item_14_FOOD,24.5,6,147,Cash,Online,16/10/2023,FALSE
TXN_4841196,CUST_10,Food,Item_22_FOOD,36.5,8,292,Cash,Online,17/01/2022,FALSE
TXN_7019841,CUST_11,Beverages,Item_24_BEV,39.5,6,237,Digital Wallet,In-Store,4/9/2024,TRUE
TXN_5821430,CUST_01,Patisserie,Item_23_PAT,38,1,38,Cash,Online,27/06/2022,FALSE
TXN_5032085,CUST_24,Beverages,Item_16_BEV,27.5,4,110,Cash,Online,3/2/2023,FALSE
TXN_7462915,CUST_03,Patisserie,Item_16_PAT,27.5,5,137.5,Credit Card,In-Store,10/5/2024,TRUE
TXN_4131199,CUST_03,Butchers,Item_12_BUT,21.5,6,129,Cash,In-Store,6/11/2024,FALSE
TXN_2824933,CUST_21,Milk Products,Item_17_MILK,29,8,232,Digital Wallet,In-Store,4/5/2024,FALSE
TXN_8129465,CUST_01,Computers And Electric Accessories,Item_7_CEA,14,5,70,Cash,In-Store,30/08/2024,TRUE
TXN_7014731,CUST_11,Computers And Electric Accessories,Item_11_CEA,20,4,80,Credit Card,In-Store,15/02/2022,FALSE
TXN_7180483,CUST_23,Butchers,Item_3_BUT,8,3,24,Cash,Online,17/01/2023,FALSE
TXN_1965778,CUST_25,Milk Products,Item_8_MILK,15.5,3,46.5,Credit Card,In-Store,1/9/2024,FALSE
TXN_1166423,CUST_08,Beverages,Item_17_BEV,29,1,29,Cash,Online,12/8/2024,TRUE
TXN_8592371,CUST_02,Patisserie,Item_2_PAT,6.5,10,65,Digital Wallet,Online,14/06/2022,TRUE
TXN_1365343,CUST_16,Food,Item_15_FOOD,26,10,260,Digital Wallet,Online,28/11/2024,TRUE
TXN_2084330,CUST_04,Furniture,Item_6_FUR,12.5,9,112.5,Digital Wallet,In-Store,5/10/2023,FALSE
TXN_9557968,CUST_14,Patisserie,Item_12_PAT,21.5,1,21.5,Cash,In-Store,13/10/2023,FALSE
TXN_5498711,CUST_20,Furniture,Item_6_FUR,12.5,6,75,Credit Card,Online,23/12/2024,TRUE
TXN_6144549,CUST_02,Milk Products,Item_20_MILK,33.5,3,100.5,Digital Wallet,Online,4/10/2023,FALSE
TXN_4121313,CUST_05,Butchers,Item_5_BUT,11,9,99,Digital Wallet,In-Store,25/05/2024,TRUE
TXN_3875894,CUST_03,Butchers,Item_20_BUT,33.5,9,301.5,Digital Wallet,Online,16/02/2023,FALSE
TXN_7651965,CUST_06,Computers And Electric Accessories,Item_2_CEA,6.5,10,65,Digital Wallet,Online,20/08/2024,TRUE
TXN_9572486,CUST_16,Food,Item_13_FOOD,23,10,230,Cash,In-Store,10/7/2022,FALSE
TXN_3017727,CUST_11,Computers And Electric Accessories,Item_13_CEA,23,8,184,Cash,Online,2/6/2022,FALSE
TXN_2873708,CUST_10,Food,Item_13_FOOD,23,9,207,Digital Wallet,Online,2/10/2023,TRUE
TXN_6478003,CUST_02,Patisserie,Item_20_PAT,33.5,3,100.5,Digital Wallet,Online,13/01/2025,TRUE
TXN_1042850,CUST_16,Beverages,Item_9_BEV,17,2,34,Cash,Online,19/10/2024,TRUE
TXN_6329331,CUST_24,Beverages,Item_8_BEV,15.5,5,77.5,Credit Card,Online,1/1/2022,TRUE
TXN_8135631,CUST_17,Food,Item_16_FOOD,27.5,4,110,Cash,Online,6/1/2024,FALSE
TXN_6407417,CUST_11,Milk Products,Item_17_MILK,29,6,174,Credit Card,In-Store,20/12/2024,FALSE
TXN_7918216,CUST_17,Patisserie,Item_3_PAT,8,9,72,Cash,Online,25/10/2024,TRUE
TXN_4142861,CUST_22,Milk Products,Item_8_MILK,15.5,2,31,Digital Wallet,In-Store,28/01/2024,TRUE
TXN_2142826,CUST_11,Electric Household Essentials,Item_22_EHE,36.5,10,365,Credit Card,Online,18/08/2024,TRUE
TXN_3410016,CUST_16,Food,Item_1_FOOD,5,4,20,Digital Wallet,Online,19/05/2022,TRUE
TXN_4214517,CUST_19,Butchers,Item_1_BUT,5,10,50,Cash,In-Store,21/01/2024,FALSE
TXN_4677266,CUST_19,Food,Item_6_FOOD,12.5,8,100,Cash,In-Store,28/09/2024,TRUE
TXN_7804412,CUST_12,Computers And Electric Accessories,Item_23_CEA,38,9,342,Digital Wallet,In-Store,4/1/2025,FALSE
TXN_6883732,CUST_24,Computers And Electric Accessories,Item_12_CEA,21.5,2,43,Cash,Online,5/6/2024,FALSE
TXN_4187658,CUST_06,Computers And Electric Accessories,Item_15_CEA,26,10,260,Digital Wallet,Online,17/07/2023,TRUE
TXN_7222682,CUST_16,Butchers,Item_16_BUT,27.5,6,165,Credit Card,Online,24/03/2022,FALSE
TXN_1702935,CUST_04,Electric Household Essentials,Item_5_EHE,11,9,99,Cash,In-Store,28/05/2023,FALSE
TXN_9888265,CUST_18,Butchers,Item_15_BUT,26,7,182,Digital Wallet,Online,9/8/2022,FALSE
TXN_2084124,CUST_09,Electric Household Essentials,Item_11_EHE,20,4,80,Credit Card,Online,5/2/2024,TRUE
TXN_3622835,CUST_10,Furniture,Item_10_FUR,18.5,3,55.5,Cash,Online,15/04/2024,TRUE
TXN_9857360,CUST_05,Patisserie,Item_19_PAT,32,10,320,Digital Wallet,In-Store,17/05/2024,FALSE
TXN_6575376,CUST_08,Butchers,Item_23_BUT,38,10,380,Cash,Online,2/9/2023,TRUE
TXN_6943486,CUST_09,Food,Item_6_FOOD,12.5,3,37.5,Digital Wallet,In-Store,17/01/2025,TRUE
TXN_7081603,CUST_15,Butchers,Item_14_BUT,24.5,3,73.5,Digital Wallet,In-Store,24/07/2022,TRUE
TXN_8836671,CUST_15,Milk Products,Item_24_MILK,39.5,5,197.5,Credit Card,Online,11/11/2024,TRUE
TXN_3496091,CUST_17,Milk Products,Item_22_MILK,36.5,7,255.5,Cash,In-Store,3/1/2023,TRUE
TXN_9743568,CUST_25,Butchers,Item_2_BUT,6.5,3,19.5,Digital Wallet,In-Store,23/10/2024,FALSE
TXN_6271863,CUST_15,Furniture,Item_25_FUR,41,4,164,Credit Card,In-Store,26/11/2023,TRUE
TXN_3665903,CUST_21,Computers And Electric Accessories,Item_12_CEA,21.5,3,64.5,Digital Wallet,Online,6/2/2023,TRUE
TXN_6656161,CUST_09,Butchers,Item_21_BUT,35,6,210,Digital Wallet,In-Store,23/12/2023,TRUE
TXN_5373853,CUST_13,Patisserie,Item_15_PAT,26,5,130,Credit Card,Online,12/9/2024,FALSE
TXN_8380333,CUST_23,Beverages,Item_6_BEV,12.5,6,75,Cash,In-Store,5/2/2022,FALSE
TXN_5571349,CUST_10,Electric Household Essentials,Item_25_EHE,41,8,328,Digital Wallet,Online,28/02/2022,FALSE
TXN_9019672,CUST_10,Patisserie,Item_19_PAT,32,3,96,Cash,Online,15/09/2024,FALSE
TXN_2985304,CUST_19,Milk Products,Item_1_MILK,5,1,5,Cash,Online,26/02/2022,TRUE
TXN_8673519,CUST_09,Beverages,Item_15_BEV,26,7,182,Credit Card,In-Store,16/01/2023,TRUE
TXN_2983912,CUST_23,Beverages,Item_7_BEV,14,5,70,Cash,In-Store,22/06/2024,TRUE
TXN_3414846,CUST_23,Electric Household Essentials,Item_13_EHE,23,10,230,Cash,In-Store,24/11/2022,FALSE
TXN_2329426,CUST_22,Electric Household Essentials,Item_20_EHE,33.5,9,301.5,Cash,Online,29/04/2024,TRUE
TXN_8190713,CUST_02,Food,Item_12_FOOD,21.5,4,86,Cash,Online,9/6/2024,FALSE
TXN_3992626,CUST_11,Butchers,Item_9_BUT,17,5,85,Credit Card,Online,30/08/2022,FALSE
TXN_7771546,CUST_13,Computers And Electric Accessories,Item_5_CEA,11,3,33,Digital Wallet,Online,11/11/2023,TRUE
TXN_6678768,CUST_17,Milk Products,Item_11_MILK,20,9,180,Credit Card,In-Store,24/10/2022,FALSE
TXN_3219474,CUST_10,Beverages,Item_12_BEV,21.5,9,193.5,Credit Card,In-Store,28/12/2024,TRUE
TXN_3005655,CUST_01,Beverages,Item_15_BEV,26,7,182,Digital Wallet,Online,23/07/2023,TRUE
TXN_5646436,CUST_16,Butchers,Item_15_BUT,26,2,52,Credit Card,In-Store,17/01/2023,TRUE
TXN_8848656,CUST_14,Butchers,Item_6_BUT,12.5,3,37.5,Digital Wallet,In-Store,1/6/2023,TRUE
TXN_8300194,CUST_09,Food,Item_11_FOOD,20,8,160,Cash,Online,22/05/2022,FALSE
TXN_6135005,CUST_02,Beverages,Item_17_BEV,29,7,203,Cash,Online,12/2/2024,FALSE
TXN_9929027,CUST_14,Food,Item_6_FOOD,12.5,5,62.5,Cash,In-Store,18/06/2024,FALSE
TXN_1908642,CUST_05,Patisserie,Item_15_PAT,26,2,52,Credit Card,In-Store,8/3/2024,TRUE
TXN_9234343,CUST_01,Electric Household Essentials,Item_14_EHE,24.5,7,171.5,Digital Wallet,In-Store,4/8/2022,TRUE
TXN_9496210,CUST_07,Computers And Electric Accessories,Item_17_CEA,29,8,232,Cash,Online,10/4/2024,FALSE
TXN_7405636,CUST_18,Food,Item_20_FOOD,33.5,7,234.5,Cash,In-Store,12/9/2023,FALSE
TXN_4502266,CUST_05,Computers And Electric Accessories,Item_1_CEA,5,5,25,Credit Card,Online,20/08/2024,FALSE
TXN_9283748,CUST_16,Patisserie,Item_16_PAT,27.5,6,165,Cash,In-Store,1/6/2023,FALSE
TXN_1503110,CUST_07,Computers And Electric Accessories,Item_8_CEA,15.5,1,15.5,Digital Wallet,In-Store,9/8/2024,TRUE
TXN_1744774,CUST_22,Milk Products,Item_18_MILK,30.5,8,244,Digital Wallet,Online,19/05/2022,TRUE
TXN_4464022,CUST_01,Food,Item_6_FOOD,12.5,9,112.5,Credit Card,Online,9/1/2024,FALSE
TXN_3360543,CUST_02,Food,Item_8_FOOD,15.5,9,139.5,Cash,In-Store,6/7/2024,FALSE
TXN_7607001,CUST_11,Computers And Electric Accessories,Item_2_CEA,6.5,9,58.5,Digital Wallet,Online,18/05/2022,FALSE
TXN_7342615,CUST_15,Beverages,Item_2_BEV,6.5,2,13,Digital Wallet,Online,9/2/2024,FALSE
TXN_7093524,CUST_13,Patisserie,Item_3_PAT,8,1,8,Digital Wallet,In-Store,23/10/2023,TRUE
TXN_8517307,CUST_17,Patisserie,Item_25_PAT,41,7,287,Credit Card,In-Store,4/10/2024,FALSE
TXN_8361498,CUST_14,Food,Item_8_FOOD,15.5,5,77.5,Credit Card,Online,29/10/2022,FALSE
TXN_3809198,CUST_06,Beverages,Item_17_BEV,29,8,232,Digital Wallet,Online,2/2/2023,FALSE
TXN_4078909,CUST_15,Electric Household Essentials,Item_20_EHE,33.5,2,67,Digital Wallet,In-Store,8/1/2022,FALSE
TXN_4578696,CUST_05,Computers And Electric Accessories,Item_14_CEA,24.5,5,122.5,Credit Card,Online,6/4/2024,TRUE
TXN_8520280,CUST_23,Patisserie,Item_23_PAT,38,1,38,Digital Wallet,In-Store,25/01/2023,TRUE
TXN_7781357,CUST_24,Electric Household Essentials,Item_1_EHE,5,1,5,Digital Wallet,Online,22/03/2022,TRUE
TXN_5396734,CUST_03,Butchers,Item_16_BUT,27.5,9,247.5,Digital Wallet,Online,24/06/2024,FALSE
TXN_9515378,CUST_09,Butchers,Item_5_BUT,11,6,66,Credit Card,Online,23/01/2022,TRUE
TXN_4290895,CUST_13,Computers And Electric Accessories,Item_11_CEA,20,8,160,Cash,Online,18/01/2023,FALSE
TXN_7035534,CUST_01,Furniture,Item_22_FUR,36.5,7,255.5,Cash,Online,29/09/2022,TRUE
TXN_6595410,CUST_25,Electric Household Essentials,Item_5_EHE,11,4,44,Digital Wallet,In-Store,16/08/2022,TRUE
TXN_8512354,CUST_23,Milk Products,Item_22_MILK,36.5,3,109.5,Digital Wallet,In-Store,4/12/2023,FALSE
TXN_1927837,CUST_14,Electric Household Essentials,Item_2_EHE,6.5,4,26,Cash,In-Store,27/05/2023,FALSE
TXN_3535824,CUST_02,Computers And Electric Accessories,Item_20_CEA,33.5,5,167.5,Cash,Online,16/11/2024,TRUE
TXN_5543371,CUST_15,Milk Products,Item_9_MILK,17,4,68,Credit Card,Online,28/03/2024,TRUE
TXN_2745420,CUST_09,Computers And Electric Accessories,Item_1_CEA,5,3,15,Digital Wallet,In-Store,12/8/2024,TRUE
TXN_6836178,CUST_18,Milk Products,Item_8_MILK,15.5,6,93,Cash,Online,27/05/2022,FALSE
TXN_7595317,CUST_06,Milk Products,Item_2_MILK,6.5,6,39,Credit Card,In-Store,12/5/2022,FALSE
TXN_8887696,CUST_10,Butchers,Item_24_BUT,39.5,1,39.5,Cash,In-Store,8/7/2023,FALSE
TXN_1598935,CUST_11,Computers And Electric Accessories,Item_6_CEA,12.5,10,125,Digital Wallet,Online,6/4/2024,FALSE
TXN_3155343,CUST_18,Furniture,Item_11_FUR,20,9,180,Digital Wallet,In-Store,13/07/2023,FALSE
TXN_9754923,CUST_14,Food,Item_20_FOOD,33.5,6,201,Cash,Online,14/02/2023,TRUE
TXN_1245088,CUST_07,Beverages,Item_17_BEV,29,6,174,Digital Wallet,In-Store,4/3/2024,FALSE
TXN_5233832,CUST_23,Butchers,Item_24_BUT,39.5,6,237,Cash,Online,25/03/2023,FALSE
TXN_7622447,CUST_03,Milk Products,Item_20_MILK,33.5,10,335,Cash,Online,14/04/2023,FALSE
TXN_5200656,CUST_20,Food,Item_17_FOOD,29,10,290,Digital Wallet,Online,8/1/2023,FALSE
TXN_2752244,CUST_20,Computers And Electric Accessories,Item_17_CEA,29,6,174,Cash,In-Store,11/1/2023,TRUE
TXN_1820377,CUST_15,Patisserie,Item_11_PAT,20,7,140,Digital Wallet,In-Store,3/1/2024,TRUE
TXN_6679357,CUST_06,Patisserie,Item_17_PAT,29,9,261,Credit Card,In-Store,18/05/2024,FALSE
TXN_3476954,CUST_23,Butchers,Item_5_BUT,11,6,66,Credit Card,In-Store,3/5/2024,TRUE
TXN_8867982,CUST_18,Food,Item_21_FOOD,35,8,280,Credit Card,Online,1/11/2022,FALSE
TXN_5528637,CUST_22,Patisserie,Item_20_PAT,33.5,10,335,Cash,Online,22/02/2023,FALSE
TXN_6083342,CUST_13,Beverages,Item_2_BEV,6.5,6,39,Credit Card,In-Store,16/09/2024,FALSE
TXN_6900977,CUST_13,Beverages,Item_16_BEV,27.5,7,192.5,Cash,Online,26/01/2022,FALSE
TXN_7325981,CUST_06,Butchers,Item_22_BUT,36.5,7,255.5,Digital Wallet,In-Store,10/8/2022,FALSE
TXN_7954030,CUST_21,Furniture,Item_6_FUR,12.5,9,112.5,Digital Wallet,Online,5/10/2024,TRUE
TXN_2143497,CUST_13,Electric Household Essentials,Item_18_EHE,30.5,10,305,Cash,In-Store,28/10/2023,FALSE
TXN_1972818,CUST_01,Beverages,Item_22_BEV,36.5,4,146,Credit Card,In-Store,18/10/2023,FALSE
TXN_6451411,CUST_22,Milk Products,Item_2_MILK,6.5,6,39,Credit Card,In-Store,31/12/2023,FALSE
TXN_9220270,CUST_19,Furniture,Item_8_FUR,15.5,10,155,Digital Wallet,In-Store,24/12/2024,TRUE
TXN_2621955,CUST_06,Butchers,Item_11_BUT,20,4,80,Digital Wallet,In-Store,21/08/2024,TRUE
TXN_4428473,CUST_04,Electric Household Essentials,Item_25_EHE,41,10,410,Digital Wallet,In-Store,28/07/2022,TRUE
TXN_9773944,CUST_24,Milk Products,Item_14_MILK,24.5,5,122.5,Cash,In-Store,21/10/2023,FALSE
TXN_9957726,CUST_25,Butchers,Item_12_BUT,21.5,1,21.5,Digital Wallet,In-Store,22/06/2022,FALSE
TXN_1472126,CUST_19,Food,Item_21_FOOD,35,5,175,Credit Card,Online,10/7/2023,FALSE
TXN_5843541,CUST_10,Patisserie,Item_6_PAT,12.5,8,100,Credit Card,In-Store,4/12/2023,FALSE
TXN_5700321,CUST_09,Computers And Electric Accessories,Item_13_CEA,23,7,161,Cash,In-Store,25/08/2022,TRUE
TXN_5313408,CUST_04,Food,Item_9_FOOD,17,3,51,Credit Card,In-Store,4/12/2023,TRUE
TXN_5557152,CUST_06,Food,Item_9_FOOD,17,7,119,Credit Card,Online,9/11/2022,FALSE
TXN_2796969,CUST_08,Electric Household Essentials,Item_4_EHE,9.5,9,85.5,Cash,Online,16/12/2023,FALSE
TXN_7915725,CUST_15,Butchers,Item_17_BUT,29,9,261,Credit Card,In-Store,25/08/2022,FALSE
TXN_7023913,CUST_02,Electric Household Essentials,Item_2_EHE,6.5,6,39,Digital Wallet,Online,15/10/2023,TRUE
TXN_9491535,CUST_04,Electric Household Essentials,Item_13_EHE,23,4,92,Credit Card,Online,17/02/2023,TRUE
TXN_6484421,CUST_08,Food,Item_6_FOOD,12.5,9,112.5,Digital Wallet,In-Store,6/11/2022,FALSE
TXN_7236522,CUST_03,Electric Household Essentials,Item_11_EHE,20,9,180,Digital Wallet,Online,18/09/2022,FALSE
TXN_4491503,CUST_10,Milk Products,Item_23_MILK,38,2,76,Digital Wallet,In-Store,31/05/2024,FALSE
TXN_8449990,CUST_12,Butchers,Item_20_BUT,33.5,3,100.5,Digital Wallet,In-Store,2/1/2025,TRUE
TXN_2458089,CUST_16,Butchers,Item_5_BUT,11,8,88,Credit Card,In-Store,23/10/2023,FALSE
TXN_4996657,CUST_12,Food,Item_6_FOOD,12.5,6,75,Digital Wallet,Online,31/07/2022,FALSE
TXN_6710021,CUST_02,Furniture,Item_9_FUR,17,7,119,Credit Card,Online,21/05/2022,TRUE
TXN_4270988,CUST_13,Milk Products,Item_23_MILK,38,1,38,Cash,Online,27/09/2023,TRUE
TXN_6820010,CUST_19,Milk Products,Item_22_MILK,36.5,1,36.5,Digital Wallet,Online,29/09/2024,FALSE
TXN_4068594,CUST_24,Computers And Electric Accessories,Item_13_CEA,23,3,69,Cash,Online,18/01/2022,TRUE
TXN_3865439,CUST_12,Milk Products,Item_8_MILK,15.5,8,124,Digital Wallet,In-Store,4/5/2024,FALSE
TXN_3992566,CUST_03,Beverages,Item_19_BEV,32,8,256,Cash,In-Store,14/05/2024,FALSE
TXN_8206691,CUST_06,Electric Household Essentials,Item_2_EHE,6.5,2,13,Credit Card,Online,1/7/2022,TRUE
TXN_2277445,CUST_20,Milk Products,Item_24_MILK,39.5,3,118.5,Digital Wallet,Online,14/05/2022,TRUE
TXN_4126711,CUST_15,Butchers,Item_20_BUT,33.5,9,301.5,Digital Wallet,In-Store,9/7/2023,TRUE
TXN_2663819,CUST_08,Food,Item_13_FOOD,23,10,230,Credit Card,In-Store,31/03/2024,TRUE
TXN_3026219,CUST_02,Electric Household Essentials,Item_18_EHE,30.5,4,122,Credit Card,In-Store,18/08/2023,FALSE
TXN_5401881,CUST_22,Beverages,Item_10_BEV,18.5,4,74,Cash,In-Store,13/06/2022,FALSE
TXN_8977030,CUST_09,Beverages,Item_12_BEV,21.5,5,107.5,Cash,Online,22/11/2023,TRUE
TXN_6891125,CUST_03,Electric Household Essentials,Item_8_EHE,15.5,9,139.5,Digital Wallet,In-Store,16/01/2024,FALSE
TXN_1564062,CUST_17,Computers And Electric Accessories,Item_15_CEA,26,5,130,Cash,Online,28/04/2023,TRUE
TXN_4671284,CUST_25,Computers And Electric Accessories,Item_6_CEA,12.5,9,112.5,Cash,In-Store,7/12/2023,FALSE
TXN_4034624,CUST_09,Patisserie,Item_19_PAT,32,4,128,Cash,Online,23/12/2023,FALSE
TXN_2409789,CUST_20,Beverages,Item_11_BEV,20,6,120,Credit Card,In-Store,15/06/2023,TRUE
TXN_2219980,CUST_05,Patisserie,Item_14_PAT,24.5,5,122.5,Digital Wallet,In-Store,5/12/2024,FALSE
TXN_3845165,CUST_10,Computers And Electric Accessories,Item_16_CEA,27.5,10,275,Cash,Online,21/11/2022,TRUE
TXN_6494793,CUST_01,Computers And Electric Accessories,Item_22_CEA,36.5,7,255.5,Digital Wallet,Online,16/07/2023,FALSE
TXN_9026058,CUST_01,Food,Item_9_FOOD,17,8,136,Digital Wallet,In-Store,12/12/2024,TRUE
TXN_2569890,CUST_22,Electric Household Essentials,Item_13_EHE,23,8,184,Digital Wallet,Online,19/09/2024,FALSE
TXN_2543221,CUST_12,Milk Products,Item_16_MILK,27.5,5,137.5,Credit Card,In-Store,16/02/2023,TRUE
TXN_7534544,CUST_03,Butchers,Item_11_BUT,20,1,20,Digital Wallet,Online,14/08/2022,FALSE
TXN_3608682,CUST_24,Computers And Electric Accessories,Item_2_CEA,6.5,1,6.5,Cash,In-Store,25/07/2024,TRUE
TXN_9404072,CUST_10,Electric Household Essentials,Item_6_EHE,12.5,4,50,Credit Card,Online,5/5/2022,FALSE
TXN_6765122,CUST_10,Furniture,Item_6_FUR,12.5,4,50,Credit Card,In-Store,5/1/2025,FALSE
TXN_2197774,CUST_04,Food,Item_20_FOOD,33.5,5,167.5,Credit Card,Online,25/07/2023,FALSE
TXN_3816500,CUST_07,Food,Item_3_FOOD,8,8,64,Digital Wallet,Online,16/02/2022,TRUE
TXN_4356714,CUST_23,Computers And Electric Accessories,Item_6_CEA,12.5,8,100,Cash,Online,24/11/2023,TRUE
TXN_7888046,CUST_24,Milk Products,Item_22_MILK,36.5,3,109.5,Digital Wallet,In-Store,22/10/2023,FALSE
TXN_4506615,CUST_10,Butchers,Item_12_BUT,21.5,3,64.5,Credit Card,In-Store,29/05/2022,FALSE
TXN_3878711,CUST_21,Beverages,Item_22_BEV,36.5,5,182.5,Cash,In-Store,22/07/2022,TRUE
TXN_2285773,CUST_04,Computers And Electric Accessories,Item_5_CEA,11,4,44,Digital Wallet,In-Store,26/05/2024,TRUE
TXN_8715500,CUST_03,Computers And Electric Accessories,Item_9_CEA,17,10,170,Credit Card,Online,18/02/2023,TRUE
TXN_5384743,CUST_19,Electric Household Essentials,Item_19_EHE,32,8,256,Credit Card,Online,8/4/2024,FALSE
TXN_6483370,CUST_25,Food,Item_21_FOOD,35,2,70,Credit Card,Online,21/06/2023,FALSE
TXN_9026093,CUST_21,Computers And Electric Accessories,Item_14_CEA,24.5,1,24.5,Cash,Online,4/1/2024,TRUE
TXN_8845178,CUST_15,Furniture,Item_15_FUR,26,3,78,Digital Wallet,In-Store,16/09/2023,FALSE
TXN_4862103,CUST_10,Butchers,Item_13_BUT,23,10,230,Credit Card,Online,25/10/2022,TRUE
TXN_7017227,CUST_23,Butchers,Item_19_BUT,32,10,320,Cash,In-Store,2/7/2024,FALSE
TXN_4399010,CUST_11,Electric Household Essentials,Item_25_EHE,41,4,164,Digital Wallet,Online,21/09/2023,FALSE
TXN_9532815,CUST_17,Milk Products,Item_6_MILK,12.5,6,75,Credit Card,Online,25/12/2023,TRUE
TXN_9575437,CUST_02,Milk Products,Item_24_MILK,39.5,10,395,Credit Card,Online,23/02/2023,FALSE
TXN_4691878,CUST_10,Furniture,Item_25_FUR,41,3,123,Cash,Online,11/2/2024,TRUE
TXN_4361393,CUST_21,Patisserie,Item_9_PAT,17,6,102,Cash,Online,14/12/2024,FALSE
TXN_8356888,CUST_08,Beverages,Item_14_BEV,24.5,6,147,Credit Card,Online,2/11/2023,TRUE
TXN_6362597,CUST_22,Computers And Electric Accessories,Item_15_CEA,26,2,52,Credit Card,In-Store,5/2/2023,TRUE
TXN_6886294,CUST_16,Milk Products,Item_16_MILK,27.5,3,82.5,Digital Wallet,Online,30/10/2023,TRUE
TXN_7472179,CUST_04,Electric Household Essentials,Item_8_EHE,15.5,2,31,Digital Wallet,Online,14/04/2022,TRUE
TXN_7254503,CUST_21,Patisserie,Item_4_PAT,9.5,6,57,Cash,Online,31/12/2024,FALSE
TXN_4288023,CUST_06,Furniture,Item_19_FUR,32,1,32,Cash,In-Store,4/5/2023,TRUE
TXN_6845708,CUST_13,Butchers,Item_2_BUT,6.5,6,39,Digital Wallet,Online,18/07/2024,TRUE
TXN_4943330,CUST_07,Beverages,Item_23_BEV,38,9,342,Digital Wallet,In-Store,14/07/2023,TRUE
TXN_3789637,CUST_20,Beverages,Item_20_BEV,33.5,4,134,Cash,Online,4/2/2024,FALSE
TXN_2012777,CUST_12,Furniture,Item_10_FUR,18.5,6,111,Cash,In-Store,5/4/2023,TRUE
TXN_4295746,CUST_11,Electric Household Essentials,Item_23_EHE,38,3,114,Digital Wallet,Online,3/5/2023,TRUE
TXN_8588500,CUST_17,Food,Item_20_FOOD,33.5,1,33.5,Digital Wallet,Online,22/09/2024,TRUE
TXN_7320060,CUST_06,Food,Item_8_FOOD,15.5,4,62,Cash,Online,6/7/2022,FALSE
TXN_7095216,CUST_15,Patisserie,Item_20_PAT,33.5,1,33.5,Digital Wallet,In-Store,24/05/2023,FALSE
TXN_2379337,CUST_15,Milk Products,Item_18_MILK,30.5,8,244,Digital Wallet,In-Store,21/11/2023,TRUE
TXN_8314850,CUST_06,Butchers,Item_4_BUT,9.5,1,9.5,Digital Wallet,Online,20/05/2023,TRUE
TXN_9341645,CUST_02,Food,Item_13_FOOD,23,5,115,Digital Wallet,In-Store,21/05/2023,TRUE
TXN_2226551,CUST_24,Electric Household Essentials,Item_20_EHE,33.5,4,134,Digital Wallet,Online,27/08/2022,TRUE
TXN_8315289,CUST_02,Electric Household Essentials,Item_11_EHE,20,6,120,Cash,In-Store,2/7/2023,TRUE
TXN_7078608,CUST_19,Electric Household Essentials,Item_9_EHE,17,10,170,Credit Card,In-Store,2/9/2022,TRUE
TXN_8971441,CUST_23,Furniture,Item_5_FUR,11,2,22,Credit Card,In-Store,27/11/2024,TRUE
TXN_7101949,CUST_22,Butchers,Item_14_BUT,24.5,7,171.5,Credit Card,Online,12/5/2024,TRUE
TXN_3301108,CUST_19,Food,Item_13_FOOD,23,4,92,Cash,In-Store,22/12/2024,TRUE
TXN_4893741,CUST_02,Patisserie,Item_18_PAT,30.5,1,30.5,Digital Wallet,Online,8/1/2025,TRUE
TXN_1664534,CUST_13,Milk Products,Item_4_MILK,9.5,3,28.5,Credit Card,Online,4/4/2023,TRUE
TXN_2791670,CUST_04,Food,Item_5_FOOD,11,4,44,Credit Card,In-Store,20/06/2022,TRUE
TXN_1265326,CUST_17,Furniture,Item_8_FUR,15.5,9,139.5,Cash,In-Store,22/04/2024,TRUE
TXN_4176409,CUST_20,Butchers,Item_4_BUT,9.5,2,19,Cash,Online,12/1/2023,FALSE
TXN_3199773,CUST_18,Beverages,Item_4_BEV,9.5,6,57,Credit Card,Online,7/12/2024,FALSE
TXN_6450000,CUST_06,Patisserie,Item_23_PAT,38,10,380,Cash,In-Store,2/1/2022,TRUE
TXN_3644047,CUST_22,Furniture,Item_19_FUR,32,3,96,Digital Wallet,Online,5/7/2022,FALSE
TXN_4975288,CUST_13,Patisserie,Item_17_PAT,29,7,203,Digital Wallet,In-Store,7/6/2024,FALSE
TXN_5948038,CUST_06,Computers And Electric Accessories,Item_17_CEA,29,1,29,Credit Card,Online,15/04/2023,FALSE
TXN_5217409,CUST_22,Milk Products,Item_25_MILK,41,1,41,Cash,In-Store,9/12/2023,TRUE
TXN_3950585,CUST_18,Beverages,Item_21_BEV,35,8,280,Credit Card,Online,14/02/2023,TRUE
TXN_6984733,CUST_16,Furniture,Item_25_FUR,41,1,41,Cash,Online,9/6/2023,FALSE
TXN_8078608,CUST_07,Computers And Electric Accessories,Item_6_CEA,12.5,2,25,Credit Card,Online,8/8/2022,TRUE
TXN_9915285,CUST_05,Furniture,Item_16_FUR,27.5,10,275,Cash,In-Store,14/01/2022,TRUE
TXN_2390056,CUST_04,Food,Item_14_FOOD,24.5,7,171.5,Credit Card,Online,17/11/2024,TRUE
TXN_9355349,CUST_19,Butchers,Item_12_BUT,21.5,4,86,Cash,Online,3/8/2022,FALSE
TXN_8955481,CUST_07,Furniture,Item_7_FUR,14,9,126,Credit Card,In-Store,25/05/2024,FALSE
TXN_6784148,CUST_07,Computers And Electric Accessories,Item_25_CEA,41,6,246,Cash,Online,12/5/2023,FALSE
TXN_2021252,CUST_09,Food,Item_18_FOOD,30.5,1,30.5,Credit Card,In-Store,15/01/2025,TRUE
TXN_5819222,CUST_14,Milk Products,Item_20_MILK,33.5,1,33.5,Credit Card,In-Store,10/6/2022,TRUE
TXN_7115676,CUST_18,Food,Item_12_FOOD,21.5,10,215,Digital Wallet,In-Store,31/01/2023,FALSE
TXN_8879706,CUST_15,Patisserie,Item_16_PAT,27.5,8,220,Credit Card,In-Store,26/12/2024,TRUE
TXN_4299947,CUST_18,Butchers,Item_23_BUT,38,4,152,Digital Wallet,Online,15/05/2023,FALSE
TXN_4926679,CUST_05,Computers And Electric Accessories,Item_18_CEA,30.5,6,183,Cash,Online,5/6/2024,FALSE
TXN_6167313,CUST_17,Food,Item_25_FOOD,41,4,164,Digital Wallet,In-Store,12/1/2025,TRUE
TXN_4287814,CUST_06,Electric Household Essentials,Item_8_EHE,15.5,1,15.5,Cash,In-Store,31/10/2023,FALSE
TXN_2245991,CUST_16,Electric Household Essentials,Item_1_EHE,5,7,35,Cash,In-Store,23/03/2022,TRUE
TXN_4014378,CUST_09,Computers And Electric Accessories,Item_21_CEA,35,5,175,Cash,Online,9/7/2023,FALSE
TXN_5261729,CUST_02,Computers And Electric Accessories,Item_21_CEA,35,10,350,Cash,Online,21/06/2024,FALSE
TXN_5328500,CUST_18,Patisserie,Item_14_PAT,24.5,6,147,Cash,In-Store,11/2/2024,FALSE
TXN_2994824,CUST_16,Patisserie,Item_13_PAT,23,3,69,Cash,In-Store,13/12/2023,TRUE
TXN_2032102,CUST_03,Patisserie,Item_23_PAT,38,7,266,Cash,Online,8/6/2024,FALSE
TXN_9950024,CUST_08,Electric Household Essentials,Item_16_EHE,27.5,6,165,Credit Card,Online,28/06/2024,TRUE
TXN_5391688,CUST_01,Electric Household Essentials,Item_8_EHE,15.5,3,46.5,Cash,Online,24/12/2023,TRUE
TXN_3777133,CUST_06,Butchers,Item_14_BUT,24.5,4,98,Cash,Online,13/11/2024,TRUE
TXN_7737340,CUST_22,Computers And Electric Accessories,Item_20_CEA,33.5,10,335,Credit Card,Online,31/07/2024,TRUE
TXN_4902630,CUST_23,Electric Household Essentials,Item_6_EHE,12.5,8,100,Cash,In-Store,20/02/2022,FALSE
TXN_4129849,CUST_16,Beverages,Item_14_BEV,24.5,9,220.5,Cash,Online,4/2/2022,FALSE
TXN_1138768,CUST_12,Computers And Electric Accessories,Item_14_CEA,24.5,8,196,Cash,Online,9/3/2022,FALSE
TXN_7068908,CUST_14,Electric Household Essentials,Item_10_EHE,18.5,6,111,Credit Card,Online,25/10/2022,FALSE
TXN_1354152,CUST_17,Food,Item_6_FOOD,12.5,2,25,Credit Card,Online,6/6/2024,FALSE
TXN_2853011,CUST_05,Furniture,Item_15_FUR,26,10,260,Credit Card,Online,3/6/2023,TRUE
TXN_4468083,CUST_14,Electric Household Essentials,Item_9_EHE,17,10,170,Credit Card,Online,30/06/2022,FALSE
TXN_9044453,CUST_01,Patisserie,Item_1_PAT,5,2,10,Cash,In-Store,6/10/2024,TRUE
TXN_7124851,CUST_19,Patisserie,Item_19_PAT,32,6,192,Credit Card,Online,9/1/2022,TRUE
TXN_7912681,CUST_02,Furniture,Item_20_FUR,33.5,5,167.5,Credit Card,In-Store,5/5/2023,TRUE
TXN_9002809,CUST_23,Food,Item_12_FOOD,21.5,7,150.5,Digital Wallet,In-Store,4/9/2023,TRUE
TXN_6279943,CUST_23,Food,Item_18_FOOD,30.5,3,91.5,Credit Card,In-Store,10/6/2023,TRUE
TXN_4299562,CUST_06,Milk Products,Item_24_MILK,39.5,6,237,Digital Wallet,Online,22/05/2023,FALSE
TXN_5047057,CUST_10,Butchers,Item_8_BUT,15.5,1,15.5,Cash,In-Store,2/5/2024,FALSE
TXN_6703348,CUST_08,Food,Item_18_FOOD,30.5,6,183,Cash,In-Store,26/10/2024,FALSE
TXN_7487176,CUST_23,Milk Products,Item_2_MILK,6.5,10,65,Credit Card,In-Store,21/10/2022,FALSE
TXN_9483255,CUST_23,Electric Household Essentials,Item_17_EHE,29,9,261,Credit Card,In-Store,20/04/2023,TRUE
TXN_8238998,CUST_03,Electric Household Essentials,Item_15_EHE,26,9,234,Credit Card,In-Store,30/05/2022,FALSE
TXN_6523729,CUST_14,Furniture,Item_5_FUR,11,10,110,Credit Card,In-Store,14/06/2024,FALSE
TXN_2234295,CUST_04,Patisserie,Item_10_PAT,18.5,7,129.5,Digital Wallet,In-Store,6/5/2024,TRUE
TXN_2447120,CUST_12,Beverages,Item_15_BEV,26,3,78,Digital Wallet,Online,1/7/2023,FALSE
TXN_3115030,CUST_20,Furniture,Item_23_FUR,38,6,228,Credit Card,Online,11/6/2024,FALSE
TXN_9298154,CUST_23,Patisserie,Item_20_PAT,33.5,9,301.5,Credit Card,Online,26/10/2023,TRUE
TXN_3044362,CUST_01,Computers And Electric Accessories,Item_5_CEA,11,2,22,Digital Wallet,In-Store,11/12/2023,TRUE
TXN_4534054,CUST_25,Food,Item_2_FOOD,6.5,9,58.5,Credit Card,In-Store,21/09/2023,FALSE
TXN_7348487,CUST_10,Computers And Electric Accessories,Item_25_CEA,41,5,205,Cash,Online,16/07/2022,FALSE
TXN_3103409,CUST_16,Milk Products,Item_6_MILK,12.5,2,25,Digital Wallet,Online,28/12/2022,TRUE
TXN_8376407,CUST_02,Milk Products,Item_22_MILK,36.5,8,292,Credit Card,Online,3/4/2024,FALSE
TXN_1354704,CUST_07,Butchers,Item_18_BUT,30.5,8,244,Cash,Online,3/12/2022,FALSE
TXN_8299537,CUST_24,Butchers,Item_15_BUT,26,4,104,Cash,In-Store,5/8/2024,FALSE
TXN_6418246,CUST_20,Furniture,Item_8_FUR,15.5,9,139.5,Digital Wallet,Online,11/11/2022,FALSE
TXN_9027302,CUST_05,Furniture,Item_1_FUR,5,3,15,Cash,Online,26/12/2022,FALSE
TXN_2573164,CUST_04,Furniture,Item_25_FUR,41,3,123,Cash,Online,11/8/2022,TRUE
TXN_7673621,CUST_24,Furniture,Item_12_FUR,21.5,6,129,Credit Card,In-Store,11/2/2023,FALSE
TXN_6717903,CUST_19,Furniture,Item_4_FUR,9.5,2,19,Cash,In-Store,26/05/2022,FALSE
TXN_6280148,CUST_19,Computers And Electric Accessories,Item_13_CEA,23,1,23,Credit Card,Online,25/07/2024,TRUE
TXN_1926590,CUST_13,Computers And Electric Accessories,Item_6_CEA,12.5,9,112.5,Credit Card,Online,12/10/2022,TRUE
TXN_6891915,CUST_11,Butchers,Item_18_BUT,30.5,4,122,Cash,In-Store,4/1/2023,FALSE
TXN_6530329,CUST_10,Computers And Electric Accessories,Item_9_CEA,17,8,136,Digital Wallet,Online,29/04/2024,FALSE
TXN_7583936,CUST_01,Food,Item_4_FOOD,9.5,2,19,Digital Wallet,Online,2/8/2023,TRUE
TXN_4013276,CUST_22,Patisserie,Item_16_PAT,27.5,1,27.5,Credit Card,Online,13/04/2023,TRUE
TXN_7388794,CUST_03,Beverages,Item_12_BEV,21.5,1,21.5,Credit Card,In-Store,6/9/2024,FALSE
TXN_9976541,CUST_04,Patisserie,Item_8_PAT,15.5,3,46.5,Cash,Online,22/02/2023,TRUE
TXN_5239863,CUST_21,Furniture,Item_25_FUR,41,8,328,Digital Wallet,In-Store,22/12/2024,FALSE
TXN_9471719,CUST_15,Furniture,Item_19_FUR,32,5,160,Credit Card,Online,9/11/2024,FALSE
TXN_4657405,CUST_14,Beverages,Item_12_BEV,21.5,3,64.5,Cash,Online,7/10/2024,TRUE
TXN_1610590,CUST_03,Butchers,Item_22_BUT,36.5,10,365,Cash,In-Store,14/01/2023,FALSE
TXN_5554317,CUST_14,Beverages,Item_6_BEV,12.5,4,50,Digital Wallet,Online,10/3/2022,FALSE
TXN_1360556,CUST_01,Patisserie,Item_20_PAT,33.5,8,268,Cash,In-Store,12/1/2024,FALSE
TXN_7020339,CUST_18,Beverages,Item_2_BEV,6.5,3,19.5,Digital Wallet,Online,19/06/2024,TRUE
TXN_2198875,CUST_09,Patisserie,Item_4_PAT,9.5,2,19,Cash,Online,31/05/2023,TRUE
TXN_6867504,CUST_04,Computers And Electric Accessories,Item_7_CEA,14,2,28,Digital Wallet,Online,30/10/2023,TRUE
TXN_2232426,CUST_22,Patisserie,Item_25_PAT,41,6,246,Cash,In-Store,12/5/2022,TRUE
TXN_2739401,CUST_15,Food,Item_18_FOOD,30.5,3,91.5,Cash,In-Store,16/04/2023,FALSE
TXN_5292313,CUST_16,Butchers,Item_19_BUT,32,8,256,Cash,Online,26/11/2023,TRUE
TXN_6321793,CUST_24,Electric Household Essentials,Item_13_EHE,23,6,138,Cash,Online,15/05/2024,TRUE
TXN_8274832,CUST_10,Computers And Electric Accessories,Item_17_CEA,29,10,290,Digital Wallet,Online,22/02/2022,TRUE
TXN_5035545,CUST_04,Butchers,Item_7_BUT,14,3,42,Cash,In-Store,5/9/2022,TRUE
TXN_8313334,CUST_03,Butchers,Item_3_BUT,8,5,40,Credit Card,In-Store,23/09/2022,TRUE
TXN_1408851,CUST_20,Computers And Electric Accessories,Item_13_CEA,23,1,23,Cash,Online,13/08/2024,TRUE
TXN_5701048,CUST_08,Butchers,Item_3_BUT,8,5,40,Cash,Online,17/08/2024,FALSE
TXN_3706741,CUST_06,Food,Item_11_FOOD,20,3,60,Cash,Online,10/3/2024,TRUE
TXN_3703564,CUST_22,Patisserie,Item_12_PAT,21.5,10,215,Credit Card,In-Store,18/02/2022,FALSE
TXN_7157916,CUST_25,Electric Household Essentials,Item_16_EHE,27.5,4,110,Digital Wallet,In-Store,24/09/2023,FALSE
TXN_1091915,CUST_01,Patisserie,Item_22_PAT,36.5,4,146,Credit Card,Online,16/07/2023,FALSE
TXN_8603145,CUST_15,Electric Household Essentials,Item_5_EHE,11,2,22,Digital Wallet,In-Store,15/02/2024,FALSE
TXN_1781058,CUST_15,Computers And Electric Accessories,Item_21_CEA,35,5,175,Credit Card,Online,14/10/2024,FALSE
TXN_5277569,CUST_09,Patisserie,Item_5_PAT,11,4,44,Credit Card,Online,16/11/2024,TRUE
TXN_8363763,CUST_05,Milk Products,Item_16_MILK,27.5,3,82.5,Digital Wallet,In-Store,10/1/2023,FALSE
TXN_5063217,CUST_03,Patisserie,Item_5_PAT,11,6,66,Digital Wallet,In-Store,12/6/2023,TRUE
TXN_3152795,CUST_10,Milk Products,Item_21_MILK,35,6,210,Digital Wallet,Online,14/08/2023,TRUE
TXN_9312667,CUST_14,Milk Products,Item_14_MILK,24.5,8,196,Cash,In-Store,27/01/2022,TRUE
TXN_5531182,CUST_06,Furniture,Item_11_FUR,20,3,60,Credit Card,In-Store,13/06/2022,TRUE
TXN_9687417,CUST_02,Beverages,Item_4_BEV,9.5,5,47.5,Digital Wallet,In-Store,20/03/2023,TRUE
TXN_6893397,CUST_08,Computers And Electric Accessories,Item_2_CEA,6.5,9,58.5,Digital Wallet,Online,18/11/2023,TRUE
TXN_7852936,CUST_01,Patisserie,Item_6_PAT,12.5,5,62.5,Digital Wallet,In-Store,14/12/2022,FALSE
TXN_4689214,CUST_15,Electric Household Essentials,Item_15_EHE,26,9,234,Cash,In-Store,24/12/2023,FALSE
TXN_4663019,CUST_06,Food,Item_18_FOOD,30.5,1,30.5,Credit Card,In-Store,29/11/2022,TRUE
TXN_8837973,CUST_18,Computers And Electric Accessories,Item_23_CEA,38,9,342,Digital Wallet,In-Store,29/12/2024,TRUE
TXN_6633776,CUST_12,Beverages,Item_19_BEV,32,6,192,Credit Card,In-Store,6/7/2023,FALSE
TXN_2694211,CUST_24,Beverages,Item_3_BEV,8,3,24,Credit Card,In-Store,19/02/2023,TRUE
TXN_4030585,CUST_11,Computers And Electric Accessories,Item_1_CEA,5,10,50,Cash,In-Store,4/2/2022,TRUE
TXN_9013787,CUST_19,Patisserie,Item_11_PAT,20,4,80,Cash,In-Store,27/10/2024,FALSE
TXN_9306598,CUST_24,Computers And Electric Accessories,Item_21_CEA,35,10,350,Credit Card,Online,1/9/2022,FALSE
TXN_1877280,CUST_25,Patisserie,Item_9_PAT,17,8,136,Digital Wallet,In-Store,1/9/2023,TRUE
TXN_8849152,CUST_05,Food,Item_12_FOOD,21.5,1,21.5,Cash,Online,15/08/2022,TRUE
TXN_8430322,CUST_01,Patisserie,Item_2_PAT,6.5,10,65,Cash,Online,6/3/2022,FALSE
TXN_2813616,CUST_07,Beverages,Item_20_BEV,33.5,5,167.5,Cash,Online,19/11/2023,TRUE
TXN_9748731,CUST_08,Computers And Electric Accessories,Item_22_CEA,36.5,1,36.5,Digital Wallet,Online,28/11/2024,FALSE
TXN_2427553,CUST_17,Computers And Electric Accessories,Item_23_CEA,38,3,114,Cash,Online,9/3/2023,FALSE
TXN_5091925,CUST_24,Furniture,Item_23_FUR,38,10,380,Cash,In-Store,18/06/2024,TRUE
TXN_3774966,CUST_08,Beverages,Item_11_BEV,20,8,160,Cash,Online,18/02/2023,TRUE
TXN_3324893,CUST_11,Butchers,Item_6_BUT,12.5,9,112.5,Cash,Online,11/3/2023,TRUE
TXN_3869190,CUST_10,Electric Household Essentials,Item_4_EHE,9.5,7,66.5,Credit Card,In-Store,21/07/2024,TRUE
TXN_3452469,CUST_05,Computers And Electric Accessories,Item_23_CEA,38,7,266,Digital Wallet,In-Store,8/4/2023,TRUE
TXN_3290440,CUST_04,Butchers,Item_21_BUT,35,8,280,Credit Card,In-Store,27/09/2024,TRUE
TXN_1822926,CUST_25,Beverages,Item_4_BEV,9.5,1,9.5,Credit Card,Online,25/03/2022,TRUE
TXN_5152448,CUST_11,Butchers,Item_1_BUT,5,4,20,Credit Card,In-Store,13/11/2023,TRUE
TXN_8785041,CUST_13,Beverages,Item_19_BEV,32,5,160,Digital Wallet,In-Store,5/3/2022,FALSE
TXN_5110591,CUST_19,Beverages,Item_3_BEV,8,3,24,Credit Card,In-Store,22/02/2023,TRUE
TXN_6010260,CUST_14,Beverages,Item_22_BEV,36.5,1,36.5,Digital Wallet,In-Store,21/07/2023,TRUE
TXN_9444336,CUST_13,Food,Item_10_FOOD,18.5,10,185,Cash,Online,29/10/2024,FALSE
TXN_9540418,CUST_05,Electric Household Essentials,Item_3_EHE,8,5,40,Cash,In-Store,13/04/2024,TRUE
TXN_4243232,CUST_01,Patisserie,Item_8_PAT,15.5,4,62,Cash,Online,6/10/2022,FALSE
TXN_3001024,CUST_16,Milk Products,Item_3_MILK,8,3,24,Digital Wallet,In-Store,4/7/2022,TRUE
TXN_9387439,CUST_03,Patisserie,Item_14_PAT,24.5,10,245,Digital Wallet,In-Store,27/10/2024,TRUE
TXN_5575598,CUST_24,Food,Item_22_FOOD,36.5,10,365,Digital Wallet,In-Store,11/2/2022,FALSE
TXN_1483524,CUST_22,Electric Household Essentials,Item_11_EHE,20,4,80,Cash,Online,11/3/2023,TRUE
TXN_7921654,CUST_25,Food,Item_4_FOOD,9.5,10,95,Cash,Online,22/01/2023,TRUE
TXN_9067549,CUST_15,Patisserie,Item_10_PAT,18.5,3,55.5,Credit Card,Online,18/08/2022,FALSE
TXN_9207641,CUST_24,Milk Products,Item_13_MILK,23,7,161,Cash,Online,20/12/2024,FALSE
TXN_1535908,CUST_10,Milk Products,Item_20_MILK,33.5,10,335,Credit Card,In-Store,4/1/2022,FALSE
TXN_9451154,CUST_05,Butchers,Item_8_BUT,15.5,8,124,Cash,Online,26/06/2023,TRUE
TXN_3061840,CUST_06,Electric Household Essentials,Item_14_EHE,24.5,5,122.5,Credit Card,Online,12/9/2024,TRUE
TXN_4373165,CUST_13,Furniture,Item_9_FUR,17,8,136,Credit Card,Online,3/5/2024,TRUE
TXN_3614311,CUST_01,Patisserie,Item_4_PAT,9.5,10,95,Digital Wallet,Online,29/01/2023,FALSE
TXN_5995528,CUST_19,Computers And Electric Accessories,Item_5_CEA,11,9,99,Digital Wallet,In-Store,14/01/2023,TRUE
TXN_3719328,CUST_12,Milk Products,Item_13_MILK,23,3,69,Credit Card,In-Store,15/05/2022,TRUE
TXN_9448652,CUST_15,Computers And Electric Accessories,Item_17_CEA,29,7,203,Digital Wallet,In-Store,1/2/2024,TRUE
TXN_9392209,CUST_07,Patisserie,Item_16_PAT,27.5,8,220,Digital Wallet,Online,28/02/2023,FALSE
TXN_7061932,CUST_07,Furniture,Item_25_FUR,41,2,82,Digital Wallet,In-Store,7/7/2023,TRUE
TXN_6126205,CUST_25,Computers And Electric Accessories,Item_3_CEA,8,9,72,Digital Wallet,In-Store,23/04/2022,FALSE
TXN_9682013,CUST_13,Computers And Electric Accessories,Item_12_CEA,21.5,6,129,Cash,Online,2/3/2023,TRUE
TXN_8441291,CUST_18,Food,Item_8_FOOD,15.5,9,139.5,Digital Wallet,Online,2/3/2024,TRUE
TXN_1021697,CUST_18,Patisserie,Item_23_PAT,38,6,228,Cash,Online,18/08/2022,TRUE
TXN_3962481,CUST_13,Electric Household Essentials,Item_12_EHE,21.5,3,64.5,Credit Card,In-Store,2/2/2024,FALSE
TXN_5969171,CUST_03,Food,Item_12_FOOD,21.5,3,64.5,Digital Wallet,Online,24/03/2022,FALSE
TXN_4070576,CUST_18,Computers And Electric Accessories,Item_9_CEA,17,6,102,Credit Card,In-Store,19/03/2022,TRUE
TXN_2614296,CUST_22,Beverages,Item_24_BEV,39.5,6,237,Cash,In-Store,11/3/2024,TRUE
TXN_4051562,CUST_11,Computers And Electric Accessories,Item_15_CEA,26,1,26,Cash,In-Store,6/9/2023,TRUE
TXN_2024171,CUST_05,Butchers,Item_13_BUT,23,7,161,Digital Wallet,Online,12/1/2025,TRUE
TXN_7109230,CUST_08,Butchers,Item_13_BUT,23,2,46,Digital Wallet,Online,26/06/2023,TRUE
TXN_8144943,CUST_04,Computers And Electric Accessories,Item_17_CEA,29,4,116,Cash,Online,29/09/2022,FALSE
TXN_5735723,CUST_05,Electric Household Essentials,Item_1_EHE,5,8,40,Digital Wallet,Online,26/11/2022,TRUE
TXN_6886810,CUST_12,Computers And Electric Accessories,Item_16_CEA,27.5,2,55,Digital Wallet,Online,13/09/2023,TRUE
TXN_4315111,CUST_11,Milk Products,Item_10_MILK,18.5,10,185,Digital Wallet,Online,26/05/2023,FALSE
TXN_6770695,CUST_21,Furniture,Item_15_FUR,26,3,78,Cash,In-Store,31/03/2022,TRUE
TXN_9463668,CUST_05,Electric Household Essentials,Item_25_EHE,41,2,82,Credit Card,Online,26/06/2022,FALSE
TXN_2025936,CUST_01,Beverages,Item_17_BEV,29,2,58,Digital Wallet,Online,26/07/2023,TRUE
TXN_2415104,CUST_12,Food,Item_9_FOOD,17,2,34,Digital Wallet,In-Store,25/05/2023,TRUE
TXN_5193663,CUST_07,Patisserie,Item_11_PAT,20,5,100,Digital Wallet,Online,11/2/2024,FALSE
TXN_2135357,CUST_05,Butchers,Item_21_BUT,35,1,35,Cash,Online,21/07/2023,TRUE
TXN_2860283,CUST_04,Electric Household Essentials,Item_1_EHE,5,2,10,Credit Card,In-Store,15/06/2024,TRUE
TXN_1731329,CUST_16,Computers And Electric Accessories,Item_12_CEA,21.5,2,43,Credit Card,In-Store,16/01/2022,TRUE
TXN_8545700,CUST_11,Patisserie,Item_16_PAT,27.5,7,192.5,Credit Card,Online,13/05/2022,FALSE
TXN_5056575,CUST_10,Food,Item_9_FOOD,17,1,17,Cash,Online,28/03/2022,TRUE
TXN_5458839,CUST_05,Food,Item_2_FOOD,6.5,9,58.5,Credit Card,Online,15/08/2023,TRUE
TXN_7878130,CUST_15,Milk Products,Item_25_MILK,41,8,328,Digital Wallet,In-Store,20/03/2024,TRUE
TXN_1829811,CUST_04,Patisserie,Item_11_PAT,20,7,140,Credit Card,Online,20/12/2022,FALSE
TXN_9605931,CUST_16,Electric Household Essentials,Item_13_EHE,23,9,207,Credit Card,Online,26/12/2022,FALSE
TXN_3864173,CUST_08,Electric Household Essentials,Item_13_EHE,23,5,115,Cash,In-Store,6/12/2023,TRUE
TXN_3826429,CUST_22,Electric Household Essentials,Item_6_EHE,12.5,9,112.5,Cash,Online,19/05/2024,FALSE
TXN_6263624,CUST_21,Electric Household Essentials,Item_21_EHE,35,8,280,Digital Wallet,Online,29/11/2023,FALSE
TXN_6379138,CUST_17,Food,Item_14_FOOD,24.5,9,220.5,Credit Card,In-Store,14/12/2023,FALSE
TXN_9739398,CUST_11,Furniture,Item_20_FUR,33.5,5,167.5,Digital Wallet,In-Store,9/7/2022,TRUE
TXN_7093465,CUST_12,Beverages,Item_25_BEV,41,8,328,Credit Card,In-Store,7/7/2024,FALSE
TXN_8018205,CUST_20,Computers And Electric Accessories,Item_1_CEA,5,7,35,Cash,Online,22/05/2022,TRUE
TXN_9901915,CUST_14,Beverages,Item_18_BEV,30.5,9,274.5,Credit Card,Online,28/10/2023,TRUE
TXN_5906554,CUST_09,Beverages,Item_9_BEV,17,8,136,Cash,Online,12/10/2023,FALSE
TXN_3614090,CUST_23,Beverages,Item_21_BEV,35,7,245,Credit Card,In-Store,1/12/2024,FALSE
TXN_4287352,CUST_01,Electric Household Essentials,Item_13_EHE,23,1,23,Credit Card,In-Store,3/11/2024,TRUE
TXN_6145546,CUST_24,Milk Products,Item_8_MILK,15.5,8,124,Cash,In-Store,14/12/2023,FALSE
TXN_3470018,CUST_24,Beverages,Item_23_BEV,38,2,76,Cash,Online,28/06/2022,FALSE
TXN_6090746,CUST_05,Furniture,Item_12_FUR,21.5,2,43,Cash,In-Store,2/3/2022,TRUE
TXN_4238718,CUST_01,Computers And Electric Accessories,Item_23_CEA,38,2,76,Credit Card,Online,19/01/2024,FALSE
TXN_4195293,CUST_20,Milk Products,Item_12_MILK,21.5,9,193.5,Cash,In-Store,2/1/2023,FALSE
TXN_9862117,CUST_20,Patisserie,Item_3_PAT,8,1,8,Credit Card,Online,29/05/2022,FALSE
TXN_1188804,CUST_02,Computers And Electric Accessories,Item_19_CEA,32,7,224,Digital Wallet,Online,27/01/2024,TRUE
TXN_7491390,CUST_03,Beverages,Item_6_BEV,12.5,10,125,Credit Card,Online,6/12/2024,TRUE
TXN_9344833,CUST_20,Butchers,Item_2_BUT,6.5,2,13,Credit Card,In-Store,28/05/2022,TRUE
TXN_7953083,CUST_12,Electric Household Essentials,Item_19_EHE,32,6,192,Cash,In-Store,31/07/2024,FALSE
TXN_5498882,CUST_15,Food,Item_21_FOOD,35,6,210,Credit Card,Online,18/05/2024,TRUE
TXN_6850087,CUST_11,Computers And Electric Accessories,Item_24_CEA,39.5,5,197.5,Digital Wallet,Online,29/10/2023,FALSE
TXN_3572918,CUST_19,Electric Household Essentials,Item_6_EHE,12.5,1,12.5,Cash,Online,16/02/2022,TRUE
TXN_4400958,CUST_23,Milk Products,Item_24_MILK,39.5,2,79,Digital Wallet,Online,8/7/2022,TRUE
TXN_5764401,CUST_08,Food,Item_15_FOOD,26,7,182,Credit Card,In-Store,3/6/2024,FALSE
TXN_1928530,CUST_06,Butchers,Item_25_BUT,41,4,164,Cash,Online,8/2/2024,TRUE
TXN_9619028,CUST_08,Patisserie,Item_11_PAT,20,2,40,Credit Card,Online,24/12/2022,FALSE
TXN_6036315,CUST_23,Milk Products,Item_17_MILK,29,5,145,Credit Card,In-Store,10/6/2022,FALSE
TXN_8192888,CUST_21,Furniture,Item_23_FUR,38,6,228,Credit Card,In-Store,1/3/2024,FALSE
TXN_5536792,CUST_16,Computers And Electric Accessories,Item_18_CEA,30.5,10,305,Cash,In-Store,18/01/2022,TRUE
TXN_1733313,CUST_13,Computers And Electric Accessories,Item_4_CEA,9.5,2,19,Credit Card,Online,27/09/2024,FALSE
TXN_8351579,CUST_22,Electric Household Essentials,Item_19_EHE,32,3,96,Digital Wallet,In-Store,11/1/2024,FALSE
TXN_8171664,CUST_16,Butchers,Item_13_BUT,23,6,138,Credit Card,Online,3/12/2022,FALSE
TXN_9943125,CUST_16,Computers And Electric Accessories,Item_23_CEA,38,9,342,Credit Card,In-Store,20/01/2023,TRUE
TXN_7238799,CUST_23,Electric Household Essentials,Item_20_EHE,33.5,3,100.5,Cash,In-Store,8/3/2023,FALSE
TXN_8454614,CUST_21,Food,Item_4_FOOD,9.5,5,47.5,Digital Wallet,Online,7/10/2022,FALSE
TXN_8724290,CUST_23,Food,Item_1_FOOD,5,8,40,Cash,Online,29/03/2023,FALSE
TXN_1400912,CUST_16,Milk Products,Item_11_MILK,20,8,160,Digital Wallet,Online,23/01/2022,TRUE
TXN_3157153,CUST_18,Beverages,Item_16_BEV,27.5,5,137.5,Cash,In-Store,1/12/2022,FALSE
TXN_1736098,CUST_23,Patisserie,Item_1_PAT,5,3,15,Cash,Online,18/10/2022,FALSE
TXN_8037593,CUST_14,Milk Products,Item_24_MILK,39.5,9,355.5,Credit Card,In-Store,25/09/2023,TRUE
TXN_3742027,CUST_04,Butchers,Item_10_BUT,18.5,3,55.5,Digital Wallet,Online,30/08/2022,TRUE
TXN_8197683,CUST_21,Furniture,Item_3_FUR,8,2,16,Cash,Online,30/04/2023,FALSE
TXN_9830364,CUST_07,Computers And Electric Accessories,Item_5_CEA,11,7,77,Cash,In-Store,4/4/2024,FALSE
TXN_6685805,CUST_23,Beverages,Item_18_BEV,30.5,1,30.5,Digital Wallet,Online,6/10/2023,FALSE
TXN_2411176,CUST_20,Beverages,Item_14_BEV,24.5,10,245,Digital Wallet,Online,28/01/2023,TRUE
TXN_4861636,CUST_03,Computers And Electric Accessories,Item_18_CEA,30.5,4,122,Cash,Online,13/01/2022,TRUE
TXN_2450206,CUST_24,Furniture,Item_1_FUR,5,9,45,Credit Card,In-Store,21/07/2023,TRUE
TXN_2157334,CUST_15,Milk Products,Item_23_MILK,38,10,380,Cash,In-Store,24/11/2022,TRUE
TXN_4214690,CUST_06,Electric Household Essentials,Item_7_EHE,14,6,84,Cash,Online,1/11/2023,TRUE
TXN_3674047,CUST_23,Furniture,Item_1_FUR,5,7,35,Cash,Online,10/7/2024,FALSE
TXN_9017295,CUST_04,Milk Products,Item_13_MILK,23,3,69,Credit Card,Online,4/3/2024,FALSE
TXN_1699208,CUST_09,Furniture,Item_1_FUR,5,7,35,Cash,In-Store,6/4/2022,FALSE
TXN_7818460,CUST_07,Butchers,Item_7_BUT,14,5,70,Digital Wallet,In-Store,31/10/2023,FALSE
TXN_7234463,CUST_23,Food,Item_17_FOOD,29,2,58,Digital Wallet,Online,15/07/2024,FALSE
TXN_1332543,CUST_08,Milk Products,Item_12_MILK,21.5,8,172,Credit Card,Online,28/05/2022,FALSE
TXN_9148620,CUST_12,Furniture,Item_20_FUR,33.5,10,335,Digital Wallet,Online,20/12/2024,TRUE
TXN_9187405,CUST_14,Milk Products,Item_15_MILK,26,4,104,Digital Wallet,In-Store,2/12/2022,FALSE
TXN_5747087,CUST_23,Milk Products,Item_6_MILK,12.5,6,75,Cash,Online,7/12/2022,FALSE
TXN_7190172,CUST_13,Computers And Electric Accessories,Item_21_CEA,35,4,140,Cash,Online,5/12/2024,TRUE
TXN_4724970,CUST_03,Beverages,Item_8_BEV,15.5,7,108.5,Cash,Online,24/03/2022,TRUE
TXN_7020380,CUST_22,Patisserie,Item_11_PAT,20,3,60,Credit Card,Online,26/06/2024,TRUE
TXN_2387517,CUST_19,Milk Products,Item_24_MILK,39.5,2,79,Digital Wallet,Online,4/3/2022,TRUE
TXN_1938762,CUST_25,Computers And Electric Accessories,Item_20_CEA,33.5,2,67,Credit Card,In-Store,12/4/2024,FALSE
TXN_5826244,CUST_17,Milk Products,Item_10_MILK,18.5,2,37,Digital Wallet,In-Store,7/7/2024,TRUE
TXN_9816950,CUST_03,Beverages,Item_14_BEV,24.5,7,171.5,Cash,In-Store,14/04/2024,TRUE
TXN_5355489,CUST_25,Furniture,Item_3_FUR,8,1,8,Digital Wallet,Online,23/01/2024,TRUE
TXN_2163300,CUST_12,Food,Item_1_FOOD,5,6,30,Cash,In-Store,7/2/2024,FALSE
TXN_6920881,CUST_07,Electric Household Essentials,Item_1_EHE,5,5,25,Credit Card,In-Store,10/5/2023,FALSE
TXN_9536103,CUST_23,Furniture,Item_2_FUR,6.5,10,65,Credit Card,In-Store,2/1/2023,TRUE
TXN_4320727,CUST_15,Patisserie,Item_23_PAT,38,4,152,Digital Wallet,In-Store,18/05/2023,FALSE
TXN_9254604,CUST_21,Patisserie,Item_5_PAT,11,2,22,Credit Card,In-Store,19/04/2024,TRUE
TXN_9361186,CUST_25,Patisserie,Item_14_PAT,24.5,1,24.5,Digital Wallet,In-Store,11/4/2022,FALSE
TXN_1367634,CUST_20,Beverages,Item_4_BEV,9.5,8,76,Cash,Online,25/08/2022,TRUE
TXN_9451256,CUST_04,Patisserie,Item_17_PAT,29,7,203,Credit Card,In-Store,28/05/2023,TRUE
TXN_9928533,CUST_19,Beverages,Item_12_BEV,21.5,10,215,Credit Card,Online,1/12/2022,TRUE
TXN_3653878,CUST_23,Butchers,Item_14_BUT,24.5,6,147,Cash,In-Store,12/11/2022,TRUE
TXN_6981431,CUST_24,Patisserie,Item_25_PAT,41,1,41,Credit Card,Online,26/03/2022,FALSE
TXN_7467481,CUST_09,Beverages,Item_22_BEV,36.5,9,328.5,Cash,In-Store,12/3/2022,TRUE
TXN_3255864,CUST_13,Patisserie,Item_12_PAT,21.5,7,150.5,Cash,In-Store,2/6/2022,TRUE
TXN_3442471,CUST_09,Milk Products,Item_22_MILK,36.5,1,36.5,Cash,In-Store,29/05/2023,TRUE
TXN_9538128,CUST_23,Computers And Electric Accessories,Item_14_CEA,24.5,8,196,Digital Wallet,Online,22/02/2024,TRUE
TXN_1796174,CUST_14,Computers And Electric Accessories,Item_6_CEA,12.5,3,37.5,Digital Wallet,Online,22/11/2024,TRUE
TXN_9493348,CUST_17,Food,Item_1_FOOD,5,10,50,Cash,Online,11/6/2022,TRUE
TXN_3858610,CUST_17,Patisserie,Item_24_PAT,39.5,10,395,Digital Wallet,Online,15/05/2024,TRUE
TXN_5615436,CUST_07,Beverages,Item_15_BEV,26,6,156,Cash,In-Store,21/07/2022,TRUE
TXN_7767182,CUST_18,Furniture,Item_21_FUR,35,5,175,Cash,Online,13/11/2024,FALSE
TXN_2685384,CUST_23,Beverages,Item_8_BEV,15.5,3,46.5,Credit Card,In-Store,30/08/2022,TRUE
TXN_9662222,CUST_10,Computers And Electric Accessories,Item_23_CEA,38,2,76,Cash,Online,26/09/2024,FALSE
TXN_2905292,CUST_21,Beverages,Item_25_BEV,41,1,41,Cash,In-Store,20/12/2023,FALSE
TXN_6476117,CUST_16,Patisserie,Item_9_PAT,17,3,51,Digital Wallet,In-Store,16/01/2025,FALSE
TXN_3965941,CUST_06,Electric Household Essentials,Item_24_EHE,39.5,2,79,Credit Card,Online,19/08/2022,FALSE
TXN_1734171,CUST_04,Furniture,Item_18_FUR,30.5,2,61,Cash,In-Store,29/09/2024,TRUE
TXN_9403833,CUST_13,Food,Item_23_FOOD,38,5,190,Digital Wallet,Online,6/11/2023,FALSE
TXN_7306528,CUST_11,Patisserie,Item_4_PAT,9.5,7,66.5,Digital Wallet,Online,29/10/2022,FALSE
TXN_1432870,CUST_14,Milk Products,Item_5_MILK,11,6,66,Credit Card,In-Store,22/05/2024,FALSE
TXN_4465035,CUST_03,Beverages,Item_21_BEV,35,4,140,Digital Wallet,In-Store,1/1/2025,TRUE
TXN_8598964,CUST_05,Furniture,Item_7_FUR,14,5,70,Credit Card,Online,29/04/2023,TRUE
TXN_3301515,CUST_17,Electric Household Essentials,Item_8_EHE,15.5,2,31,Credit Card,Online,10/1/2022,TRUE
TXN_4049162,CUST_05,Computers And Electric Accessories,Item_16_CEA,27.5,9,247.5,Cash,In-Store,19/12/2023,TRUE
TXN_5535762,CUST_18,Butchers,Item_1_BUT,5,7,35,Cash,In-Store,31/12/2022,FALSE
TXN_7006720,CUST_02,Butchers,Item_10_BUT,18.5,10,185,Cash,Online,15/09/2024,TRUE
TXN_2069389,CUST_01,Beverages,Item_24_BEV,39.5,2,79,Cash,Online,29/02/2024,FALSE
TXN_3547918,CUST_09,Butchers,Item_9_BUT,17,1,17,Cash,Online,16/07/2022,FALSE
TXN_6897096,CUST_06,Furniture,Item_14_FUR,24.5,10,245,Credit Card,In-Store,25/06/2022,TRUE
TXN_7504945,CUST_07,Computers And Electric Accessories,Item_21_CEA,35,10,350,Credit Card,Online,25/12/2022,TRUE
TXN_2690530,CUST_05,Beverages,Item_11_BEV,20,10,200,Digital Wallet,In-Store,14/02/2022,TRUE
TXN_9178438,CUST_04,Beverages,Item_9_BEV,17,7,119,Credit Card,Online,20/01/2023,FALSE
TXN_8466225,CUST_01,Electric Household Essentials,Item_19_EHE,32,10,320,Cash,Online,6/6/2022,FALSE
TXN_3839216,CUST_04,Food,Item_8_FOOD,15.5,4,62,Credit Card,In-Store,11/7/2024,TRUE
TXN_5451832,CUST_06,Butchers,Item_6_BUT,12.5,7,87.5,Credit Card,Online,12/7/2024,FALSE
TXN_5498917,CUST_12,Electric Household Essentials,Item_5_EHE,11,3,33,Cash,In-Store,25/07/2024,FALSE
TXN_3286135,CUST_05,Beverages,Item_17_BEV,29,8,232,Cash,Online,21/09/2024,TRUE
TXN_7987242,CUST_10,Furniture,Item_3_FUR,8,4,32,Cash,Online,5/11/2023,TRUE
TXN_4053566,CUST_17,Food,Item_5_FOOD,11,4,44,Credit Card,In-Store,28/12/2022,FALSE
TXN_3998952,CUST_18,Furniture,Item_14_FUR,24.5,2,49,Digital Wallet,In-Store,12/12/2023,FALSE
TXN_5288559,CUST_25,Beverages,Item_15_BEV,26,8,208,Digital Wallet,Online,28/06/2023,TRUE
TXN_1047304,CUST_08,Beverages,Item_5_BEV,11,1,11,Cash,In-Store,25/10/2023,FALSE
TXN_2194494,CUST_13,Food,Item_16_FOOD,27.5,3,82.5,Cash,Online,5/5/2024,FALSE
TXN_5016365,CUST_04,Food,Item_3_FOOD,8,2,16,Digital Wallet,Online,8/1/2025,FALSE
TXN_7531055,CUST_09,Patisserie,Item_15_PAT,26,7,182,Credit Card,In-Store,2/6/2022,TRUE
TXN_3961169,CUST_13,Furniture,Item_21_FUR,35,8,280,Cash,In-Store,16/11/2022,TRUE
TXN_8824211,CUST_22,Patisserie,Item_9_PAT,17,8,136,Credit Card,In-Store,19/03/2024,FALSE
TXN_9696371,CUST_14,Beverages,Item_16_BEV,27.5,10,275,Digital Wallet,Online,22/09/2024,FALSE
TXN_4406496,CUST_18,Electric Household Essentials,Item_13_EHE,23,3,69,Credit Card,In-Store,16/09/2024,FALSE
TXN_2442022,CUST_07,Milk Products,Item_12_MILK,21.5,8,172,Credit Card,Online,3/9/2023,TRUE
TXN_5529274,CUST_17,Milk Products,Item_8_MILK,15.5,2,31,Digital Wallet,In-Store,28/05/2024,FALSE
TXN_3070264,CUST_18,Electric Household Essentials,Item_4_EHE,9.5,1,9.5,Digital Wallet,Online,27/11/2024,TRUE
TXN_4405059,CUST_21,Food,Item_7_FOOD,14,6,84,Digital Wallet,Online,19/09/2024,TRUE
TXN_6001401,CUST_13,Butchers,Item_1_BUT,5,5,25,Cash,Online,29/06/2022,TRUE
TXN_5990910,CUST_05,Food,Item_23_FOOD,38,6,228,Cash,Online,2/8/2024,TRUE
TXN_8736586,CUST_10,Milk Products,Item_1_MILK,5,5,25,Credit Card,Online,1/4/2022,TRUE
TXN_1422139,CUST_12,Butchers,Item_4_BUT,9.5,6,57,Credit Card,Online,1/2/2023,TRUE
TXN_7138473,CUST_11,Butchers,Item_23_BUT,38,10,380,Digital Wallet,In-Store,7/4/2023,TRUE
TXN_3747474,CUST_01,Electric Household Essentials,Item_7_EHE,14,10,140,Cash,In-Store,17/07/2023,TRUE
TXN_5442881,CUST_16,Patisserie,Item_17_PAT,29,6,174,Credit Card,Online,16/01/2022,TRUE
TXN_1448205,CUST_21,Electric Household Essentials,Item_1_EHE,5,5,25,Cash,Online,8/12/2024,FALSE
TXN_7166728,CUST_18,Computers And Electric Accessories,Item_3_CEA,8,8,64,Credit Card,Online,27/07/2023,TRUE
TXN_6999998,CUST_11,Milk Products,Item_11_MILK,20,4,80,Credit Card,Online,22/05/2024,TRUE
TXN_7175950,CUST_19,Electric Household Essentials,Item_17_EHE,29,2,58,Cash,Online,20/03/2022,FALSE
TXN_3993154,CUST_25,Computers And Electric Accessories,Item_12_CEA,21.5,7,150.5,Credit Card,In-Store,7/7/2022,FALSE
TXN_3754218,CUST_09,Electric Household Essentials,Item_5_EHE,11,10,110,Credit Card,In-Store,8/3/2024,FALSE
TXN_8571165,CUST_04,Butchers,Item_2_BUT,6.5,2,13,Digital Wallet,In-Store,14/05/2023,FALSE
TXN_9391758,CUST_07,Furniture,Item_15_FUR,26,6,156,Credit Card,Online,23/09/2024,FALSE
TXN_1456329,CUST_01,Milk Products,Item_1_MILK,5,1,5,Credit Card,In-Store,21/12/2023,FALSE
TXN_1430909,CUST_20,Food,Item_3_FOOD,8,3,24,Digital Wallet,In-Store,23/02/2023,TRUE
TXN_9565718,CUST_22,Computers And Electric Accessories,Item_22_CEA,36.5,4,146,Digital Wallet,In-Store,20/01/2022,TRUE
TXN_8506371,CUST_10,Electric Household Essentials,Item_5_EHE,11,4,44,Credit Card,Online,20/05/2024,TRUE
TXN_1474758,CUST_16,Furniture,Item_24_FUR,39.5,4,158,Credit Card,In-Store,8/4/2023,TRUE
TXN_3030324,CUST_04,Patisserie,Item_2_PAT,6.5,3,19.5,Cash,In-Store,18/08/2024,TRUE
TXN_4273287,CUST_15,Patisserie,Item_25_PAT,41,4,164,Cash,In-Store,25/08/2024,TRUE
TXN_5187397,CUST_11,Food,Item_15_FOOD,26,2,52,Digital Wallet,Online,20/03/2023,TRUE
TXN_8666651,CUST_03,Furniture,Item_7_FUR,14,8,112,Credit Card,In-Store,2/8/2023,TRUE
TXN_8363775,CUST_22,Computers And Electric Accessories,Item_4_CEA,9.5,9,85.5,Cash,Online,17/08/2023,FALSE
TXN_7180080,CUST_18,Butchers,Item_18_BUT,30.5,8,244,Cash,In-Store,13/12/2024,FALSE
TXN_6334800,CUST_09,Furniture,Item_7_FUR,14,8,112,Digital Wallet,Online,31/07/2024,FALSE
TXN_4863868,CUST_14,Electric Household Essentials,Item_20_EHE,33.5,4,134,Credit Card,In-Store,19/09/2022,FALSE
TXN_8536324,CUST_21,Beverages,Item_18_BEV,30.5,5,152.5,Cash,In-Store,9/11/2023,TRUE
TXN_3122819,CUST_05,Electric Household Essentials,Item_24_EHE,39.5,6,237,Digital Wallet,Online,4/5/2023,FALSE
TXN_5620470,CUST_06,Food,Item_12_FOOD,21.5,5,107.5,Cash,Online,19/07/2022,FALSE
TXN_1686913,CUST_05,Computers And Electric Accessories,Item_3_CEA,8,3,24,Digital Wallet,In-Store,2/7/2023,FALSE
TXN_8836430,CUST_08,Milk Products,Item_8_MILK,15.5,6,93,Digital Wallet,In-Store,1/1/2025,FALSE
TXN_5981197,CUST_11,Beverages,Item_10_BEV,18.5,10,185,Credit Card,In-Store,23/02/2023,FALSE
TXN_1923790,CUST_17,Patisserie,Item_8_PAT,15.5,7,108.5,Digital Wallet,Online,25/07/2024,TRUE
TXN_2647450,CUST_22,Computers And Electric Accessories,Item_10_CEA,18.5,4,74,Credit Card,Online,4/2/2023,TRUE
TXN_9238218,CUST_08,Furniture,Item_10_FUR,18.5,1,18.5,Cash,In-Store,14/10/2022,FALSE
TXN_1976524,CUST_05,Beverages,Item_12_BEV,21.5,6,129,Credit Card,In-Store,11/8/2023,FALSE
TXN_8393572,CUST_05,Computers And Electric Accessories,Item_12_CEA,21.5,6,129,Cash,Online,9/8/2024,TRUE
TXN_1891321,CUST_09,Beverages,Item_2_BEV,6.5,4,26,Cash,In-Store,5/7/2023,FALSE
TXN_7816964,CUST_24,Food,Item_15_FOOD,26,2,52,Digital Wallet,In-Store,16/01/2024,TRUE
TXN_6382732,CUST_05,Milk Products,Item_12_MILK,21.5,6,129,Cash,In-Store,23/02/2024,TRUE
TXN_8822985,CUST_18,Butchers,Item_7_BUT,14,1,14,Digital Wallet,Online,22/08/2024,FALSE
TXN_4191194,CUST_13,Furniture,Item_7_FUR,14,7,98,Digital Wallet,In-Store,1/4/2023,TRUE
TXN_3319577,CUST_12,Food,Item_18_FOOD,30.5,3,91.5,Cash,In-Store,26/11/2024,FALSE
TXN_5026476,CUST_11,Food,Item_24_FOOD,39.5,3,118.5,Digital Wallet,Online,9/2/2024,FALSE
TXN_6681572,CUST_12,Electric Household Essentials,Item_4_EHE,9.5,9,85.5,Cash,In-Store,17/03/2024,TRUE
TXN_3040201,CUST_21,Beverages,Item_24_BEV,39.5,5,197.5,Credit Card,In-Store,28/07/2024,TRUE
TXN_8502497,CUST_18,Beverages,Item_15_BEV,26,1,26,Cash,In-Store,8/12/2022,FALSE
TXN_6272881,CUST_01,Electric Household Essentials,Item_6_EHE,12.5,8,100,Digital Wallet,Online,29/04/2022,FALSE
TXN_6834757,CUST_08,Milk Products,Item_16_MILK,27.5,7,192.5,Credit Card,In-Store,20/10/2024,FALSE
TXN_8982011,CUST_23,Beverages,Item_23_BEV,38,10,380,Cash,In-Store,14/01/2022,FALSE
TXN_6272697,CUST_16,Furniture,Item_6_FUR,12.5,4,50,Cash,Online,21/06/2022,FALSE
TXN_5915197,CUST_25,Food,Item_20_FOOD,33.5,1,33.5,Credit Card,In-Store,16/10/2022,FALSE
TXN_1613779,CUST_25,Food,Item_22_FOOD,36.5,7,255.5,Credit Card,Online,27/07/2022,FALSE
TXN_4827125,CUST_03,Milk Products,Item_15_MILK,26,8,208,Credit Card,In-Store,27/10/2023,FALSE
TXN_7822143,CUST_24,Butchers,Item_23_BUT,38,3,114,Cash,Online,12/1/2022,TRUE
TXN_9509705,CUST_20,Computers And Electric Accessories,Item_20_CEA,33.5,10,335,Cash,Online,15/07/2024,FALSE
TXN_9368743,CUST_24,Patisserie,Item_6_PAT,12.5,6,75,Digital Wallet,Online,9/1/2025,FALSE
TXN_4577781,CUST_17,Electric Household Essentials,Item_2_EHE,6.5,6,39,Digital Wallet,In-Store,22/01/2024,FALSE
TXN_6968704,CUST_09,Furniture,Item_22_FUR,36.5,4,146,Credit Card,In-Store,20/12/2024,FALSE
TXN_8744270,CUST_03,Butchers,Item_2_BUT,6.5,8,52,Credit Card,Online,11/6/2024,TRUE
TXN_3111666,CUST_08,Patisserie,Item_7_PAT,14,8,112,Cash,Online,12/1/2023,TRUE
TXN_5186312,CUST_01,Butchers,Item_9_BUT,17,5,85,Credit Card,In-Store,21/11/2023,TRUE
TXN_4431120,CUST_24,Food,Item_16_FOOD,27.5,3,82.5,Credit Card,In-Store,25/10/2022,TRUE
TXN_3544848,CUST_12,Patisserie,Item_12_PAT,21.5,6,129,Cash,Online,22/07/2022,FALSE
TXN_2802887,CUST_24,Computers And Electric Accessories,Item_5_CEA,11,2,22,Digital Wallet,Online,14/10/2023,TRUE
TXN_5786843,CUST_17,Beverages,Item_18_BEV,30.5,2,61,Cash,Online,5/5/2024,TRUE
TXN_2238366,CUST_03,Food,Item_17_FOOD,29,6,174,Digital Wallet,Online,24/04/2024,TRUE
TXN_8143902,CUST_18,Electric Household Essentials,Item_15_EHE,26,10,260,Digital Wallet,Online,7/2/2024,FALSE
TXN_9964153,CUST_07,Patisserie,Item_25_PAT,41,2,82,Cash,Online,29/05/2023,FALSE
TXN_9171710,CUST_23,Butchers,Item_4_BUT,9.5,10,95,Cash,Online,2/7/2024,FALSE
TXN_3006943,CUST_10,Butchers,Item_5_BUT,11,3,33,Cash,Online,17/07/2023,FALSE
TXN_4327164,CUST_23,Computers And Electric Accessories,Item_13_CEA,23,9,207,Cash,In-Store,4/9/2024,TRUE
TXN_8756884,CUST_07,Patisserie,Item_5_PAT,11,7,77,Credit Card,In-Store,11/7/2023,TRUE
TXN_1591772,CUST_18,Computers And Electric Accessories,Item_13_CEA,23,8,184,Cash,In-Store,9/6/2024,TRUE
TXN_3599152,CUST_03,Furniture,Item_1_FUR,5,7,35,Digital Wallet,In-Store,29/03/2022,FALSE
TXN_9518234,CUST_12,Beverages,Item_20_BEV,33.5,5,167.5,Credit Card,In-Store,30/04/2022,FALSE
TXN_3019755,CUST_05,Computers And Electric Accessories,Item_22_CEA,36.5,2,73,Credit Card,In-Store,1/5/2022,FALSE
TXN_1456719,CUST_03,Furniture,Item_19_FUR,32,2,64,Cash,Online,25/10/2022,TRUE
TXN_3409638,CUST_22,Computers And Electric Accessories,Item_7_CEA,14,1,14,Credit Card,In-Store,29/09/2022,FALSE
TXN_4399558,CUST_02,Milk Products,Item_23_MILK,38,5,190,Digital Wallet,In-Store,16/08/2023,FALSE
TXN_2087965,CUST_25,Milk Products,Item_11_MILK,20,2,40,Digital Wallet,In-Store,15/06/2022,FALSE
TXN_6363608,CUST_15,Patisserie,Item_18_PAT,30.5,7,213.5,Credit Card,Online,24/09/2022,TRUE
TXN_4129646,CUST_25,Beverages,Item_8_BEV,15.5,7,108.5,Cash,In-Store,30/08/2022,TRUE
TXN_3388920,CUST_04,Patisserie,Item_1_PAT,5,4,20,Digital Wallet,Online,25/12/2022,FALSE
TXN_5308673,CUST_14,Butchers,Item_4_BUT,9.5,2,19,Credit Card,In-Store,21/03/2022,TRUE
TXN_1753755,CUST_04,Electric Household Essentials,Item_12_EHE,21.5,10,215,Cash,In-Store,22/11/2022,FALSE
TXN_7153317,CUST_25,Computers And Electric Accessories,Item_23_CEA,38,4,152,Digital Wallet,In-Store,3/12/2023,FALSE
TXN_6771805,CUST_07,Electric Household Essentials,Item_7_EHE,14,1,14,Digital Wallet,In-Store,18/12/2023,TRUE
TXN_7609763,CUST_02,Computers And Electric Accessories,Item_6_CEA,12.5,10,125,Credit Card,Online,18/11/2024,TRUE
TXN_3583888,CUST_06,Food,Item_14_FOOD,24.5,8,196,Cash,Online,23/10/2023,FALSE
TXN_9757864,CUST_24,Computers And Electric Accessories,Item_17_CEA,29,3,87,Cash,In-Store,10/2/2022,TRUE
TXN_5866486,CUST_16,Patisserie,Item_1_PAT,5,4,20,Credit Card,In-Store,6/1/2022,TRUE
TXN_8999132,CUST_15,Butchers,Item_10_BUT,18.5,9,166.5,Digital Wallet,In-Store,10/9/2022,TRUE
TXN_2582450,CUST_03,Milk Products,Item_23_MILK,38,8,304,Credit Card,Online,1/6/2023,FALSE
TXN_4208189,CUST_23,Butchers,Item_25_BUT,41,10,410,Cash,In-Store,7/6/2022,FALSE
TXN_3031828,CUST_07,Furniture,Item_3_FUR,8,3,24,Digital Wallet,In-Store,2/1/2025,TRUE
TXN_6818931,CUST_02,Electric Household Essentials,Item_1_EHE,5,2,10,Digital Wallet,Online,7/12/2024,FALSE
TXN_8261655,CUST_01,Computers And Electric Accessories,Item_24_CEA,39.5,4,158,Digital Wallet,Online,3/5/2023,FALSE
TXN_7575263,CUST_22,Electric Household Essentials,Item_2_EHE,6.5,1,6.5,Digital Wallet,In-Store,25/02/2024,TRUE
TXN_7007203,CUST_24,Computers And Electric Accessories,Item_22_CEA,36.5,8,292,Cash,Online,8/8/2024,FALSE
TXN_3993454,CUST_13,Beverages,Item_22_BEV,36.5,3,109.5,Cash,In-Store,2/8/2023,FALSE
TXN_5571853,CUST_22,Milk Products,Item_16_MILK,27.5,4,110,Cash,Online,2/4/2024,TRUE
TXN_6867742,CUST_04,Furniture,Item_11_FUR,20,5,100,Cash,Online,5/1/2024,TRUE
TXN_1890352,CUST_25,Computers And Electric Accessories,Item_21_CEA,35,6,210,Digital Wallet,Online,7/3/2022,FALSE
TXN_5248200,CUST_19,Butchers,Item_19_BUT,32,4,128,Digital Wallet,Online,24/07/2024,TRUE
TXN_6368570,CUST_10,Food,Item_25_FOOD,41,4,164,Cash,Online,22/11/2024,FALSE
TXN_6007030,CUST_10,Food,Item_24_FOOD,39.5,6,237,Credit Card,Online,28/10/2023,FALSE
TXN_2285948,CUST_19,Electric Household Essentials,Item_4_EHE,9.5,9,85.5,Cash,In-Store,2/7/2022,FALSE
TXN_7304590,CUST_19,Electric Household Essentials,Item_2_EHE,6.5,10,65,Cash,In-Store,14/05/2022,FALSE
TXN_6138247,CUST_06,Milk Products,Item_6_MILK,12.5,3,37.5,Digital Wallet,Online,7/12/2024,TRUE
TXN_2112709,CUST_24,Beverages,Item_21_BEV,35,3,105,Cash,Online,7/11/2022,TRUE
TXN_7211010,CUST_11,Butchers,Item_11_BUT,20,6,120,Cash,Online,13/06/2023,TRUE
TXN_3984894,CUST_02,Milk Products,Item_4_MILK,9.5,8,76,Digital Wallet,Online,2/8/2024,FALSE
TXN_8631389,CUST_13,Computers And Electric Accessories,Item_17_CEA,29,6,174,Cash,Online,9/12/2024,FALSE
TXN_5069695,CUST_01,Milk Products,Item_3_MILK,8,1,8,Cash,In-Store,21/11/2024,FALSE
TXN_1085751,CUST_06,Computers And Electric Accessories,Item_6_CEA,12.5,10,125,Digital Wallet,In-Store,27/08/2024,FALSE
TXN_8826135,CUST_01,Milk Products,Item_12_MILK,21.5,5,107.5,Credit Card,Online,25/05/2024,FALSE
TXN_1041912,CUST_18,Beverages,Item_12_BEV,21.5,4,86,Cash,In-Store,12/11/2023,TRUE
TXN_4694065,CUST_16,Furniture,Item_3_FUR,8,5,40,Digital Wallet,Online,19/04/2023,FALSE
TXN_9087734,CUST_23,Beverages,Item_2_BEV,6.5,7,45.5,Cash,Online,20/03/2023,FALSE
TXN_8724047,CUST_05,Computers And Electric Accessories,Item_5_CEA,11,6,66,Credit Card,Online,16/09/2024,FALSE
TXN_1655146,CUST_09,Beverages,Item_16_BEV,27.5,10,275,Digital Wallet,In-Store,6/7/2024,FALSE
TXN_1670050,CUST_05,Food,Item_22_FOOD,36.5,6,219,Cash,Online,30/10/2022,FALSE
TXN_3556254,CUST_04,Patisserie,Item_22_PAT,36.5,1,36.5,Credit Card,Online,23/09/2022,TRUE
TXN_5251547,CUST_20,Food,Item_18_FOOD,30.5,9,274.5,Cash,In-Store,19/06/2022,FALSE
TXN_5678133,CUST_04,Milk Products,Item_8_MILK,15.5,9,139.5,Cash,Online,27/07/2022,FALSE
TXN_7135060,CUST_14,Butchers,Item_16_BUT,27.5,7,192.5,Digital Wallet,In-Store,27/07/2024,TRUE
TXN_3520780,CUST_03,Furniture,Item_10_FUR,18.5,3,55.5,Digital Wallet,In-Store,30/04/2022,TRUE
TXN_5929470,CUST_07,Beverages,Item_18_BEV,30.5,8,244,Cash,Online,21/07/2024,TRUE
TXN_1814218,CUST_21,Beverages,Item_16_BEV,27.5,6,165,Credit Card,Online,23/05/2023,FALSE
TXN_1639005,CUST_07,Butchers,Item_22_BUT,36.5,10,365,Digital Wallet,Online,19/04/2022,TRUE
TXN_1175373,CUST_13,Milk Products,Item_24_MILK,39.5,3,118.5,Credit Card,In-Store,9/4/2024,TRUE
TXN_9657809,CUST_17,Beverages,Item_23_BEV,38,6,228,Digital Wallet,In-Store,25/04/2022,TRUE
TXN_2784398,CUST_24,Butchers,Item_10_BUT,18.5,3,55.5,Digital Wallet,In-Store,9/3/2023,FALSE
TXN_6040270,CUST_02,Patisserie,Item_4_PAT,9.5,7,66.5,Credit Card,Online,12/6/2023,TRUE
TXN_1758528,CUST_21,Food,Item_25_FOOD,41,4,164,Digital Wallet,Online,28/11/2023,TRUE
TXN_8155874,CUST_08,Electric Household Essentials,Item_11_EHE,20,5,100,Digital Wallet,In-Store,3/4/2024,FALSE
TXN_2871119,CUST_03,Electric Household Essentials,Item_12_EHE,21.5,5,107.5,Digital Wallet,Online,19/09/2023,TRUE
TXN_2365702,CUST_14,Computers And Electric Accessories,Item_17_CEA,29,9,261,Cash,In-Store,28/02/2022,TRUE
TXN_8015744,CUST_23,Furniture,Item_10_FUR,18.5,7,129.5,Credit Card,In-Store,7/3/2024,TRUE
TXN_9410980,CUST_02,Milk Products,Item_6_MILK,12.5,9,112.5,Cash,Online,30/06/2022,FALSE
TXN_5080396,CUST_04,Butchers,Item_25_BUT,41,4,164,Digital Wallet,Online,14/06/2024,TRUE
TXN_4070771,CUST_05,Patisserie,Item_9_PAT,17,3,51,Credit Card,Online,3/5/2022,FALSE
TXN_6358543,CUST_02,Computers And Electric Accessories,Item_18_CEA,30.5,5,152.5,Cash,In-Store,22/01/2024,TRUE
TXN_5362878,CUST_10,Computers And Electric Accessories,Item_13_CEA,23,3,69,Digital Wallet,In-Store,25/12/2024,TRUE
TXN_1928442,CUST_20,Patisserie,Item_13_PAT,23,8,184,Cash,In-Store,24/01/2024,TRUE
TXN_7569671,CUST_23,Beverages,Item_16_BEV,27.5,10,275,Digital Wallet,Online,17/11/2022,FALSE
TXN_6186500,CUST_21,Food,Item_22_FOOD,36.5,9,328.5,Cash,Online,4/7/2023,FALSE
TXN_8796188,CUST_20,Electric Household Essentials,Item_5_EHE,11,7,77,Credit Card,In-Store,23/06/2023,FALSE
TXN_2664061,CUST_17,Electric Household Essentials,Item_20_EHE,33.5,2,67,Credit Card,In-Store,6/4/2023,FALSE
TXN_3413079,CUST_23,Beverages,Item_19_BEV,32,2,64,Cash,Online,2/5/2023,TRUE
TXN_8061783,CUST_18,Butchers,Item_11_BUT,20,1,20,Credit Card,In-Store,18/07/2022,TRUE
TXN_7580375,CUST_10,Furniture,Item_7_FUR,14,8,112,Digital Wallet,In-Store,17/10/2023,FALSE
TXN_8831976,CUST_19,Furniture,Item_9_FUR,17,5,85,Cash,In-Store,15/07/2022,FALSE
TXN_5976886,CUST_10,Furniture,Item_23_FUR,38,4,152,Credit Card,In-Store,11/7/2022,FALSE
TXN_9754668,CUST_10,Food,Item_5_FOOD,11,2,22,Digital Wallet,Online,24/02/2023,FALSE
TXN_7570716,CUST_22,Food,Item_6_FOOD,12.5,10,125,Cash,In-Store,15/04/2022,TRUE
TXN_1491959,CUST_09,Milk Products,Item_2_MILK,6.5,9,58.5,Credit Card,In-Store,9/8/2024,TRUE
TXN_6314933,CUST_13,Electric Household Essentials,Item_25_EHE,41,8,328,Credit Card,Online,25/05/2022,TRUE
TXN_3633144,CUST_24,Milk Products,Item_5_MILK,11,8,88,Cash,Online,1/3/2024,FALSE
TXN_4205977,CUST_04,Food,Item_24_FOOD,39.5,5,197.5,Digital Wallet,In-Store,17/01/2024,FALSE
TXN_9860106,CUST_17,Butchers,Item_5_BUT,11,4,44,Digital Wallet,Online,14/08/2024,TRUE
TXN_4559367,CUST_06,Food,Item_5_FOOD,11,1,11,Digital Wallet,In-Store,15/04/2022,TRUE
TXN_2402093,CUST_24,Computers And Electric Accessories,Item_14_CEA,24.5,3,73.5,Cash,Online,1/12/2024,TRUE
TXN_9170078,CUST_01,Butchers,Item_17_BUT,29,6,174,Digital Wallet,In-Store,30/11/2022,FALSE
TXN_8881867,CUST_23,Computers And Electric Accessories,Item_2_CEA,6.5,7,45.5,Cash,In-Store,8/1/2024,FALSE
TXN_3602634,CUST_21,Food,Item_21_FOOD,35,6,210,Credit Card,In-Store,14/06/2023,TRUE
TXN_6583535,CUST_24,Computers And Electric Accessories,Item_23_CEA,38,1,38,Credit Card,In-Store,7/12/2023,TRUE
TXN_8477874,CUST_11,Electric Household Essentials,Item_10_EHE,18.5,10,185,Digital Wallet,Online,22/04/2022,FALSE
TXN_8736071,CUST_02,Butchers,Item_17_BUT,29,5,145,Credit Card,In-Store,14/02/2023,TRUE
TXN_8773755,CUST_21,Furniture,Item_10_FUR,18.5,7,129.5,Digital Wallet,In-Store,9/8/2024,FALSE
TXN_8994229,CUST_07,Milk Products,Item_18_MILK,30.5,4,122,Credit Card,Online,1/6/2024,FALSE
TXN_6172140,CUST_19,Furniture,Item_22_FUR,36.5,4,146,Cash,Online,30/05/2024,TRUE
TXN_6615544,CUST_07,Furniture,Item_5_FUR,11,1,11,Digital Wallet,Online,1/9/2024,FALSE
TXN_7840048,CUST_16,Beverages,Item_18_BEV,30.5,9,274.5,Cash,Online,8/8/2024,FALSE
TXN_8072250,CUST_15,Patisserie,Item_4_PAT,9.5,6,57,Digital Wallet,Online,31/08/2024,TRUE
TXN_9544902,CUST_25,Beverages,Item_24_BEV,39.5,9,355.5,Digital Wallet,In-Store,1/2/2024,TRUE
TXN_2899586,CUST_08,Patisserie,Item_10_PAT,18.5,3,55.5,Credit Card,In-Store,26/04/2023,TRUE
TXN_6257706,CUST_19,Beverages,Item_24_BEV,39.5,2,79,Cash,Online,17/01/2022,TRUE
TXN_1900392,CUST_17,Electric Household Essentials,Item_3_EHE,8,1,8,Credit Card,In-Store,7/2/2023,TRUE
TXN_3926641,CUST_08,Patisserie,Item_1_PAT,5,5,25,Credit Card,In-Store,7/6/2024,TRUE
TXN_7851596,CUST_12,Electric Household Essentials,Item_20_EHE,33.5,2,67,Credit Card,In-Store,5/1/2022,FALSE
TXN_1821104,CUST_22,Food,Item_3_FOOD,8,1,8,Credit Card,In-Store,8/6/2024,TRUE
TXN_1189728,CUST_10,Food,Item_18_FOOD,30.5,4,122,Cash,Online,25/11/2023,TRUE
TXN_8852595,CUST_20,Butchers,Item_11_BUT,20,4,80,Digital Wallet,In-Store,19/04/2022,FALSE
TXN_8919975,CUST_05,Milk Products,Item_3_MILK,8,6,48,Credit Card,Online,4/1/2023,TRUE
TXN_6157163,CUST_08,Electric Household Essentials,Item_15_EHE,26,2,52,Credit Card,Online,9/1/2023,TRUE
TXN_9850035,CUST_21,Electric Household Essentials,Item_9_EHE,17,9,153,Cash,Online,25/10/2024,FALSE
TXN_4215500,CUST_09,Furniture,Item_23_FUR,38,9,342,Digital Wallet,Online,10/12/2022,FALSE
TXN_4445795,CUST_04,Milk Products,Item_16_MILK,27.5,6,165,Digital Wallet,In-Store,20/07/2024,FALSE
TXN_7099616,CUST_14,Butchers,Item_7_BUT,14,2,28,Credit Card,Online,26/02/2023,FALSE
TXN_9735326,CUST_02,Food,Item_22_FOOD,36.5,4,146,Digital Wallet,In-Store,11/1/2025,FALSE
TXN_1767448,CUST_07,Beverages,Item_25_BEV,41,3,123,Cash,Online,18/11/2024,TRUE
TXN_6938910,CUST_06,Furniture,Item_7_FUR,14,4,56,Credit Card,In-Store,2/8/2023,TRUE
TXN_1502529,CUST_01,Milk Products,Item_20_MILK,33.5,2,67,Credit Card,Online,24/02/2024,TRUE
TXN_4036266,CUST_05,Butchers,Item_15_BUT,26,10,260,Credit Card,In-Store,27/06/2024,FALSE
TXN_8199043,CUST_22,Beverages,Item_4_BEV,9.5,3,28.5,Credit Card,In-Store,11/2/2024,FALSE
TXN_6474195,CUST_16,Electric Household Essentials,Item_4_EHE,9.5,1,9.5,Digital Wallet,Online,16/07/2024,FALSE
TXN_4689441,CUST_11,Butchers,Item_5_BUT,11,10,110,Digital Wallet,Online,2/6/2023,FALSE
TXN_4351750,CUST_12,Food,Item_19_FOOD,32,4,128,Cash,In-Store,4/11/2022,TRUE
TXN_8883302,CUST_23,Food,Item_23_FOOD,38,2,76,Cash,In-Store,6/8/2023,FALSE
TXN_6181011,CUST_24,Milk Products,Item_17_MILK,29,8,232,Digital Wallet,Online,27/09/2022,FALSE
TXN_9175988,CUST_15,Butchers,Item_7_BUT,14,5,70,Digital Wallet,Online,2/6/2023,TRUE
TXN_3792920,CUST_17,Computers And Electric Accessories,Item_8_CEA,15.5,5,77.5,Cash,In-Store,8/3/2024,TRUE
TXN_2326393,CUST_07,Food,Item_4_FOOD,9.5,6,57,Digital Wallet,Online,24/02/2022,TRUE
TXN_6219185,CUST_10,Patisserie,Item_7_PAT,14,6,84,Cash,In-Store,3/12/2022,FALSE
TXN_9110626,CUST_25,Electric Household Essentials,Item_22_EHE,36.5,6,219,Cash,Online,22/09/2024,TRUE
TXN_9200603,CUST_08,Beverages,Item_21_BEV,35,8,280,Digital Wallet,In-Store,11/12/2022,TRUE
TXN_9268865,CUST_10,Butchers,Item_15_BUT,26,10,260,Digital Wallet,In-Store,7/6/2023,FALSE
TXN_6429558,CUST_05,Beverages,Item_5_BEV,11,8,88,Cash,Online,18/02/2024,TRUE
TXN_6156746,CUST_13,Patisserie,Item_22_PAT,36.5,3,109.5,Digital Wallet,In-Store,6/10/2024,TRUE
TXN_9889424,CUST_04,Computers And Electric Accessories,Item_23_CEA,38,2,76,Credit Card,In-Store,4/1/2025,FALSE
TXN_6231912,CUST_05,Computers And Electric Accessories,Item_20_CEA,33.5,5,167.5,Cash,In-Store,6/12/2024,TRUE
TXN_2920931,CUST_15,Butchers,Item_3_BUT,8,1,8,Cash,In-Store,18/08/2022,TRUE
TXN_9352732,CUST_05,Butchers,Item_4_BUT,9.5,4,38,Credit Card,In-Store,12/2/2022,FALSE
TXN_3609312,CUST_21,Milk Products,Item_20_MILK,33.5,5,167.5,Credit Card,Online,3/11/2024,TRUE
TXN_6752216,CUST_05,Computers And Electric Accessories,Item_17_CEA,29,5,145,Credit Card,In-Store,9/4/2023,TRUE
TXN_8739719,CUST_15,Patisserie,Item_12_PAT,21.5,7,150.5,Digital Wallet,Online,24/07/2022,FALSE
TXN_1858867,CUST_16,Food,Item_4_FOOD,9.5,10,95,Digital Wallet,Online,20/07/2022,FALSE
TXN_6400472,CUST_24,Computers And Electric Accessories,Item_1_CEA,5,4,20,Cash,In-Store,29/12/2024,FALSE
TXN_6700560,CUST_12,Patisserie,Item_5_PAT,11,4,44,Digital Wallet,Online,5/9/2022,FALSE
TXN_7779819,CUST_08,Furniture,Item_17_FUR,29,3,87,Digital Wallet,Online,30/10/2024,TRUE
TXN_2513356,CUST_06,Computers And Electric Accessories,Item_16_CEA,27.5,3,82.5,Credit Card,In-Store,4/8/2024,FALSE
TXN_6077319,CUST_12,Beverages,Item_11_BEV,20,3,60,Credit Card,Online,5/6/2024,FALSE
TXN_2459628,CUST_25,Food,Item_11_FOOD,20,8,160,Credit Card,In-Store,7/3/2024,FALSE
TXN_5761154,CUST_25,Butchers,Item_8_BUT,15.5,3,46.5,Credit Card,Online,26/02/2023,TRUE
TXN_1910146,CUST_02,Milk Products,Item_12_MILK,21.5,7,150.5,Credit Card,In-Store,3/12/2022,TRUE
TXN_6287862,CUST_15,Food,Item_11_FOOD,20,1,20,Credit Card,In-Store,7/9/2024,TRUE
TXN_6548842,CUST_06,Electric Household Essentials,Item_6_EHE,12.5,3,37.5,Cash,Online,1/6/2022,TRUE
TXN_3226837,CUST_21,Milk Products,Item_6_MILK,12.5,7,87.5,Cash,In-Store,20/08/2023,FALSE
TXN_3175190,CUST_06,Milk Products,Item_22_MILK,36.5,7,255.5,Cash,In-Store,16/03/2022,TRUE
TXN_5410939,CUST_03,Food,Item_3_FOOD,8,7,56,Credit Card,In-Store,26/10/2024,FALSE
TXN_4523627,CUST_23,Patisserie,Item_9_PAT,17,8,136,Credit Card,Online,27/12/2022,TRUE
TXN_5926411,CUST_06,Furniture,Item_25_FUR,41,3,123,Credit Card,In-Store,26/12/2024,FALSE
TXN_8403668,CUST_22,Furniture,Item_23_FUR,38,3,114,Credit Card,In-Store,27/04/2024,FALSE
TXN_1632221,CUST_18,Furniture,Item_4_FUR,9.5,1,9.5,Credit Card,Online,4/9/2022,TRUE
TXN_4684340,CUST_04,Butchers,Item_15_BUT,26,10,260,Credit Card,Online,30/01/2022,FALSE
TXN_4719168,CUST_01,Food,Item_19_FOOD,32,3,96,Credit Card,Online,30/10/2022,FALSE
TXN_7421983,CUST_05,Patisserie,Item_11_PAT,20,10,200,Credit Card,Online,17/09/2022,TRUE
TXN_6944260,CUST_25,Computers And Electric Accessories,Item_19_CEA,32,8,256,Cash,Online,3/2/2023,TRUE
TXN_1034189,CUST_25,Beverages,Item_16_BEV,27.5,2,55,Cash,In-Store,8/2/2022,TRUE
TXN_2705106,CUST_24,Food,Item_7_FOOD,14,10,140,Cash,In-Store,5/10/2024,FALSE
TXN_9155538,CUST_05,Food,Item_8_FOOD,15.5,6,93,Credit Card,Online,4/8/2024,TRUE
TXN_4783588,CUST_19,Food,Item_24_FOOD,39.5,1,39.5,Credit Card,In-Store,31/12/2023,TRUE
TXN_1164547,CUST_10,Computers And Electric Accessories,Item_22_CEA,36.5,7,255.5,Cash,Online,9/12/2023,FALSE
TXN_6562777,CUST_01,Butchers,Item_2_BUT,6.5,8,52,Credit Card,Online,9/12/2022,TRUE
TXN_3133105,CUST_13,Electric Household Essentials,Item_9_EHE,17,4,68,Cash,In-Store,5/3/2022,TRUE
TXN_8747203,CUST_17,Butchers,Item_4_BUT,9.5,6,57,Cash,Online,16/10/2022,FALSE
TXN_5250994,CUST_03,Food,Item_13_FOOD,23,3,69,Credit Card,Online,28/08/2022,FALSE
TXN_6162358,CUST_05,Butchers,Item_7_BUT,14,10,140,Cash,Online,4/7/2022,FALSE
TXN_4269120,CUST_06,Patisserie,Item_14_PAT,24.5,1,24.5,Credit Card,In-Store,13/02/2023,TRUE
TXN_2893014,CUST_07,Furniture,Item_6_FUR,12.5,9,112.5,Digital Wallet,Online,29/06/2023,TRUE
TXN_2406868,CUST_25,Furniture,Item_19_FUR,32,3,96,Digital Wallet,In-Store,12/7/2023,FALSE
TXN_9759459,CUST_22,Patisserie,Item_13_PAT,23,2,46,Credit Card,In-Store,7/1/2022,TRUE
TXN_4632830,CUST_09,Furniture,Item_4_FUR,9.5,6,57,Credit Card,In-Store,9/5/2023,FALSE
TXN_6185003,CUST_20,Electric Household Essentials,Item_23_EHE,38,8,304,Digital Wallet,In-Store,30/06/2023,TRUE
TXN_6698554,CUST_21,Food,Item_8_FOOD,15.5,6,93,Credit Card,In-Store,6/12/2023,TRUE
TXN_7515623,CUST_22,Food,Item_1_FOOD,5,7,35,Cash,In-Store,13/07/2024,FALSE
TXN_6187845,CUST_21,Computers And Electric Accessories,Item_6_CEA,12.5,3,37.5,Digital Wallet,In-Store,11/7/2023,TRUE
TXN_1712389,CUST_16,Beverages,Item_21_BEV,35,8,280,Credit Card,Online,27/10/2022,TRUE
TXN_3922319,CUST_17,Milk Products,Item_5_MILK,11,8,88,Credit Card,In-Store,7/4/2023,FALSE
TXN_8310704,CUST_18,Food,Item_1_FOOD,5,4,20,Digital Wallet,Online,16/12/2023,TRUE
TXN_1821468,CUST_14,Electric Household Essentials,Item_7_EHE,14,5,70,Digital Wallet,Online,15/04/2023,FALSE
TXN_4637114,CUST_09,Milk Products,Item_19_MILK,32,9,288,Credit Card,Online,8/3/2022,TRUE
TXN_7684251,CUST_23,Food,Item_5_FOOD,11,8,88,Digital Wallet,In-Store,21/09/2023,TRUE
TXN_2409097,CUST_25,Electric Household Essentials,Item_24_EHE,39.5,1,39.5,Digital Wallet,In-Store,1/1/2023,FALSE
TXN_6175706,CUST_19,Patisserie,Item_5_PAT,11,7,77,Digital Wallet,Online,18/04/2022,FALSE
TXN_2523425,CUST_04,Electric Household Essentials,Item_19_EHE,32,10,320,Digital Wallet,In-Store,16/12/2022,TRUE
TXN_2266891,CUST_09,Electric Household Essentials,Item_21_EHE,35,1,35,Credit Card,In-Store,31/12/2023,TRUE
TXN_8845175,CUST_06,Food,Item_19_FOOD,32,7,224,Digital Wallet,In-Store,5/10/2023,FALSE
TXN_4974375,CUST_18,Butchers,Item_6_BUT,12.5,7,87.5,Cash,In-Store,19/03/2022,TRUE
TXN_6276845,CUST_17,Computers And Electric Accessories,Item_7_CEA,14,9,126,Credit Card,Online,22/12/2023,FALSE
TXN_4915355,CUST_14,Electric Household Essentials,Item_6_EHE,12.5,7,87.5,Cash,Online,13/12/2022,TRUE
TXN_3584985,CUST_02,Computers And Electric Accessories,Item_16_CEA,27.5,2,55,Cash,Online,22/11/2024,FALSE
TXN_3249244,CUST_20,Food,Item_22_FOOD,36.5,4,146,Digital Wallet,In-Store,16/07/2022,FALSE
TXN_6360517,CUST_16,Furniture,Item_17_FUR,29,8,232,Credit Card,Online,11/8/2023,TRUE
TXN_3788122,CUST_24,Milk Products,Item_19_MILK,32,7,224,Cash,Online,24/12/2024,FALSE
TXN_7218983,CUST_09,Milk Products,Item_21_MILK,35,6,210,Digital Wallet,In-Store,2/9/2022,TRUE
TXN_8716794,CUST_13,Food,Item_25_FOOD,41,10,410,Cash,Online,29/05/2024,FALSE
TXN_3466324,CUST_02,Beverages,Item_15_BEV,26,4,104,Digital Wallet,Online,5/9/2022,FALSE
TXN_7086312,CUST_24,Butchers,Item_11_BUT,20,2,40,Credit Card,In-Store,21/03/2022,TRUE
TXN_7451771,CUST_04,Electric Household Essentials,Item_6_EHE,12.5,3,37.5,Cash,Online,3/11/2024,FALSE
TXN_3435040,CUST_12,Patisserie,Item_1_PAT,5,6,30,Digital Wallet,In-Store,26/04/2024,FALSE
TXN_6287586,CUST_15,Patisserie,Item_2_PAT,6.5,5,32.5,Digital Wallet,In-Store,25/03/2022,FALSE
TXN_3465412,CUST_16,Patisserie,Item_22_PAT,36.5,7,255.5,Cash,Online,11/6/2023,FALSE
TXN_3465568,CUST_06,Computers And Electric Accessories,Item_9_CEA,17,9,153,Digital Wallet,In-Store,21/12/2024,TRUE
TXN_1107138,CUST_16,Beverages,Item_10_BEV,18.5,2,37,Cash,Online,8/7/2023,TRUE
TXN_2841599,CUST_13,Patisserie,Item_2_PAT,6.5,9,58.5,Digital Wallet,In-Store,5/7/2024,TRUE
TXN_5569617,CUST_16,Milk Products,Item_5_MILK,11,7,77,Digital Wallet,In-Store,3/7/2022,FALSE
TXN_1027353,CUST_06,Beverages,Item_16_BEV,27.5,8,220,Credit Card,In-Store,4/5/2024,TRUE
TXN_1806496,CUST_23,Furniture,Item_15_FUR,26,8,208,Digital Wallet,Online,9/5/2024,FALSE
TXN_5701600,CUST_18,Computers And Electric Accessories,Item_1_CEA,5,5,25,Credit Card,In-Store,1/6/2022,TRUE
TXN_4636705,CUST_16,Milk Products,Item_4_MILK,9.5,5,47.5,Cash,Online,13/03/2023,FALSE
TXN_9740238,CUST_20,Computers And Electric Accessories,Item_7_CEA,14,7,98,Cash,In-Store,14/01/2022,FALSE
TXN_5659774,CUST_25,Butchers,Item_1_BUT,5,10,50,Credit Card,In-Store,4/1/2025,FALSE
TXN_6366734,CUST_17,Food,Item_18_FOOD,30.5,4,122,Digital Wallet,In-Store,29/04/2024,FALSE
TXN_7034182,CUST_04,Beverages,Item_17_BEV,29,4,116,Cash,In-Store,9/5/2022,FALSE
TXN_6008262,CUST_11,Furniture,Item_6_FUR,12.5,2,25,Credit Card,In-Store,24/11/2022,FALSE
TXN_9504371,CUST_22,Butchers,Item_1_BUT,5,3,15,Credit Card,Online,14/06/2024,FALSE
TXN_9825203,CUST_20,Furniture,Item_15_FUR,26,3,78,Digital Wallet,In-Store,16/04/2023,FALSE
TXN_6798539,CUST_23,Beverages,Item_24_BEV,39.5,9,355.5,Cash,Online,1/6/2024,TRUE
TXN_8470431,CUST_15,Patisserie,Item_5_PAT,11,9,99,Credit Card,In-Store,19/08/2023,TRUE
TXN_8223363,CUST_03,Furniture,Item_12_FUR,21.5,10,215,Cash,In-Store,1/8/2022,FALSE
TXN_7652286,CUST_17,Beverages,Item_15_BEV,26,5,130,Cash,Online,10/9/2023,FALSE
TXN_2664086,CUST_15,Electric Household Essentials,Item_7_EHE,14,5,70,Credit Card,Online,30/04/2022,TRUE
TXN_4501999,CUST_10,Beverages,Item_23_BEV,38,5,190,Cash,In-Store,12/5/2024,FALSE
TXN_3651170,CUST_25,Patisserie,Item_7_PAT,14,3,42,Digital Wallet,In-Store,21/06/2022,TRUE
TXN_8370135,CUST_25,Electric Household Essentials,Item_13_EHE,23,4,92,Credit Card,Online,30/01/2024,FALSE
TXN_4955403,CUST_21,Electric Household Essentials,Item_20_EHE,33.5,6,201,Cash,In-Store,5/1/2023,FALSE
TXN_3478143,CUST_08,Patisserie,Item_20_PAT,33.5,9,301.5,Cash,Online,12/8/2022,FALSE
TXN_4347787,CUST_15,Electric Household Essentials,Item_21_EHE,35,3,105,Digital Wallet,Online,9/12/2022,TRUE
TXN_7592178,CUST_13,Furniture,Item_5_FUR,11,9,99,Cash,Online,19/08/2022,TRUE
TXN_6636511,CUST_06,Computers And Electric Accessories,Item_20_CEA,33.5,6,201,Cash,In-Store,23/04/2024,TRUE
TXN_9995715,CUST_11,Computers And Electric Accessories,Item_8_CEA,15.5,8,124,Cash,Online,20/01/2022,TRUE
TXN_6293942,CUST_13,Beverages,Item_8_BEV,15.5,3,46.5,Digital Wallet,In-Store,5/4/2022,FALSE
TXN_9705595,CUST_11,Patisserie,Item_19_PAT,32,10,320,Cash,In-Store,15/01/2022,TRUE
TXN_8036462,CUST_23,Computers And Electric Accessories,Item_11_CEA,20,7,140,Credit Card,Online,17/11/2022,FALSE
TXN_4865362,CUST_18,Butchers,Item_2_BUT,6.5,5,32.5,Credit Card,Online,30/01/2022,TRUE
TXN_2828079,CUST_24,Food,Item_25_FOOD,41,7,287,Cash,In-Store,5/1/2023,TRUE
TXN_9413455,CUST_21,Butchers,Item_23_BUT,38,9,342,Credit Card,In-Store,26/03/2023,TRUE
TXN_4683473,CUST_10,Patisserie,Item_15_PAT,26,9,234,Credit Card,Online,8/4/2023,FALSE
TXN_1045345,CUST_24,Electric Household Essentials,Item_4_EHE,9.5,4,38,Credit Card,Online,18/12/2023,FALSE
TXN_8294650,CUST_08,Computers And Electric Accessories,Item_13_CEA,23,8,184,Cash,Online,18/11/2023,FALSE
TXN_3106778,CUST_17,Food,Item_15_FOOD,26,1,26,Credit Card,In-Store,6/9/2024,TRUE
TXN_1334624,CUST_19,Patisserie,Item_12_PAT,21.5,2,43,Cash,Online,21/05/2022,FALSE
TXN_5962064,CUST_21,Food,Item_2_FOOD,6.5,1,6.5,Digital Wallet,In-Store,8/11/2022,FALSE
TXN_5501865,CUST_21,Beverages,Item_10_BEV,18.5,10,185,Digital Wallet,In-Store,20/02/2022,FALSE
TXN_1674512,CUST_21,Electric Household Essentials,Item_23_EHE,38,1,38,Cash,Online,4/1/2024,TRUE
TXN_8291928,CUST_02,Food,Item_9_FOOD,17,10,170,Credit Card,In-Store,18/09/2024,FALSE
TXN_8552795,CUST_06,Beverages,Item_25_BEV,41,6,246,Digital Wallet,Online,21/02/2022,TRUE
TXN_7051038,CUST_25,Patisserie,Item_18_PAT,30.5,4,122,Cash,In-Store,19/01/2023,FALSE
TXN_2496499,CUST_06,Patisserie,Item_3_PAT,8,2,16,Credit Card,In-Store,25/12/2023,TRUE
TXN_9261462,CUST_16,Patisserie,Item_24_PAT,39.5,6,237,Credit Card,In-Store,1/2/2022,FALSE
TXN_4611340,CUST_21,Furniture,Item_12_FUR,21.5,1,21.5,Cash,In-Store,8/6/2023,TRUE
TXN_7194488,CUST_13,Butchers,Item_21_BUT,35,1,35,Credit Card,In-Store,13/05/2023,TRUE
TXN_5465898,CUST_14,Computers And Electric Accessories,Item_8_CEA,15.5,9,139.5,Cash,Online,26/12/2024,FALSE
TXN_8878406,CUST_12,Patisserie,Item_17_PAT,29,9,261,Digital Wallet,Online,18/12/2022,TRUE
TXN_8866842,CUST_11,Computers And Electric Accessories,Item_14_CEA,24.5,10,245,Cash,In-Store,1/4/2023,TRUE
TXN_7866322,CUST_20,Beverages,Item_9_BEV,17,9,153,Cash,Online,11/9/2022,TRUE
TXN_1738985,CUST_22,Food,Item_5_FOOD,11,5,55,Cash,In-Store,14/01/2022,TRUE
TXN_4249164,CUST_09,Electric Household Essentials,Item_2_EHE,6.5,8,52,Digital Wallet,In-Store,7/6/2024,FALSE
TXN_8501609,CUST_16,Milk Products,Item_22_MILK,36.5,9,328.5,Credit Card,Online,29/11/2022,TRUE
TXN_4430201,CUST_25,Furniture,Item_12_FUR,21.5,4,86,Credit Card,In-Store,3/11/2023,TRUE
TXN_9938453,CUST_21,Butchers,Item_8_BUT,15.5,4,62,Cash,Online,9/9/2022,FALSE
TXN_3394209,CUST_07,Furniture,Item_8_FUR,15.5,3,46.5,Digital Wallet,Online,9/7/2024,TRUE
TXN_5612604,CUST_03,Beverages,Item_7_BEV,14,5,70,Digital Wallet,Online,23/08/2024,FALSE
TXN_7186220,CUST_17,Furniture,Item_7_FUR,14,5,70,Cash,Online,18/07/2024,TRUE
TXN_8921373,CUST_23,Butchers,Item_21_BUT,35,9,315,Digital Wallet,Online,24/08/2022,TRUE
TXN_6614992,CUST_21,Furniture,Item_16_FUR,27.5,6,165,Cash,Online,20/12/2023,FALSE
TXN_7622517,CUST_02,Electric Household Essentials,Item_8_EHE,15.5,1,15.5,Credit Card,In-Store,15/04/2022,TRUE
TXN_7160397,CUST_21,Patisserie,Item_19_PAT,32,6,192,Cash,In-Store,23/01/2024,TRUE
TXN_9344133,CUST_13,Beverages,Item_15_BEV,26,2,52,Cash,Online,27/03/2024,FALSE
TXN_5500210,CUST_14,Electric Household Essentials,Item_16_EHE,27.5,9,247.5,Credit Card,Online,23/01/2022,FALSE
TXN_6622369,CUST_04,Butchers,Item_5_BUT,11,7,77,Credit Card,Online,8/10/2023,FALSE
TXN_2561337,CUST_20,Furniture,Item_25_FUR,41,3,123,Credit Card,Online,27/03/2024,TRUE
TXN_1667308,CUST_04,Patisserie,Item_19_PAT,32,1,32,Cash,In-Store,26/12/2024,TRUE
TXN_4551815,CUST_25,Computers And Electric Accessories,Item_10_CEA,18.5,10,185,Cash,Online,19/01/2024,TRUE
TXN_8138219,CUST_04,Butchers,Item_11_BUT,20,6,120,Digital Wallet,Online,3/6/2022,FALSE
TXN_6780976,CUST_13,Computers And Electric Accessories,Item_25_CEA,41,1,41,Credit Card,In-Store,13/03/2023,TRUE
TXN_7691237,CUST_01,Electric Household Essentials,Item_11_EHE,20,4,80,Cash,In-Store,12/1/2025,FALSE
TXN_2519908,CUST_17,Electric Household Essentials,Item_19_EHE,32,3,96,Digital Wallet,In-Store,13/01/2022,FALSE
TXN_1990907,CUST_18,Furniture,Item_8_FUR,15.5,6,93,Digital Wallet,In-Store,2/8/2023,TRUE
TXN_8169294,CUST_08,Food,Item_2_FOOD,6.5,4,26,Cash,Online,5/6/2022,TRUE
TXN_5731969,CUST_16,Electric Household Essentials,Item_6_EHE,12.5,4,50,Cash,In-Store,22/04/2022,TRUE
TXN_9097911,CUST_25,Patisserie,Item_24_PAT,39.5,7,276.5,Credit Card,Online,5/5/2022,TRUE
TXN_2206422,CUST_21,Computers And Electric Accessories,Item_23_CEA,38,10,380,Credit Card,Online,24/03/2024,TRUE
TXN_5856641,CUST_25,Milk Products,Item_19_MILK,32,5,160,Credit Card,In-Store,7/2/2023,FALSE
TXN_5034759,CUST_10,Milk Products,Item_22_MILK,36.5,9,328.5,Cash,In-Store,26/12/2024,TRUE
TXN_5765739,CUST_03,Beverages,Item_16_BEV,27.5,6,165,Digital Wallet,Online,6/7/2022,TRUE
TXN_1679032,CUST_01,Electric Household Essentials,Item_2_EHE,6.5,6,39,Cash,In-Store,7/1/2023,TRUE
TXN_7618002,CUST_02,Butchers,Item_2_BUT,6.5,5,32.5,Credit Card,Online,12/6/2023,FALSE
TXN_8229936,CUST_17,Furniture,Item_18_FUR,30.5,9,274.5,Cash,Online,27/04/2024,FALSE
TXN_9945795,CUST_04,Beverages,Item_16_BEV,27.5,7,192.5,Cash,Online,22/05/2022,FALSE
TXN_8417758,CUST_14,Computers And Electric Accessories,Item_25_CEA,41,5,205,Digital Wallet,In-Store,28/04/2022,TRUE
TXN_6233251,CUST_08,Furniture,Item_22_FUR,36.5,2,73,Digital Wallet,Online,26/05/2024,TRUE
TXN_4044183,CUST_03,Beverages,Item_1_BEV,5,4,20,Digital Wallet,In-Store,31/07/2023,FALSE
TXN_7254324,CUST_01,Electric Household Essentials,Item_23_EHE,38,10,380,Digital Wallet,Online,8/2/2024,FALSE
TXN_3206331,CUST_22,Beverages,Item_15_BEV,26,9,234,Digital Wallet,In-Store,4/1/2023,TRUE
TXN_1870960,CUST_06,Milk Products,Item_13_MILK,23,5,115,Cash,In-Store,8/7/2024,FALSE
TXN_8529373,CUST_24,Butchers,Item_24_BUT,39.5,6,237,Credit Card,In-Store,1/1/2022,TRUE
TXN_1102033,CUST_01,Computers And Electric Accessories,Item_13_CEA,23,10,230,Digital Wallet,In-Store,17/04/2022,FALSE
TXN_7054732,CUST_18,Patisserie,Item_17_PAT,29,8,232,Credit Card,In-Store,24/01/2024,TRUE
TXN_4332290,CUST_04,Furniture,Item_3_FUR,8,8,64,Cash,In-Store,11/9/2024,TRUE
TXN_9986809,CUST_10,Beverages,Item_6_BEV,12.5,6,75,Credit Card,Online,20/08/2022,TRUE
TXN_1077412,CUST_07,Electric Household Essentials,Item_9_EHE,17,3,51,Cash,Online,2/6/2024,TRUE
TXN_2329051,CUST_11,Butchers,Item_7_BUT,14,2,28,Digital Wallet,Online,11/4/2024,TRUE
TXN_5617475,CUST_12,Beverages,Item_3_BEV,8,5,40,Cash,Online,30/09/2023,FALSE
TXN_6634398,CUST_08,Butchers,Item_19_BUT,32,9,288,Credit Card,In-Store,24/01/2024,FALSE
TXN_7350591,CUST_02,Beverages,Item_23_BEV,38,3,114,Digital Wallet,In-Store,4/7/2022,FALSE
TXN_6868345,CUST_25,Beverages,Item_6_BEV,12.5,6,75,Credit Card,Online,16/11/2023,TRUE
TXN_5655357,CUST_06,Patisserie,Item_11_PAT,20,10,200,Digital Wallet,Online,28/09/2024,FALSE
TXN_4077402,CUST_07,Butchers,Item_23_BUT,38,1,38,Credit Card,In-Store,9/2/2024,FALSE
TXN_1095513,CUST_03,Food,Item_24_FOOD,39.5,1,39.5,Credit Card,Online,4/8/2022,FALSE
TXN_4388498,CUST_05,Computers And Electric Accessories,Item_25_CEA,41,1,41,Digital Wallet,Online,9/12/2023,TRUE
TXN_6079647,CUST_12,Beverages,Item_14_BEV,24.5,2,49,Cash,In-Store,8/10/2022,TRUE
TXN_4882057,CUST_09,Butchers,Item_25_BUT,41,5,205,Cash,In-Store,7/2/2023,TRUE
TXN_7867899,CUST_05,Butchers,Item_24_BUT,39.5,6,237,Credit Card,Online,11/8/2022,FALSE
TXN_6179500,CUST_02,Butchers,Item_8_BUT,15.5,4,62,Credit Card,In-Store,15/06/2022,FALSE
TXN_4655797,CUST_16,Patisserie,Item_20_PAT,33.5,2,67,Digital Wallet,In-Store,1/5/2024,FALSE
TXN_1595061,CUST_14,Milk Products,Item_23_MILK,38,3,114,Digital Wallet,Online,24/09/2022,FALSE
TXN_1143957,CUST_06,Milk Products,Item_23_MILK,38,7,266,Cash,Online,27/04/2024,FALSE
TXN_8574907,CUST_14,Patisserie,Item_4_PAT,9.5,9,85.5,Digital Wallet,In-Store,16/06/2024,FALSE
TXN_2704600,CUST_17,Electric Household Essentials,Item_22_EHE,36.5,9,328.5,Credit Card,In-Store,26/07/2022,TRUE
TXN_7901897,CUST_06,Furniture,Item_17_FUR,29,3,87,Cash,Online,28/02/2023,FALSE
TXN_9724017,CUST_16,Computers And Electric Accessories,Item_9_CEA,17,2,34,Credit Card,Online,3/12/2023,FALSE
TXN_1217844,CUST_03,Computers And Electric Accessories,Item_14_CEA,24.5,8,196,Credit Card,In-Store,30/04/2022,FALSE
TXN_1602301,CUST_21,Computers And Electric Accessories,Item_7_CEA,14,6,84,Credit Card,In-Store,26/08/2023,FALSE
TXN_2651294,CUST_19,Patisserie,Item_8_PAT,15.5,2,31,Credit Card,In-Store,18/11/2023,FALSE
TXN_7861115,CUST_05,Milk Products,Item_4_MILK,9.5,3,28.5,Credit Card,Online,24/11/2023,FALSE
TXN_8201653,CUST_06,Butchers,Item_19_BUT,32,5,160,Digital Wallet,Online,28/05/2023,FALSE
TXN_9519628,CUST_02,Electric Household Essentials,Item_19_EHE,32,3,96,Digital Wallet,In-Store,7/12/2023,TRUE
TXN_2480021,CUST_17,Computers And Electric Accessories,Item_14_CEA,24.5,6,147,Cash,In-Store,14/06/2023,FALSE
TXN_6545897,CUST_06,Patisserie,Item_18_PAT,30.5,2,61,Digital Wallet,In-Store,7/1/2022,FALSE
TXN_9122970,CUST_18,Food,Item_6_FOOD,12.5,7,87.5,Credit Card,Online,31/08/2024,TRUE
TXN_5746977,CUST_13,Butchers,Item_15_BUT,26,9,234,Cash,Online,15/06/2023,FALSE
TXN_8984720,CUST_06,Computers And Electric Accessories,Item_4_CEA,9.5,9,85.5,Credit Card,Online,26/01/2024,TRUE
TXN_6871081,CUST_18,Beverages,Item_23_BEV,38,6,228,Cash,Online,24/09/2023,TRUE
TXN_5254886,CUST_22,Beverages,Item_20_BEV,33.5,10,335,Digital Wallet,Online,26/05/2023,TRUE
TXN_5689168,CUST_11,Patisserie,Item_15_PAT,26,2,52,Digital Wallet,Online,24/02/2022,FALSE
TXN_6111459,CUST_14,Computers And Electric Accessories,Item_7_CEA,14,8,112,Cash,In-Store,22/05/2023,FALSE
TXN_2973718,CUST_16,Computers And Electric Accessories,Item_14_CEA,24.5,9,220.5,Credit Card,In-Store,28/05/2023,TRUE
TXN_9943430,CUST_20,Furniture,Item_1_FUR,5,5,25,Credit Card,In-Store,3/1/2022,TRUE
TXN_7490726,CUST_17,Furniture,Item_16_FUR,27.5,4,110,Digital Wallet,In-Store,1/2/2022,FALSE
TXN_9455438,CUST_17,Computers And Electric Accessories,Item_19_CEA,32,5,160,Credit Card,In-Store,1/7/2023,FALSE
TXN_3710830,CUST_13,Beverages,Item_9_BEV,17,4,68,Cash,In-Store,4/1/2022,FALSE
TXN_3314885,CUST_23,Electric Household Essentials,Item_25_EHE,41,2,82,Credit Card,Online,17/01/2024,TRUE
TXN_9988833,CUST_22,Furniture,Item_14_FUR,24.5,10,245,Cash,In-Store,12/12/2022,TRUE
TXN_8197865,CUST_10,Milk Products,Item_18_MILK,30.5,3,91.5,Digital Wallet,Online,5/1/2024,FALSE
TXN_6040995,CUST_09,Computers And Electric Accessories,Item_17_CEA,29,8,232,Digital Wallet,Online,24/07/2022,FALSE
TXN_8886498,CUST_16,Electric Household Essentials,Item_11_EHE,20,5,100,Digital Wallet,Online,15/08/2023,FALSE
TXN_4173885,CUST_09,Patisserie,Item_3_PAT,8,7,56,Cash,In-Store,15/08/2022,FALSE
TXN_6729334,CUST_17,Butchers,Item_22_BUT,36.5,9,328.5,Cash,Online,20/06/2023,TRUE
TXN_5492495,CUST_19,Furniture,Item_5_FUR,11,5,55,Digital Wallet,In-Store,7/5/2023,TRUE
TXN_7282375,CUST_17,Beverages,Item_4_BEV,9.5,7,66.5,Credit Card,Online,11/6/2024,FALSE
TXN_1422045,CUST_09,Beverages,Item_20_BEV,33.5,7,234.5,Digital Wallet,Online,17/08/2024,FALSE
TXN_9575417,CUST_04,Furniture,Item_12_FUR,21.5,2,43,Digital Wallet,In-Store,15/05/2022,FALSE
TXN_4379449,CUST_19,Patisserie,Item_15_PAT,26,7,182,Credit Card,In-Store,22/10/2023,FALSE
TXN_7964647,CUST_16,Computers And Electric Accessories,Item_7_CEA,14,9,126,Digital Wallet,Online,27/03/2022,TRUE
TXN_6563779,CUST_22,Food,Item_21_FOOD,35,1,35,Credit Card,In-Store,27/07/2023,TRUE
TXN_4062925,CUST_07,Beverages,Item_9_BEV,17,8,136,Cash,Online,10/8/2023,FALSE
TXN_7478191,CUST_02,Furniture,Item_16_FUR,27.5,2,55,Cash,In-Store,26/12/2023,TRUE
TXN_5214483,CUST_22,Computers And Electric Accessories,Item_18_CEA,30.5,2,61,Credit Card,In-Store,3/7/2022,TRUE
TXN_3972926,CUST_20,Computers And Electric Accessories,Item_25_CEA,41,8,328,Credit Card,In-Store,11/10/2022,FALSE
TXN_3348669,CUST_09,Beverages,Item_4_BEV,9.5,5,47.5,Credit Card,Online,21/02/2022,TRUE
TXN_8276463,CUST_24,Electric Household Essentials,Item_11_EHE,20,6,120,Digital Wallet,Online,27/03/2024,TRUE
TXN_9544241,CUST_15,Food,Item_7_FOOD,14,9,126,Cash,In-Store,7/7/2023,FALSE
TXN_8711676,CUST_19,Furniture,Item_14_FUR,24.5,8,196,Digital Wallet,Online,9/1/2022,TRUE
TXN_2838184,CUST_21,Computers And Electric Accessories,Item_5_CEA,11,8,88,Credit Card,Online,15/03/2022,TRUE
TXN_6500125,CUST_08,Computers And Electric Accessories,Item_20_CEA,33.5,8,268,Cash,Online,9/11/2024,FALSE
TXN_9234803,CUST_10,Butchers,Item_11_BUT,20,8,160,Cash,In-Store,14/02/2022,TRUE
TXN_2898737,CUST_11,Computers And Electric Accessories,Item_22_CEA,36.5,7,255.5,Digital Wallet,Online,8/6/2024,TRUE
TXN_6811437,CUST_23,Furniture,Item_3_FUR,8,4,32,Digital Wallet,In-Store,28/01/2024,FALSE
TXN_5586175,CUST_08,Beverages,Item_9_BEV,17,6,102,Cash,In-Store,7/1/2023,TRUE
TXN_5645945,CUST_01,Milk Products,Item_17_MILK,29,8,232,Credit Card,Online,24/01/2024,FALSE
TXN_9365217,CUST_23,Butchers,Item_20_BUT,33.5,8,268,Cash,In-Store,11/5/2024,FALSE
TXN_1287015,CUST_05,Beverages,Item_4_BEV,9.5,6,57,Digital Wallet,Online,20/04/2022,FALSE
TXN_6434836,CUST_17,Patisserie,Item_12_PAT,21.5,7,150.5,Cash,In-Store,16/05/2024,TRUE
TXN_8835062,CUST_10,Patisserie,Item_8_PAT,15.5,9,139.5,Digital Wallet,In-Store,2/11/2022,TRUE
TXN_9367468,CUST_25,Milk Products,Item_17_MILK,29,4,116,Cash,In-Store,12/7/2024,FALSE
TXN_5277679,CUST_20,Computers And Electric Accessories,Item_18_CEA,30.5,1,30.5,Credit Card,In-Store,8/6/2023,FALSE
TXN_9364068,CUST_16,Butchers,Item_18_BUT,30.5,8,244,Cash,Online,8/10/2024,FALSE
TXN_1785816,CUST_01,Milk Products,Item_24_MILK,39.5,6,237,Credit Card,In-Store,16/01/2024,TRUE
TXN_2092821,CUST_21,Electric Household Essentials,Item_7_EHE,14,6,84,Cash,In-Store,23/11/2023,TRUE
TXN_4702637,CUST_24,Computers And Electric Accessories,Item_25_CEA,41,9,369,Credit Card,In-Store,20/06/2024,TRUE
TXN_3753292,CUST_17,Electric Household Essentials,Item_5_EHE,11,8,88,Credit Card,Online,22/05/2024,TRUE
TXN_4857821,CUST_20,Beverages,Item_17_BEV,29,4,116,Cash,In-Store,2/3/2024,FALSE
TXN_1980146,CUST_18,Furniture,Item_18_FUR,30.5,8,244,Cash,Online,15/05/2022,TRUE
TXN_8658665,CUST_22,Patisserie,Item_4_PAT,9.5,5,47.5,Cash,In-Store,9/9/2022,FALSE
TXN_9100315,CUST_06,Beverages,Item_19_BEV,32,10,320,Digital Wallet,Online,11/12/2024,FALSE
TXN_6038207,CUST_02,Patisserie,Item_5_PAT,11,4,44,Digital Wallet,In-Store,26/12/2024,FALSE
TXN_9989402,CUST_05,Beverages,Item_15_BEV,26,5,130,Cash,Online,1/1/2025,FALSE
TXN_6469412,CUST_15,Beverages,Item_3_BEV,8,1,8,Digital Wallet,In-Store,4/4/2023,TRUE
TXN_7285632,CUST_04,Furniture,Item_19_FUR,32,6,192,Cash,In-Store,23/07/2024,FALSE
TXN_7402104,CUST_03,Computers And Electric Accessories,Item_5_CEA,11,8,88,Credit Card,Online,31/07/2024,FALSE
TXN_6590291,CUST_07,Patisserie,Item_7_PAT,14,3,42,Digital Wallet,Online,1/5/2022,TRUE
TXN_7304233,CUST_22,Food,Item_25_FOOD,41,6,246,Digital Wallet,In-Store,2/3/2023,FALSE
TXN_7454284,CUST_06,Computers And Electric Accessories,Item_18_CEA,30.5,6,183,Cash,In-Store,13/09/2022,FALSE
TXN_8123523,CUST_04,Milk Products,Item_21_MILK,35,10,350,Cash,Online,1/7/2022,TRUE
TXN_1913469,CUST_20,Electric Household Essentials,Item_20_EHE,33.5,2,67,Digital Wallet,Online,19/09/2022,FALSE
TXN_8008279,CUST_17,Beverages,Item_10_BEV,18.5,10,185,Cash,Online,18/11/2022,TRUE
TXN_6806342,CUST_02,Furniture,Item_3_FUR,8,8,64,Digital Wallet,In-Store,13/08/2022,TRUE
TXN_8688377,CUST_25,Milk Products,Item_12_MILK,21.5,1,21.5,Credit Card,Online,10/2/2024,TRUE
TXN_3171599,CUST_06,Patisserie,Item_12_PAT,21.5,9,193.5,Credit Card,In-Store,2/6/2023,TRUE
TXN_3457042,CUST_07,Butchers,Item_25_BUT,41,7,287,Cash,Online,6/2/2022,FALSE
TXN_7439015,CUST_17,Beverages,Item_24_BEV,39.5,2,79,Cash,In-Store,18/09/2024,TRUE
TXN_8648672,CUST_04,Electric Household Essentials,Item_2_EHE,6.5,6,39,Digital Wallet,In-Store,1/7/2022,FALSE
TXN_4193004,CUST_15,Computers And Electric Accessories,Item_4_CEA,9.5,4,38,Digital Wallet,In-Store,23/10/2023,FALSE
TXN_6609869,CUST_08,Milk Products,Item_17_MILK,29,10,290,Digital Wallet,Online,2/11/2024,FALSE
TXN_1919855,CUST_14,Food,Item_18_FOOD,30.5,5,152.5,Credit Card,In-Store,9/7/2022,TRUE
TXN_2417229,CUST_13,Computers And Electric Accessories,Item_7_CEA,14,2,28,Cash,In-Store,8/6/2022,FALSE
TXN_8573178,CUST_13,Computers And Electric Accessories,Item_8_CEA,15.5,9,139.5,Credit Card,In-Store,17/11/2023,FALSE
TXN_3876726,CUST_05,Electric Household Essentials,Item_9_EHE,17,2,34,Cash,In-Store,8/10/2024,TRUE
TXN_2251815,CUST_08,Food,Item_24_FOOD,39.5,6,237,Digital Wallet,In-Store,22/10/2023,TRUE
TXN_6109021,CUST_06,Electric Household Essentials,Item_16_EHE,27.5,1,27.5,Digital Wallet,Online,3/11/2024,TRUE
TXN_7432361,CUST_24,Computers And Electric Accessories,Item_3_CEA,8,10,80,Credit Card,Online,28/10/2023,FALSE
TXN_1961400,CUST_01,Computers And Electric Accessories,Item_8_CEA,15.5,7,108.5,Digital Wallet,In-Store,24/04/2023,FALSE
TXN_4585670,CUST_03,Food,Item_21_FOOD,35,8,280,Digital Wallet,Online,28/05/2022,TRUE
TXN_6630344,CUST_04,Milk Products,Item_7_MILK,14,8,112,Digital Wallet,In-Store,24/02/2023,TRUE
TXN_7277962,CUST_16,Computers And Electric Accessories,Item_10_CEA,18.5,1,18.5,Cash,In-Store,8/2/2022,TRUE
TXN_6608719,CUST_03,Patisserie,Item_7_PAT,14,2,28,Digital Wallet,In-Store,27/05/2022,FALSE
TXN_4795710,CUST_02,Food,Item_15_FOOD,26,8,208,Credit Card,In-Store,1/2/2023,FALSE
TXN_8911952,CUST_23,Electric Household Essentials,Item_9_EHE,17,7,119,Cash,In-Store,7/6/2024,FALSE
TXN_1135615,CUST_21,Beverages,Item_2_BEV,6.5,8,52,Digital Wallet,In-Store,25/08/2022,TRUE
TXN_5481214,CUST_14,Patisserie,Item_13_PAT,23,7,161,Credit Card,Online,16/04/2022,FALSE
TXN_4562594,CUST_19,Milk Products,Item_3_MILK,8,1,8,Credit Card,In-Store,15/12/2023,TRUE
TXN_8994166,CUST_02,Food,Item_16_FOOD,27.5,4,110,Cash,Online,26/09/2022,TRUE
TXN_8680983,CUST_02,Food,Item_24_FOOD,39.5,9,355.5,Cash,Online,29/11/2022,TRUE
TXN_5598682,CUST_13,Butchers,Item_20_BUT,33.5,5,167.5,Cash,In-Store,25/04/2022,TRUE
TXN_3389691,CUST_03,Patisserie,Item_10_PAT,18.5,2,37,Credit Card,Online,15/10/2023,FALSE
TXN_3614727,CUST_18,Computers And Electric Accessories,Item_25_CEA,41,7,287,Cash,Online,12/1/2022,TRUE
TXN_8620480,CUST_03,Electric Household Essentials,Item_4_EHE,9.5,2,19,Credit Card,Online,1/9/2023,TRUE
TXN_8637678,CUST_16,Patisserie,Item_6_PAT,12.5,2,25,Cash,Online,8/12/2023,TRUE
TXN_3887868,CUST_25,Milk Products,Item_21_MILK,35,2,70,Digital Wallet,In-Store,22/11/2024,FALSE
TXN_8141257,CUST_09,Beverages,Item_25_BEV,41,4,164,Digital Wallet,In-Store,11/1/2024,TRUE
TXN_2811659,CUST_03,Beverages,Item_2_BEV,6.5,8,52,Credit Card,Online,26/07/2022,FALSE
TXN_9993395,CUST_22,Butchers,Item_2_BUT,6.5,2,13,Credit Card,In-Store,9/2/2023,TRUE
TXN_6088854,CUST_06,Patisserie,Item_7_PAT,14,9,126,Cash,Online,17/12/2024,FALSE
TXN_2691375,CUST_13,Furniture,Item_18_FUR,30.5,10,305,Digital Wallet,In-Store,29/04/2023,FALSE
TXN_7904645,CUST_19,Patisserie,Item_25_PAT,41,6,246,Cash,In-Store,14/12/2022,TRUE
TXN_7624812,CUST_07,Furniture,Item_9_FUR,17,4,68,Credit Card,In-Store,11/2/2022,FALSE
TXN_2221764,CUST_20,Patisserie,Item_5_PAT,11,1,11,Credit Card,Online,17/11/2023,TRUE
TXN_4281742,CUST_13,Electric Household Essentials,Item_2_EHE,6.5,6,39,Digital Wallet,Online,22/04/2024,FALSE
TXN_5407015,CUST_22,Milk Products,Item_4_MILK,9.5,5,47.5,Digital Wallet,In-Store,10/7/2023,FALSE
TXN_1219590,CUST_25,Food,Item_23_FOOD,38,3,114,Credit Card,Online,16/01/2024,TRUE
TXN_9276040,CUST_20,Food,Item_23_FOOD,38,10,380,Digital Wallet,In-Store,9/12/2023,FALSE
TXN_8666461,CUST_20,Food,Item_5_FOOD,11,7,77,Credit Card,In-Store,13/01/2024,FALSE
TXN_4914355,CUST_17,Patisserie,Item_9_PAT,17,1,17,Cash,Online,7/4/2023,TRUE
TXN_4245153,CUST_08,Beverages,Item_19_BEV,32,10,320,Cash,In-Store,20/08/2024,FALSE
TXN_5581558,CUST_09,Computers And Electric Accessories,Item_5_CEA,11,8,88,Digital Wallet,In-Store,22/09/2022,FALSE
TXN_5269978,CUST_17,Food,Item_21_FOOD,35,6,210,Digital Wallet,Online,30/03/2024,TRUE
TXN_4007615,CUST_18,Computers And Electric Accessories,Item_10_CEA,18.5,7,129.5,Cash,In-Store,8/1/2025,TRUE
TXN_5061512,CUST_21,Beverages,Item_20_BEV,33.5,10,335,Credit Card,Online,19/03/2024,FALSE
TXN_4845406,CUST_01,Butchers,Item_11_BUT,20,2,40,Digital Wallet,In-Store,16/02/2024,FALSE
TXN_9736193,CUST_10,Milk Products,Item_12_MILK,21.5,8,172,Cash,In-Store,28/05/2024,FALSE
TXN_6162781,CUST_09,Butchers,Item_13_BUT,23,10,230,Credit Card,Online,27/02/2022,FALSE
TXN_1780281,CUST_16,Food,Item_23_FOOD,38,2,76,Cash,Online,7/12/2024,FALSE
TXN_3003224,CUST_24,Food,Item_9_FOOD,17,9,153,Cash,In-Store,29/05/2024,TRUE
TXN_7595390,CUST_14,Butchers,Item_13_BUT,23,6,138,Credit Card,In-Store,8/4/2023,FALSE
TXN_5770406,CUST_04,Milk Products,Item_18_MILK,30.5,7,213.5,Digital Wallet,In-Store,27/08/2022,FALSE
TXN_6956096,CUST_03,Patisserie,Item_22_PAT,36.5,4,146,Credit Card,Online,2/5/2022,TRUE
TXN_1838690,CUST_20,Furniture,Item_21_FUR,35,8,280,Cash,Online,20/09/2024,TRUE
TXN_2210266,CUST_11,Furniture,Item_4_FUR,9.5,2,19,Credit Card,In-Store,8/2/2024,FALSE
TXN_8429586,CUST_19,Milk Products,Item_7_MILK,14,4,56,Digital Wallet,Online,5/2/2023,FALSE
TXN_2017195,CUST_19,Patisserie,Item_3_PAT,8,4,32,Cash,In-Store,27/03/2023,FALSE
TXN_2210332,CUST_23,Food,Item_8_FOOD,15.5,4,62,Digital Wallet,In-Store,8/11/2024,TRUE
TXN_2569828,CUST_24,Beverages,Item_9_BEV,17,2,34,Credit Card,Online,29/09/2023,TRUE
TXN_1978587,CUST_12,Patisserie,Item_14_PAT,24.5,6,147,Cash,Online,5/3/2022,FALSE
TXN_6604135,CUST_22,Electric Household Essentials,Item_14_EHE,24.5,8,196,Credit Card,Online,15/01/2023,TRUE
TXN_6546571,CUST_09,Butchers,Item_6_BUT,12.5,5,62.5,Digital Wallet,Online,28/07/2023,TRUE
TXN_8641832,CUST_03,Furniture,Item_25_FUR,41,6,246,Cash,In-Store,18/08/2024,TRUE
TXN_5350553,CUST_03,Electric Household Essentials,Item_10_EHE,18.5,6,111,Cash,Online,31/07/2022,FALSE
TXN_3604177,CUST_13,Food,Item_22_FOOD,36.5,7,255.5,Cash,Online,1/5/2022,FALSE
TXN_3336876,CUST_10,Patisserie,Item_13_PAT,23,10,230,Credit Card,In-Store,25/07/2024,FALSE
TXN_9466734,CUST_15,Milk Products,Item_10_MILK,18.5,8,148,Digital Wallet,Online,10/11/2023,FALSE
TXN_8435121,CUST_25,Computers And Electric Accessories,Item_18_CEA,30.5,10,305,Cash,In-Store,20/11/2024,FALSE
TXN_4972248,CUST_03,Beverages,Item_3_BEV,8,1,8,Cash,In-Store,9/1/2023,FALSE
TXN_8765485,CUST_02,Milk Products,Item_8_MILK,15.5,6,93,Cash,In-Store,15/09/2022,TRUE
TXN_5071954,CUST_09,Electric Household Essentials,Item_15_EHE,26,7,182,Credit Card,In-Store,4/12/2022,TRUE
TXN_1017199,CUST_02,Electric Household Essentials,Item_6_EHE,12.5,7,87.5,Cash,In-Store,14/01/2024,TRUE
TXN_1790105,CUST_25,Furniture,Item_11_FUR,20,7,140,Credit Card,In-Store,10/8/2022,TRUE
TXN_5490508,CUST_08,Food,Item_12_FOOD,21.5,1,21.5,Cash,Online,28/05/2023,TRUE
TXN_4901726,CUST_24,Electric Household Essentials,Item_21_EHE,35,10,350,Credit Card,Online,14/12/2023,FALSE
TXN_6096297,CUST_24,Milk Products,Item_20_MILK,33.5,10,335,Cash,Online,24/05/2024,TRUE
TXN_2163609,CUST_25,Milk Products,Item_7_MILK,14,6,84,Credit Card,In-Store,18/09/2023,TRUE
TXN_3831310,CUST_22,Patisserie,Item_8_PAT,15.5,4,62,Credit Card,Online,12/1/2023,FALSE
TXN_2843740,CUST_19,Patisserie,Item_4_PAT,9.5,5,47.5,Credit Card,In-Store,6/5/2024,TRUE
TXN_7426702,CUST_04,Patisserie,Item_20_PAT,33.5,7,234.5,Cash,In-Store,17/11/2023,TRUE
TXN_7938026,CUST_13,Butchers,Item_3_BUT,8,1,8,Digital Wallet,In-Store,18/02/2023,FALSE
TXN_8011504,CUST_20,Patisserie,Item_17_PAT,29,8,232,Cash,In-Store,24/07/2024,FALSE
TXN_5566685,CUST_06,Milk Products,Item_21_MILK,35,1,35,Cash,In-Store,7/12/2023,FALSE
TXN_2691157,CUST_14,Patisserie,Item_25_PAT,41,8,328,Credit Card,In-Store,11/11/2024,TRUE
TXN_1407563,CUST_23,Electric Household Essentials,Item_15_EHE,26,1,26,Credit Card,In-Store,12/9/2024,TRUE
TXN_9974710,CUST_20,Furniture,Item_10_FUR,18.5,3,55.5,Digital Wallet,In-Store,6/11/2024,FALSE
TXN_7662644,CUST_06,Patisserie,Item_2_PAT,6.5,8,52,Cash,In-Store,13/07/2023,FALSE
TXN_9770361,CUST_25,Furniture,Item_14_FUR,24.5,6,147,Cash,Online,18/05/2022,FALSE
TXN_2798740,CUST_05,Milk Products,Item_1_MILK,5,10,50,Cash,Online,16/03/2023,TRUE
TXN_5192905,CUST_10,Butchers,Item_3_BUT,8,5,40,Credit Card,In-Store,28/03/2022,TRUE
TXN_1037036,CUST_18,Beverages,Item_24_BEV,39.5,10,395,Digital Wallet,Online,22/03/2024,FALSE
TXN_7241224,CUST_04,Electric Household Essentials,Item_9_EHE,17,7,119,Cash,Online,2/9/2024,FALSE
TXN_1595881,CUST_12,Butchers,Item_3_BUT,8,10,80,Cash,Online,22/02/2023,TRUE
TXN_6943850,CUST_08,Electric Household Essentials,Item_1_EHE,5,8,40,Credit Card,In-Store,24/05/2023,FALSE
TXN_6699940,CUST_07,Butchers,Item_11_BUT,20,9,180,Digital Wallet,In-Store,16/07/2022,FALSE
TXN_8540247,CUST_21,Butchers,Item_22_BUT,36.5,7,255.5,Digital Wallet,In-Store,18/02/2023,TRUE
TXN_8694108,CUST_16,Electric Household Essentials,Item_22_EHE,36.5,4,146,Credit Card,In-Store,20/11/2022,TRUE
TXN_1571058,CUST_06,Patisserie,Item_10_PAT,18.5,10,185,Digital Wallet,In-Store,6/6/2022,TRUE
TXN_7871362,CUST_14,Butchers,Item_8_BUT,15.5,2,31,Cash,Online,20/06/2022,TRUE
TXN_3792534,CUST_06,Patisserie,Item_9_PAT,17,6,102,Digital Wallet,Online,8/9/2023,FALSE
TXN_3846992,CUST_15,Computers And Electric Accessories,Item_7_CEA,14,9,126,Digital Wallet,Online,11/12/2023,TRUE
TXN_7102203,CUST_12,Milk Products,Item_20_MILK,33.5,2,67,Cash,In-Store,11/11/2022,TRUE
TXN_2056215,CUST_24,Food,Item_18_FOOD,30.5,3,91.5,Cash,Online,13/02/2023,TRUE
TXN_9847297,CUST_25,Milk Products,Item_23_MILK,38,7,266,Cash,Online,11/12/2023,TRUE
TXN_1820052,CUST_09,Beverages,Item_18_BEV,30.5,6,183,Credit Card,Online,5/9/2023,TRUE
TXN_1748782,CUST_22,Food,Item_18_FOOD,30.5,4,122,Digital Wallet,In-Store,23/11/2022,FALSE
TXN_1550222,CUST_10,Beverages,Item_24_BEV,39.5,8,316,Cash,Online,3/2/2023,FALSE
TXN_8385458,CUST_17,Electric Household Essentials,Item_9_EHE,17,8,136,Digital Wallet,In-Store,18/06/2022,FALSE
TXN_6213133,CUST_08,Milk Products,Item_20_MILK,33.5,5,167.5,Digital Wallet,Online,10/3/2022,FALSE
TXN_6480679,CUST_13,Butchers,Item_23_BUT,38,9,342,Credit Card,In-Store,10/4/2024,FALSE
TXN_2713911,CUST_20,Patisserie,Item_21_PAT,35,5,175,Cash,In-Store,21/12/2024,TRUE
TXN_9273608,CUST_22,Butchers,Item_8_BUT,15.5,8,124,Cash,Online,19/03/2023,FALSE
TXN_7989998,CUST_10,Computers And Electric Accessories,Item_2_CEA,6.5,1,6.5,Digital Wallet,Online,22/07/2024,FALSE
TXN_9632054,CUST_16,Patisserie,Item_15_PAT,26,9,234,Digital Wallet,Online,14/12/2023,FALSE
TXN_8613508,CUST_08,Butchers,Item_7_BUT,14,1,14,Cash,Online,24/11/2024,TRUE
TXN_9791556,CUST_18,Furniture,Item_25_FUR,41,10,410,Digital Wallet,In-Store,27/01/2024,FALSE
TXN_4584080,CUST_20,Butchers,Item_6_BUT,12.5,7,87.5,Cash,In-Store,3/8/2023,FALSE
TXN_1082353,CUST_02,Patisserie,Item_23_PAT,38,2,76,Cash,In-Store,5/1/2023,FALSE
TXN_1113295,CUST_11,Milk Products,Item_25_MILK,41,10,410,Digital Wallet,Online,23/08/2022,FALSE
TXN_6038542,CUST_17,Butchers,Item_19_BUT,32,4,128,Cash,In-Store,9/9/2022,FALSE
TXN_4690086,CUST_04,Beverages,Item_15_BEV,26,6,156,Credit Card,Online,30/09/2024,FALSE
TXN_8055736,CUST_15,Food,Item_1_FOOD,5,8,40,Digital Wallet,In-Store,23/11/2022,TRUE
TXN_4033083,CUST_06,Butchers,Item_10_BUT,18.5,8,148,Credit Card,In-Store,16/11/2022,TRUE
TXN_9611005,CUST_09,Food,Item_4_FOOD,9.5,5,47.5,Credit Card,Online,23/11/2024,TRUE
TXN_9717609,CUST_16,Computers And Electric Accessories,Item_8_CEA,15.5,2,31,Cash,In-Store,9/12/2022,TRUE
TXN_5171451,CUST_12,Electric Household Essentials,Item_9_EHE,17,8,136,Digital Wallet,In-Store,30/05/2022,FALSE
TXN_6424495,CUST_06,Computers And Electric Accessories,Item_3_CEA,8,9,72,Digital Wallet,In-Store,21/05/2023,FALSE
TXN_5798687,CUST_03,Beverages,Item_15_BEV,26,3,78,Digital Wallet,Online,15/03/2024,TRUE
TXN_5613029,CUST_03,Electric Household Essentials,Item_24_EHE,39.5,5,197.5,Credit Card,Online,7/11/2024,TRUE
TXN_9163687,CUST_19,Computers And Electric Accessories,Item_20_CEA,33.5,3,100.5,Digital Wallet,Online,21/06/2024,FALSE
TXN_1862637,CUST_08,Electric Household Essentials,Item_21_EHE,35,3,105,Cash,Online,27/03/2024,TRUE
TXN_1051037,CUST_14,Patisserie,Item_16_PAT,27.5,3,82.5,Credit Card,In-Store,14/06/2023,FALSE
TXN_6237980,CUST_01,Furniture,Item_13_FUR,23,8,184,Cash,Online,12/8/2024,FALSE
TXN_8074184,CUST_04,Milk Products,Item_24_MILK,39.5,2,79,Cash,Online,14/05/2024,FALSE
TXN_7739400,CUST_06,Milk Products,Item_8_MILK,15.5,2,31,Cash,In-Store,22/07/2023,FALSE
TXN_5830740,CUST_19,Electric Household Essentials,Item_10_EHE,18.5,1,18.5,Credit Card,Online,20/11/2023,FALSE
TXN_9474780,CUST_09,Computers And Electric Accessories,Item_22_CEA,36.5,9,328.5,Cash,Online,15/11/2023,TRUE
TXN_2248111,CUST_20,Furniture,Item_3_FUR,8,10,80,Digital Wallet,In-Store,25/05/2024,TRUE
TXN_9720178,CUST_25,Electric Household Essentials,Item_2_EHE,6.5,8,52,Digital Wallet,In-Store,7/2/2024,TRUE
TXN_9669469,CUST_11,Electric Household Essentials,Item_7_EHE,14,10,140,Cash,In-Store,1/7/2022,TRUE
TXN_8889008,CUST_09,Furniture,Item_8_FUR,15.5,1,15.5,Credit Card,In-Store,13/04/2022,FALSE
TXN_2403712,CUST_24,Electric Household Essentials,Item_19_EHE,32,4,128,Cash,Online,22/06/2023,TRUE
TXN_3568403,CUST_18,Electric Household Essentials,Item_21_EHE,35,3,105,Credit Card,Online,2/2/2022,FALSE
TXN_4678316,CUST_05,Butchers,Item_11_BUT,20,7,140,Credit Card,In-Store,22/10/2022,FALSE
TXN_6850372,CUST_02,Beverages,Item_9_BEV,17,5,85,Digital Wallet,In-Store,31/03/2024,TRUE
TXN_1851428,CUST_22,Electric Household Essentials,Item_23_EHE,38,5,190,Cash,In-Store,18/05/2024,TRUE
TXN_9422597,CUST_04,Milk Products,Item_2_MILK,6.5,9,58.5,Cash,Online,8/4/2024,FALSE
TXN_8564216,CUST_24,Patisserie,Item_14_PAT,24.5,3,73.5,Credit Card,In-Store,18/06/2023,TRUE
TXN_1384868,CUST_10,Furniture,Item_2_FUR,6.5,1,6.5,Credit Card,In-Store,27/09/2023,TRUE
TXN_7765690,CUST_25,Patisserie,Item_1_PAT,5,1,5,Cash,Online,3/3/2024,TRUE
TXN_1156632,CUST_05,Food,Item_15_FOOD,26,2,52,Cash,In-Store,21/06/2024,TRUE
TXN_4274237,CUST_05,Furniture,Item_19_FUR,32,7,224,Cash,In-Store,26/11/2023,TRUE
TXN_4918465,CUST_13,Butchers,Item_25_BUT,41,5,205,Credit Card,In-Store,27/01/2024,TRUE
TXN_5602350,CUST_25,Food,Item_9_FOOD,17,7,119,Credit Card,Online,3/12/2022,FALSE
TXN_4853688,CUST_21,Furniture,Item_1_FUR,5,8,40,Credit Card,Online,15/02/2023,TRUE
TXN_5832757,CUST_10,Butchers,Item_2_BUT,6.5,9,58.5,Digital Wallet,Online,22/07/2024,TRUE
TXN_5042193,CUST_19,Beverages,Item_20_BEV,33.5,7,234.5,Credit Card,Online,13/05/2024,FALSE
TXN_9556376,CUST_04,Computers And Electric Accessories,Item_11_CEA,20,4,80,Credit Card,Online,11/7/2023,FALSE
TXN_2260801,CUST_03,Food,Item_18_FOOD,30.5,8,244,Credit Card,In-Store,19/02/2022,FALSE
TXN_2937151,CUST_06,Furniture,Item_12_FUR,21.5,6,129,Credit Card,Online,24/05/2024,FALSE
TXN_7484072,CUST_02,Butchers,Item_25_BUT,41,10,410,Credit Card,In-Store,31/12/2024,FALSE
TXN_6960333,CUST_12,Computers And Electric Accessories,Item_17_CEA,29,2,58,Credit Card,Online,12/12/2024,TRUE
TXN_1712895,CUST_07,Computers And Electric Accessories,Item_2_CEA,6.5,5,32.5,Digital Wallet,In-Store,6/9/2024,FALSE
TXN_4890318,CUST_25,Butchers,Item_3_BUT,8,5,40,Credit Card,In-Store,28/03/2023,FALSE
